  0
SECTION
  2
HEADER
  9
$ACADVER
  1
AC1009
  9
$EXTMIN
 10
0.00000000
 20
-0.00000000
 30
0.0
  9
$EXTMAX
 10
1830.00024400
 20
775.00000000
 30
0.0
  0
ENDSEC
  0
SECTION
  2
TABLES
  0
TABLE
  2
LAYER
 70
1
 0
LAYER
 2
0
 70
0
 62
1
 6
CONTINUOUS
 0
ENDTAB
 0
ENDSEC
  0
SECTION
  2
ENTITIES
  0
POLYLINE
  8
0
 66
   1
 39
0.000000
 70
    0
  0
VERTEX
  8
0
 10
863.74243100
 20
721.91015600
 42
0.21555200
  0
VERTEX
  8
0
 10
848.16430600
 20
714.55481000
 42
0.27789300
  0
VERTEX
  8
0
 10
844.51245100
 20
692.33129900
 42
0.19477600
  0
VERTEX
  8
0
 10
857.05053700
 20
679.26440400
 42
0.20092200
  0
VERTEX
  8
0
 10
875.15429700
 20
678.81616200
  0
VERTEX
  8
0
 10
876.19677700
 20
679.22412100
  0
SEQEND
  0
POLYLINE
  8
0
 66
   1
 39
0.000000
 70
    0
  0
VERTEX
  8
0
 10
870.92089800
 20
748.80664100
 42
0.31389700
  0
VERTEX
  8
0
 10
842.47778300
 20
745.47412100
 42
0.14109200
  0
VERTEX
  8
0
 10
834.79296900
 20
733.36450200
 42
0.19320100
  0
VERTEX
  8
0
 10
836.05151300
 20
720.24877900
 42
0.20056400
  0
VERTEX
  8
0
 10
846.14990200
 20
711.78540000
  0
SEQEND
  0
POLYLINE
  8
0
 66
   1
 39
0.000000
 70
    0
  0
VERTEX
  8
0
 10
208.85839800
 20
395.73828100
 42
-0.10950800
  0
VERTEX
  8
0
 10
223.29931600
 20
409.03259300
 42
-0.10594200
  0
VERTEX
  8
0
 10
241.96435500
 20
415.11035200
 42
-0.06281900
  0
VERTEX
  8
0
 10
269.13330100
 20
414.44531300
 42
-0.03996300
  0
VERTEX
  8
0
 10
299.70971700
 20
407.29003900
 42
-0.02370600
  0
VERTEX
  8
0
 10
314.46679700
 20
401.78320300
  0
SEQEND
  0
POLYLINE
  8
0
 66
   1
 39
0.000000
 70
    0
  0
VERTEX
  8
0
 10
261.22998000
 20
451.33007800
 42
-0.06447000
  0
VERTEX
  8
0
 10
253.23828100
 20
460.48815900
 42
-0.08892500
  0
VERTEX
  8
0
 10
249.64892600
 20
468.71582000
 42
-0.09535800
  0
VERTEX
  8
0
 10
249.26147400
 20
477.55944800
 42
-0.07177800
  0
VERTEX
  8
0
 10
251.78955100
 20
486.04296900
  0
SEQEND
  0
POLYLINE
  8
0
 66
   1
 39
0.000000
 70
    0
  0
VERTEX
  8
0
 10
322.51025400
 20
465.83105500
 42
-0.02840700
  0
VERTEX
  8
0
 10
308.57031200
 20
475.85412600
 42
-0.04000300
  0
VERTEX
  8
0
 10
296.45800800
 20
487.36938500
 42
-0.05569800
  0
VERTEX
  8
0
 10
286.75927700
 20
500.97094700
 42
-0.07183700
  0
VERTEX
  8
0
 10
281.60400400
 20
514.47265600
 42
0.10446000
  0
VERTEX
  8
0
 10
274.60400400
 20
510.02380400
 42
0.20782000
  0
VERTEX
  8
0
 10
271.05859400
 20
501.31616200
 42
0.08143000
  0
VERTEX
  8
0
 10
272.21337900
 20
495.16601600
 42
0.05086800
  0
VERTEX
  8
0
 10
275.23095700
 20
488.91528300
 42
0.03195700
  0
VERTEX
  8
0
 10
279.27880800
 20
483.18847700
 42
0.06890500
  0
VERTEX
  8
0
 10
266.60498000
 20
487.39111300
 42
0.13753200
  0
VERTEX
  8
0
 10
251.78955100
 20
486.04296900
 42
0.05980300
  0
VERTEX
  8
0
 10
263.85717800
 20
472.36828600
 42
0.05139900
  0
VERTEX
  8
0
 10
281.63061500
 20
459.52905300
 42
0.02344100
  0
VERTEX
  8
0
 10
291.69091800
 20
454.34252900
 42
0.03287200
  0
VERTEX
  8
0
 10
313.48144500
 20
446.05566400
  0
SEQEND
  0
POLYLINE
  8
0
 66
   1
 39
0.000000
 70
    0
  0
VERTEX
  8
0
 10
281.60400400
 20
514.47265600
 42
-0.08364100
  0
VERTEX
  8
0
 10
292.52075200
 20
514.75512700
 42
-0.14656300
  0
VERTEX
  8
0
 10
305.05737300
 20
508.97412100
 42
-0.07306800
  0
VERTEX
  8
0
 10
312.20166000
 20
500.52294900
 42
-0.03054800
  0
VERTEX
  8
0
 10
312.72070300
 20
507.81054700
 42
-0.04766500
  0
VERTEX
  8
0
 10
314.40356400
 20
515.08178700
 42
-0.06510300
  0
VERTEX
  8
0
 10
317.72607400
 20
521.91247600
 42
-0.08034000
  0
VERTEX
  8
0
 10
322.86523400
 20
527.50585900
 42
-0.12481600
  0
VERTEX
  8
0
 10
336.42431600
 20
533.27148400
  0
SEQEND
  0
POLYLINE
  8
0
 66
   1
 39
0.000000
 70
    0
  0
VERTEX
  8
0
 10
386.75781200
 20
527.93750000
 42
0.09787300
  0
VERTEX
  8
0
 10
377.33374000
 20
528.58483900
 42
0.10309700
  0
VERTEX
  8
0
 10
369.24462900
 20
525.79614300
 42
0.17757800
  0
VERTEX
  8
0
 10
359.13427700
 20
513.66796900
 42
0.08547500
  0
VERTEX
  8
0
 10
356.99023400
 20
520.57519500
 42
0.02756200
  0
VERTEX
  8
0
 10
354.98193300
 20
524.02978500
 42
0.05175700
  0
VERTEX
  8
0
 10
352.37744100
 20
527.21691900
 42
-0.00033300
  0
VERTEX
  8
0
 10
351.81591800
 20
527.77612300
 42
0.22424000
  0
VERTEX
  8
0
 10
336.42431600
 20
533.27148400
 42
0.12036200
  0
VERTEX
  8
0
 10
331.33325200
 20
512.92260800
 42
0.06427600
  0
VERTEX
  8
0
 10
332.89526300
 20
500.26489300
 42
0.07034800
  0
VERTEX
  8
0
 10
339.55810500
 20
484.13012700
 42
0.05816900
  0
VERTEX
  8
0
 10
350.60791000
 20
469.54296900
  0
SEQEND
  0
POLYLINE
  8
0
 66
   1
 39
0.000000
 70
    0
  0
VERTEX
  8
0
 10
400.45556600
 20
504.27343800
 42
0.13155500
  0
VERTEX
  8
0
 10
399.34277300
 20
517.04040500
 42
0.18679300
  0
VERTEX
  8
0
 10
391.35180600
 20
526.19030800
 42
0.06010900
  0
VERTEX
  8
0
 10
386.75781200
 20
527.93750000
 42
0.14852300
  0
VERTEX
  8
0
 10
375.08740200
 20
504.78173800
 42
0.06278800
  0
VERTEX
  8
0
 10
374.36401300
 20
489.25048800
 42
0.03223800
  0
VERTEX
  8
0
 10
376.31225600
 20
475.75048800
 42
0.01629300
  0
VERTEX
  8
0
 10
378.51684600
 20
466.75610400
 42
0.00916100
  0
VERTEX
  8
0
 10
381.11767600
 20
458.08105500
  0
SEQEND
  0
POLYLINE
  8
0
 66
   1
 39
0.000000
 70
    0
  0
VERTEX
  8
0
 10
433.55957000
 20
517.79492200
 42
-0.14723500
  0
VERTEX
  8
0
 10
441.65283200
 20
498.69360400
 42
-0.14013600
  0
VERTEX
  8
0
 10
438.14111300
 20
478.65918000
  0
SEQEND
  0
POLYLINE
  8
0
 66
   1
 39
0.000000
 70
    0
  0
VERTEX
  8
0
 10
406.52832000
 20
429.38671900
 42
-0.15699400
  0
VERTEX
  8
0
 10
416.15014600
 20
492.26806700
 42
-0.06787900
  0
VERTEX
  8
0
 10
433.56494100
 20
517.78710900
 42
0.18901000
  0
VERTEX
  8
0
 10
411.08325200
 20
514.66540500
 42
0.13215700
  0
VERTEX
  8
0
 10
400.45556600
 20
504.26953100
 42
0.05953800
  0
VERTEX
  8
0
 10
394.91943300
 20
492.17077600
 42
0.04802600
  0
VERTEX
  8
0
 10
392.09130800
 20
479.16967800
 42
0.03785800
  0
VERTEX
  8
0
 10
391.53076200
 20
466.00024400
 42
0.02397200
  0
VERTEX
  8
0
 10
392.59521500
 20
452.89941400
  0
SEQEND
  0
POLYLINE
  8
0
 66
   1
 39
0.000000
 70
    0
  0
VERTEX
  8
0
 10
334.70751900
 20
470.08593800
 42
-0.05344000
  0
VERTEX
  8
0
 10
324.34716800
 20
478.18042000
 42
-0.15954800
  0
VERTEX
  8
0
 10
312.21240200
 20
501.24218800
  0
SEQEND
  0
POLYLINE
  8
0
 66
   1
 39
0.000000
 70
    0
  0
VERTEX
  8
0
 10
849.50683600
 20
606.87890600
  0
VERTEX
  8
0
 10
845.08935500
 20
622.74560600
 42
0.00468900
  0
VERTEX
  8
0
 10
844.60278300
 20
624.43200700
 42
0.16548800
  0
VERTEX
  8
0
 10
816.74584900
 20
663.59960900
 42
0.04425000
  0
VERTEX
  8
0
 10
801.86084000
 20
672.44397000
 42
0.03283800
  0
VERTEX
  8
0
 10
785.79492200
 20
678.89941400
 42
0.02620100
  0
VERTEX
  8
0
 10
777.85571300
 20
681.04492200
 42
0.16452300
  0
VERTEX
  8
0
 10
758.91040000
 20
678.86425800
 42
0.07555600
  0
VERTEX
  8
0
 10
753.41357400
 20
675.17114300
 42
0.19299000
  0
VERTEX
  8
0
 10
749.34667900
 20
666.68798800
 42
0.10003100
  0
VERTEX
  8
0
 10
750.32031200
 20
659.44775400
  0
SEQEND
  0
POLYLINE
  8
0
 66
   1
 39
0.000000
 70
    0
  0
VERTEX
  8
0
 10
868.27539000
 20
627.82080100
 42
0.18698700
  0
VERTEX
  8
0
 10
854.61865200
 20
673.47522000
 42
0.06119000
  0
VERTEX
  8
0
 10
842.83593700
 20
685.32397500
 42
0.19314400
  0
VERTEX
  8
0
 10
802.82177700
 20
703.53759800
 42
0.34986600
  0
VERTEX
  8
0
 10
772.69921900
 20
681.66479500
  0
SEQEND
  0
POLYLINE
  8
0
 66
   1
 39
0.000000
 70
    0
  0
VERTEX
  8
0
 10
966.25781200
 20
721.91015600
 42
-0.21554900
  0
VERTEX
  8
0
 10
981.83618100
 20
714.55481000
 42
-0.27789300
  0
VERTEX
  8
0
 10
985.48803700
 20
692.33129900
 42
-0.19476200
  0
VERTEX
  8
0
 10
972.94995100
 20
679.26440400
 42
-0.20092200
  0
VERTEX
  8
0
 10
954.84619100
 20
678.81616200
  0
VERTEX
  8
0
 10
953.80322200
 20
679.22412100
  0
SEQEND
  0
POLYLINE
  8
0
 66
   1
 39
0.000000
 70
    0
  0
VERTEX
  8
0
 10
959.07959000
 20
748.80664100
 42
-0.30914300
  0
VERTEX
  8
0
 10
987.18774400
 20
745.76098600
 42
-0.14552200
  0
VERTEX
  8
0
 10
995.20751900
 20
733.36450200
 42
-0.19319900
  0
VERTEX
  8
0
 10
993.94873000
 20
720.24890100
 42
-0.20057200
  0
VERTEX
  8
0
 10
983.85058600
 20
711.78540000
  0
SEQEND
  0
POLYLINE
  8
0
 66
   1
 39
0.000000
 70
    0
  0
VERTEX
  8
0
 10
733.94970700
 20
631.57983400
  0
VERTEX
  8
0
 10
732.64404300
 20
633.80615200
 42
-0.04924100
  0
VERTEX
  8
0
 10
731.22631800
 20
636.88122600
 42
-0.22326600
  0
VERTEX
  8
0
 10
732.51293900
 20
649.00439500
 42
-0.17248200
  0
VERTEX
  8
0
 10
743.29467800
 20
657.79675300
 42
-0.05604700
  0
VERTEX
  8
0
 10
750.34277300
 20
659.45080600
 42
-0.03896900
  0
VERTEX
  8
0
 10
757.22167900
 20
659.73022500
 42
-0.06429700
  0
VERTEX
  8
0
 10
773.66308600
 20
656.97998100
 42
-0.06183000
  0
VERTEX
  8
0
 10
791.81445300
 20
648.92504900
 42
-0.05293900
  0
VERTEX
  8
0
 10
814.91381800
 20
631.47656300
 42
-0.04584000
  0
VERTEX
  8
0
 10
823.81396500
 20
621.45996100
  0
VERTEX
  8
0
 10
848.12207000
 20
588.46240200
  0
SEQEND
  0
POLYLINE
  8
0
 66
   1
 39
0.000000
 70
    0
  0
VERTEX
  8
0
 10
258.57275400
 20
415.51709000
 42
-0.09953400
  0
VERTEX
  8
0
 10
240.05639600
 20
424.58496100
 42
-0.04365600
  0
VERTEX
  8
0
 10
235.54834000
 20
428.70996100
 42
-0.05327300
  0
VERTEX
  8
0
 10
232.47265600
 20
432.87548800
 42
-0.08693000
  0
VERTEX
  8
0
 10
230.66699200
 20
437.72851600
 42
-0.17902500
  0
VERTEX
  8
0
 10
232.39697200
 20
447.42382800
 42
-0.06583200
  0
VERTEX
  8
0
 10
239.69189400
 20
450.59021000
 42
-0.07770400
  0
VERTEX
  8
0
 10
252.50463800
 20
452.17273000
 42
-0.04156100
  0
VERTEX
  8
0
 10
263.72460900
 20
450.87304700
 42
0.03826100
  0
VERTEX
  8
0
 10
284.99121100
 20
440.71875000
 42
0.02814700
  0
VERTEX
  8
0
 10
310.05712900
 20
432.61425800
  0
SEQEND
  0
POLYLINE
  8
0
 66
   1
 39
0.000000
 70
    0
  0
VERTEX
  8
0
 10
704.29003900
 20
605.43896500
 42
0.00846400
  0
VERTEX
  8
0
 10
694.16748000
 20
605.61694300
 42
0.07425600
  0
VERTEX
  8
0
 10
614.91479500
 20
593.53759800
 42
0.02220000
  0
VERTEX
  8
0
 10
593.38134700
 20
585.82605000
 42
0.19770000
  0
VERTEX
  8
0
 10
448.33935500
 20
442.76855500
 42
0.04226600
  0
VERTEX
  8
0
 10
436.52075200
 20
398.75817900
 42
0.13105500
  0
VERTEX
  8
0
 10
447.82080100
 20
263.04882800
 42
0.06404000
  0
VERTEX
  8
0
 10
358.35034200
 20
330.58996600
 42
0.03580500
  0
VERTEX
  8
0
 10
306.64209000
 20
355.38378900
 42
0.08747900
  0
VERTEX
  8
0
 10
227.09423800
 20
372.37219200
 42
0.08830100
  0
VERTEX
  8
0
 10
146.55908200
 20
361.00341800
 42
0.07324900
  0
VERTEX
  8
0
 10
98.91333000
 20
337.35522500
 42
0.05657000
  0
VERTEX
  8
0
 10
70.09814400
 20
312.08691400
 42
0.19933900
  0
VERTEX
  8
0
 10
26.16406200
 20
194.87634300
 42
0.09363400
  0
VERTEX
  8
0
 10
39.89209000
 20
134.00244200
 42
-0.06934700
  0
VERTEX
  8
0
 10
51.64868100
 20
92.62695300
 42
-0.07287000
  0
VERTEX
  8
0
 10
51.34521500
 20
49.63671900
 42
-0.11317800
  0
VERTEX
  8
0
 10
42.74609400
 20
33.16687000
 42
-0.10889800
  0
VERTEX
  8
0
 10
27.92919900
 20
21.96545400
 42
-0.28308300
  0
VERTEX
  8
0
 10
6.48779300
 20
24.74218800
 42
-0.40960800
  0
VERTEX
  8
0
 10
5.68701200
 20
52.38769500
 42
-0.35359500
  0
VERTEX
  8
0
 10
27.09619100
 20
53.04199200
 42
-0.31417900
  0
VERTEX
  8
0
 10
31.77807600
 20
38.23339900
 42
-0.40806300
  0
VERTEX
  8
0
 10
20.56982400
 20
32.48632800
 42
-0.18903500
  0
VERTEX
  8
0
 10
15.46679700
 20
36.57177700
  0
SEQEND
  0
POLYLINE
  8
0
 66
   1
 39
0.000000
 70
    0
  0
VERTEX
  8
0
 10
875.94482400
 20
498.31835900
 42
-0.07810100
  0
VERTEX
  8
0
 10
867.02001900
 20
478.03955100
 42
-0.13502300
  0
VERTEX
  8
0
 10
834.11547800
 20
448.48083500
 42
-0.13285900
  0
VERTEX
  8
0
 10
797.72753900
 20
441.13171400
 42
-0.04761500
  0
VERTEX
  8
0
 10
786.25244100
 20
442.98425300
 42
-0.07566800
  0
VERTEX
  8
0
 10
774.73364200
 20
447.94018600
 42
-0.26145300
  0
VERTEX
  8
0
 10
762.65747100
 20
469.94421400
 42
-0.08264500
  0
VERTEX
  8
0
 10
763.90332000
 20
477.01342800
 42
-0.15132500
  0
VERTEX
  8
0
 10
769.90307600
 20
485.07617200
 42
-0.09837300
  0
VERTEX
  8
0
 10
772.97534200
 20
486.50244200
 42
-0.07169300
  0
VERTEX
  8
0
 10
780.21850600
 20
487.19604500
 42
-0.01004800
  0
VERTEX
  8
0
 10
787.94506800
 20
486.67285200
 42
0.14428000
  0
VERTEX
  8
0
 10
787.42919900
 20
496.84997600
 42
0.13818700
  0
VERTEX
  8
0
 10
781.57788100
 20
505.19043000
 42
0.40906300
  0
VERTEX
  8
0
 10
742.49755800
 20
501.31152400
 42
0.08975700
  0
VERTEX
  8
0
 10
736.84399400
 20
491.27185100
 42
0.13631100
  0
VERTEX
  8
0
 10
735.22509700
 20
465.54614300
 42
0.11876400
  0
VERTEX
  8
0
 10
745.52905300
 20
443.91369600
 42
0.12491600
  0
VERTEX
  8
0
 10
764.72949200
 20
429.57910200
 42
0.06041100
  0
VERTEX
  8
0
 10
777.18847600
 20
426.10388200
 42
0.05767100
  0
VERTEX
  8
0
 10
795.82788100
 20
425.42981000
 42
0.11730200
  0
VERTEX
  8
0
 10
842.23901300
 20
440.43029800
 42
0.09316900
  0
VERTEX
  8
0
 10
862.91162100
 20
459.00317400
 42
0.08594000
  0
VERTEX
  8
0
 10
873.37500000
 20
479.02380400
 42
0.12616900
  0
VERTEX
  8
0
 10
875.47680600
 20
514.56054700
 42
0.16103700
  0
VERTEX
  8
0
 10
851.65600600
 20
576.44702200
 42
0.06888600
  0
VERTEX
  8
0
 10
829.47998000
 20
596.96679700
 42
0.16528500
  0
VERTEX
  8
0
 10
717.38964800
 20
631.93725600
 42
0.02612800
  0
VERTEX
  8
0
 10
676.09912100
 20
628.80639700
 42
0.01444700
  0
VERTEX
  8
0
 10
657.87597600
 20
625.92529300
 42
0.06659100
  0
VERTEX
  8
0
 10
582.34326200
 20
605.86767600
 42
0.02460900
  0
VERTEX
  8
0
 10
557.41235300
 20
594.07739300
 42
0.17204600
  0
VERTEX
  8
0
 10
426.82763700
 20
450.79882800
 42
0.06786500
  0
VERTEX
  8
0
 10
410.10400400
 20
373.43383800
 42
0.04627000
  0
VERTEX
  8
0
 10
410.77978500
 20
323.81543000
 42
0.03917400
  0
VERTEX
  8
0
 10
348.07739200
 20
361.72460900
 42
0.02258100
  0
VERTEX
  8
0
 10
315.38916000
 20
376.33886700
 42
0.08747800
  0
VERTEX
  8
0
 10
227.91137700
 20
395.02087400
 42
0.08829600
  0
VERTEX
  8
0
 10
139.34863300
 20
382.51953100
 42
0.07337300
  0
VERTEX
  8
0
 10
85.51123000
 20
355.78222700
 42
0.05639600
  0
VERTEX
  8
0
 10
53.06103500
 20
327.30761700
 42
0.01972200
  0
VERTEX
  8
0
 10
43.10961900
 20
315.70092800
 42
0.19996400
  0
VERTEX
  8
0
 10
4.40966800
 20
178.33935600
 42
0.10053300
  0
VERTEX
  8
0
 10
28.31298800
 20
106.31445300
 42
-0.24366600
  0
VERTEX
  8
0
 10
30.61743100
 20
59.52966300
 42
-0.03438300
  0
VERTEX
  8
0
 10
27.09082000
 20
53.03564500
  0
SEQEND
  0
POLYLINE
  8
0
 66
   1
 39
0.000000
 70
    0
  0
VERTEX
  8
0
 10
11.83154300
 20
143.30468800
 42
-0.11553900
  0
VERTEX
  8
0
 10
13.31713800
 20
95.21044900
 42
-0.03570800
  0
VERTEX
  8
0
 10
8.55908200
 20
78.06103500
 42
0.37909500
  0
VERTEX
  8
0
 10
22.22460900
 20
84.61132800
 42
0.21901800
  0
VERTEX
  8
0
 10
23.98486300
 20
111.97509800
 42
0.00725200
  0
VERTEX
  8
0
 10
16.72070300
 20
129.87109400
  0
SEQEND
  0
POLYLINE
  8
0
 66
   1
 39
0.000000
 70
    0
  0
VERTEX
  8
0
 10
14.15576200
 20
77.85937500
 42
0.41206900
  0
VERTEX
  8
0
 10
11.89111300
 20
71.24414100
 42
0.36460700
  0
VERTEX
  8
0
 10
18.02441400
 20
68.66992200
 42
0.13855400
  0
VERTEX
  8
0
 10
23.52880800
 20
72.28418000
 42
0.25135000
  0
VERTEX
  8
0
 10
31.66650400
 20
99.41601600
  0
SEQEND
  0
POLYLINE
  8
0
 66
   1
 39
0.000000
 70
    0
  0
VERTEX
  8
0
 10
19.91601500
 20
69.44726600
 42
0.04326800
  0
VERTEX
  8
0
 10
19.34228500
 20
66.96472200
 42
0.17475200
  0
VERTEX
  8
0
 10
20.99218700
 20
59.04394500
 42
0.06750200
  0
VERTEX
  8
0
 10
24.61572200
 20
54.61914100
  0
SEQEND
  0
POLYLINE
  8
0
 66
   1
 39
0.000000
 70
    0
  0
VERTEX
  8
0
 10
3.02197200
 20
205.91796900
 42
-0.04073700
  0
VERTEX
  8
0
 10
4.72802700
 20
220.77819800
 42
-0.06791100
  0
VERTEX
  8
0
 10
9.59375000
 20
234.92248500
 42
-0.06445900
  0
VERTEX
  8
0
 10
15.15576200
 20
243.12890600
 42
-0.13875300
  0
VERTEX
  8
0
 10
33.85107400
 20
254.90722700
  0
VERTEX
  8
0
 10
35.56396500
 20
255.41210900
  0
SEQEND
  0
POLYLINE
  8
0
 66
   1
 39
0.000000
 70
    0
  0
VERTEX
  8
0
 10
1568.77026300
 20
451.33007800
 42
0.06446700
  0
VERTEX
  8
0
 10
1576.76196300
 20
460.48828100
 42
0.08889000
  0
VERTEX
  8
0
 10
1580.35131800
 20
468.71582000
 42
0.09537500
  0
VERTEX
  8
0
 10
1580.73876900
 20
477.55957000
 42
0.07176400
  0
VERTEX
  8
0
 10
1578.21044900
 20
486.04296900
  0
SEQEND
  0
POLYLINE
  8
0
 66
   1
 39
0.000000
 70
    0
  0
VERTEX
  8
0
 10
1507.48974600
 20
465.83105500
 42
0.02839600
  0
VERTEX
  8
0
 10
1521.43017600
 20
475.85412600
 42
0.04001000
  0
VERTEX
  8
0
 10
1533.54248000
 20
487.36938500
 42
0.05554700
  0
VERTEX
  8
0
 10
1543.22607400
 20
500.94213900
 42
0.07197000
  0
VERTEX
  8
0
 10
1548.39648400
 20
514.47265600
 42
-0.10464200
  0
VERTEX
  8
0
 10
1555.40307600
 20
510.01611300
 42
-0.20759700
  0
VERTEX
  8
0
 10
1558.94189400
 20
501.31616200
 42
-0.08142100
  0
VERTEX
  8
0
 10
1557.78710900
 20
495.16601600
 42
-0.05087900
  0
VERTEX
  8
0
 10
1554.76953100
 20
488.91528300
 42
-0.03195400
  0
VERTEX
  8
0
 10
1550.72167900
 20
483.18847700
 42
-0.06908500
  0
VERTEX
  8
0
 10
1563.41894500
 20
487.39428700
 42
-0.13735800
  0
VERTEX
  8
0
 10
1578.21044900
 20
486.04296900
 42
-0.05970800
  0
VERTEX
  8
0
 10
1566.16772400
 20
472.39123500
 42
-0.05150300
  0
VERTEX
  8
0
 10
1548.36962900
 20
459.52905300
 42
-0.02344800
  0
VERTEX
  8
0
 10
1538.30957000
 20
454.34252900
 42
-0.03287300
  0
VERTEX
  8
0
 10
1516.51879900
 20
446.05566400
  0
SEQEND
  0
POLYLINE
  8
0
 66
   1
 39
0.000000
 70
    0
  0
VERTEX
  8
0
 10
1548.39648400
 20
514.47265600
 42
0.08364100
  0
VERTEX
  8
0
 10
1537.47973600
 20
514.75512700
 42
0.14657800
  0
VERTEX
  8
0
 10
1524.94287100
 20
508.97412100
 42
0.07308900
  0
VERTEX
  8
0
 10
1517.79882800
 20
500.52294900
 42
0.03056900
  0
VERTEX
  8
0
 10
1517.27929700
 20
507.81054700
 42
0.04759400
  0
VERTEX
  8
0
 10
1515.59667900
 20
515.08178700
 42
0.06517300
  0
VERTEX
  8
0
 10
1512.27441400
 20
521.91259800
 42
0.08032800
  0
VERTEX
  8
0
 10
1507.13501000
 20
527.50585900
 42
0.12481800
  0
VERTEX
  8
0
 10
1493.57617200
 20
533.27148400
  0
SEQEND
  0
POLYLINE
  8
0
 66
   1
 39
0.000000
 70
    0
  0
VERTEX
  8
0
 10
1443.24243100
 20
527.93750000
 42
-0.09787600
  0
VERTEX
  8
0
 10
1452.66626000
 20
528.58483900
 42
-0.10306600
  0
VERTEX
  8
0
 10
1460.75561500
 20
525.79614300
 42
-0.17757800
  0
VERTEX
  8
0
 10
1470.86596700
 20
513.66796900
 42
-0.08549000
  0
VERTEX
  8
0
 10
1473.01025400
 20
520.57519500
 42
-0.02750800
  0
VERTEX
  8
0
 10
1475.01855400
 20
524.02978500
 42
-0.05181500
  0
VERTEX
  8
0
 10
1477.62304700
 20
527.21704100
 42
0.00037000
  0
VERTEX
  8
0
 10
1478.18359400
 20
527.77502500
 42
-0.22427200
  0
VERTEX
  8
0
 10
1493.57617200
 20
533.27148400
 42
-0.12051800
  0
VERTEX
  8
0
 10
1498.66748000
 20
512.89306700
 42
-0.06410700
  0
VERTEX
  8
0
 10
1497.10498000
 20
500.26489300
 42
-0.07035200
  0
VERTEX
  8
0
 10
1490.44213800
 20
484.13012700
 42
-0.05817100
  0
VERTEX
  8
0
 10
1479.39209000
 20
469.54296900
  0
SEQEND
  0
POLYLINE
  8
0
 66
   1
 39
0.000000
 70
    0
  0
VERTEX
  8
0
 10
1429.54467800
 20
504.27343800
 42
-0.13165200
  0
VERTEX
  8
0
 10
1430.66040000
 20
517.04699700
 42
-0.18698800
  0
VERTEX
  8
0
 10
1438.66503900
 20
526.19934100
 42
-0.05989400
  0
VERTEX
  8
0
 10
1443.24243100
 20
527.93750000
 42
-0.14852900
  0
VERTEX
  8
0
 10
1454.91259700
 20
504.78173800
 42
-0.06279000
  0
VERTEX
  8
0
 10
1455.63598600
 20
489.25048800
 42
-0.03223700
  0
VERTEX
  8
0
 10
1453.68774400
 20
475.75048800
 42
-0.01629600
  0
VERTEX
  8
0
 10
1451.48315400
 20
466.75610400
 42
-0.00915500
  0
VERTEX
  8
0
 10
1448.88232400
 20
458.08105500
  0
SEQEND
  0
POLYLINE
  8
0
 66
   1
 39
0.000000
 70
    0
  0
VERTEX
  8
0
 10
1396.44140600
 20
517.79589900
 42
0.14724200
  0
VERTEX
  8
0
 10
1388.34765600
 20
498.69458000
 42
0.14013500
  0
VERTEX
  8
0
 10
1391.85888700
 20
478.66015600
  0
SEQEND
  0
POLYLINE
  8
0
 66
   1
 39
0.000000
 70
    0
  0
VERTEX
  8
0
 10
1423.47192400
 20
429.38671900
 42
0.15696900
  0
VERTEX
  8
0
 10
1413.85498000
 20
492.25805700
 42
0.06790100
  0
VERTEX
  8
0
 10
1396.43530300
 20
517.78710900
 42
-0.18901000
  0
VERTEX
  8
0
 10
1418.91699200
 20
514.66540500
 42
-0.13215700
  0
VERTEX
  8
0
 10
1429.54467800
 20
504.26953100
 42
-0.05953800
  0
VERTEX
  8
0
 10
1435.08056600
 20
492.17065400
 42
-0.04801300
  0
VERTEX
  8
0
 10
1437.90893500
 20
479.16967800
 42
-0.03786800
  0
VERTEX
  8
0
 10
1438.46972600
 20
466.00024400
 42
-0.02397100
  0
VERTEX
  8
0
 10
1437.40527300
 20
452.89941400
  0
SEQEND
  0
POLYLINE
  8
0
 66
   1
 39
0.000000
 70
    0
  0
VERTEX
  8
0
 10
980.49365200
 20
606.87890600
  0
VERTEX
  8
0
 10
984.91113300
 20
622.74560600
 42
-0.00544700
  0
VERTEX
  8
0
 10
985.46386700
 20
624.65039100
 42
-0.16472300
  0
VERTEX
  8
0
 10
1013.25439400
 20
663.59973200
 42
-0.04423800
  0
VERTEX
  8
0
 10
1028.13940400
 20
672.44409200
 42
-0.03282400
  0
VERTEX
  8
0
 10
1044.20556600
 20
678.89941400
 42
-0.02635000
  0
VERTEX
  8
0
 10
1052.16455100
 20
681.04809600
 42
-0.16438800
  0
VERTEX
  8
0
 10
1071.08984400
 20
678.86425800
 42
-0.07573400
  0
VERTEX
  8
0
 10
1076.59252900
 20
675.16467300
 42
-0.19283100
  0
VERTEX
  8
0
 10
1080.65356400
 20
666.68798800
 42
-0.10003100
  0
VERTEX
  8
0
 10
1079.67993100
 20
659.44775400
  0
SEQEND
  0
POLYLINE
  8
0
 66
   1
 39
0.000000
 70
    0
  0
VERTEX
  8
0
 10
1830.00024400
 20
19.87207000
  0
VERTEX
  8
0
 10
915.00000000
 20
19.87207000
  0
VERTEX
  8
0
 10
0.00000000
 20
19.87207000
  0
SEQEND
  0
POLYLINE
  8
0
 66
   1
 39
0.000000
 70
    0
  0
VERTEX
  8
0
 10
1096.05029300
 20
631.57983400
  0
VERTEX
  8
0
 10
1097.35620100
 20
633.80615200
 42
0.04832900
  0
VERTEX
  8
0
 10
1098.75488300
 20
636.82544000
 42
0.22479200
  0
VERTEX
  8
0
 10
1097.46923800
 20
649.03686500
 42
0.17172200
  0
VERTEX
  8
0
 10
1086.72412100
 20
657.78906300
 42
0.05628100
  0
VERTEX
  8
0
 10
1079.65771500
 20
659.45080600
 42
0.03896800
  0
VERTEX
  8
0
 10
1072.77856400
 20
659.73022500
 42
0.06431200
  0
VERTEX
  8
0
 10
1056.33740200
 20
656.97985800
 42
0.06179500
  0
VERTEX
  8
0
 10
1038.19555600
 20
648.93042000
 42
0.05297100
  0
VERTEX
  8
0
 10
1015.08642600
 20
631.47644100
 42
0.04583700
  0
VERTEX
  8
0
 10
1006.18603500
 20
621.45996100
  0
VERTEX
  8
0
 10
981.87841800
 20
588.46240200
  0
SEQEND
  0
POLYLINE
  8
0
 66
   1
 39
0.000000
 70
    0
  0
VERTEX
  8
0
 10
1571.42749000
 20
415.51709000
 42
0.09951700
  0
VERTEX
  8
0
 10
1589.94238300
 20
424.58361800
 42
0.04365800
  0
VERTEX
  8
0
 10
1594.45166000
 20
428.70996100
 42
0.05324200
  0
VERTEX
  8
0
 10
1597.52758800
 20
432.87548800
 42
0.08693100
  0
VERTEX
  8
0
 10
1599.33325200
 20
437.72851600
 42
0.17902400
  0
VERTEX
  8
0
 10
1597.60327100
 20
447.42382800
 42
0.06583200
  0
VERTEX
  8
0
 10
1590.30834900
 20
450.59021000
 42
0.07770400
  0
VERTEX
  8
0
 10
1577.49560500
 20
452.17273000
 42
0.04156100
  0
VERTEX
  8
0
 10
1566.27563500
 20
450.87304700
 42
-0.03824600
  0
VERTEX
  8
0
 10
1545.01831000
 20
440.72253400
 42
-0.02815900
  0
VERTEX
  8
0
 10
1519.94335900
 20
432.61425800
  0
SEQEND
  0
POLYLINE
  8
0
 66
   1
 39
0.000000
 70
    0
  0
VERTEX
  8
0
 10
1814.53344700
 20
36.57226600
 42
-0.18906500
  0
VERTEX
  8
0
 10
1809.43042000
 20
32.48681700
 42
-0.40811000
  0
VERTEX
  8
0
 10
1798.22216800
 20
38.23339900
 42
-0.31422900
  0
VERTEX
  8
0
 10
1802.90454100
 20
53.04199200
 42
-0.35360600
  0
VERTEX
  8
0
 10
1824.31445300
 20
52.38671900
 42
-0.40960400
  0
VERTEX
  8
0
 10
1823.51196300
 20
24.74218800
 42
-0.28309100
  0
VERTEX
  8
0
 10
1802.07080100
 20
21.96582000
 42
-0.10891100
  0
VERTEX
  8
0
 10
1787.25488300
 20
33.16626000
 42
-0.11316400
  0
VERTEX
  8
0
 10
1778.65527300
 20
49.63574200
 42
-0.07287400
  0
VERTEX
  8
0
 10
1778.35119600
 20
92.62439000
 42
-0.06934600
  0
VERTEX
  8
0
 10
1790.10693300
 20
134.00000000
 42
0.09364400
  0
VERTEX
  8
0
 10
1803.83654800
 20
194.88916000
 42
0.19932800
  0
VERTEX
  8
0
 10
1759.89917000
 20
312.08984400
 42
0.05655500
  0
VERTEX
  8
0
 10
1731.08959900
 20
337.35327200
 42
0.07326600
  0
VERTEX
  8
0
 10
1683.43505800
 20
361.00488300
 42
0.08829800
  0
VERTEX
  8
0
 10
1602.89721700
 20
372.37158200
 42
0.08748000
  0
VERTEX
  8
0
 10
1523.35009700
 20
355.37988300
 42
0.03580500
  0
VERTEX
  8
0
 10
1471.68115200
 20
330.60730000
 42
0.06403900
  0
VERTEX
  8
0
 10
1382.20483400
 20
263.07421900
 42
0.13105100
  0
VERTEX
  8
0
 10
1393.48071300
 20
398.75134300
 42
0.04226500
  0
VERTEX
  8
0
 10
1381.66333000
 20
442.76171900
 42
0.19752300
  0
VERTEX
  8
0
 10
1236.81958000
 20
585.74426300
 42
0.02237400
  0
VERTEX
  8
0
 10
1215.11669900
 20
593.52795400
 42
0.07425700
  0
VERTEX
  8
0
 10
1135.86523400
 20
605.61694300
 42
0.00844000
  0
VERTEX
  8
0
 10
1125.73901300
 20
605.43945300
 42
0.05154500
  0
VERTEX
  8
0
 10
1063.76245100
 20
596.86950700
 42
0.03047600
  0
VERTEX
  8
0
 10
1032.83740200
 20
587.25683600
 42
0.06449900
  0
VERTEX
  8
0
 10
1011.78417900
 20
576.26660200
 42
0.06477700
  0
VERTEX
  8
0
 10
994.84790000
 20
560.82434100
 42
0.12574400
  0
VERTEX
  8
0
 10
975.16918900
 20
520.46093800
 42
0.14202700
  0
VERTEX
  8
0
 10
980.96313500
 20
496.37304700
 42
0.16313300
  0
VERTEX
  8
0
 10
996.17114200
 20
484.08874500
 42
0.15621800
  0
VERTEX
  8
0
 10
1015.70092800
 20
483.18750000
 42
-0.11923600
  0
VERTEX
  8
0
 10
1008.28662100
 20
471.53759800
 42
-0.07368200
  0
VERTEX
  8
0
 10
1004.48242200
 20
468.82421900
 42
-0.12974500
  0
VERTEX
  8
0
 10
997.95483400
 20
467.40307600
 42
-0.08495700
  0
VERTEX
  8
0
 10
991.42578100
 20
468.81665000
 42
-0.05597500
  0
VERTEX
  8
0
 10
984.57397400
 20
472.51147500
 42
-0.03319000
  0
VERTEX
  8
0
 10
977.88378900
 20
477.83740200
 42
-0.11056300
  0
VERTEX
  8
0
 10
961.33911100
 20
507.62939500
 42
-0.10770500
  0
VERTEX
  8
0
 10
959.06054700
 20
540.47802700
  0
SEQEND
  0
POLYLINE
  8
0
 66
   1
 39
0.000000
 70
    0
  0
VERTEX
  8
0
 10
954.05566400
 20
498.31835900
 42
0.07810000
  0
VERTEX
  8
0
 10
962.98046900
 20
478.03955100
 42
0.13503000
  0
VERTEX
  8
0
 10
995.88476500
 20
448.48095700
 42
0.13286600
  0
VERTEX
  8
0
 10
1032.27270500
 20
441.13171400
 42
0.04761500
  0
VERTEX
  8
0
 10
1043.74804700
 20
442.98425300
 42
0.07567000
  0
VERTEX
  8
0
 10
1055.26684600
 20
447.94018600
 42
0.26145300
  0
VERTEX
  8
0
 10
1067.34301700
 20
469.94421400
 42
0.08264600
  0
VERTEX
  8
0
 10
1066.09716800
 20
477.01342800
 42
0.15131800
  0
VERTEX
  8
0
 10
1060.09716800
 20
485.07617200
 42
0.09837300
  0
VERTEX
  8
0
 10
1057.02490200
 20
486.50244200
 42
0.05231800
  0
VERTEX
  8
0
 10
1052.01782200
 20
487.17773400
 42
0.02537200
  0
VERTEX
  8
0
 10
1047.05273400
 20
487.07214400
 42
0.00390900
  0
VERTEX
  8
0
 10
1042.05517600
 20
486.67334000
 42
-0.14429600
  0
VERTEX
  8
0
 10
1042.57128900
 20
496.85046400
 42
-0.13816300
  0
VERTEX
  8
0
 10
1048.42382800
 20
505.19140600
 42
-0.40906200
  0
VERTEX
  8
0
 10
1087.50366200
 20
501.31005900
 42
-0.08955700
  0
VERTEX
  8
0
 10
1093.15283200
 20
491.27441400
 42
-0.13637500
  0
VERTEX
  8
0
 10
1094.77539000
 20
465.54614300
 42
-0.11876400
  0
VERTEX
  8
0
 10
1084.47143500
 20
443.91357400
 42
-0.12491700
  0
VERTEX
  8
0
 10
1065.27099600
 20
429.57910200
 42
-0.06010000
  0
VERTEX
  8
0
 10
1052.88916000
 20
426.11767600
 42
-0.05796800
  0
VERTEX
  8
0
 10
1034.17260700
 20
425.42981000
 42
-0.11730300
  0
VERTEX
  8
0
 10
987.76001000
 20
440.43103000
 42
-0.09316200
  0
VERTEX
  8
0
 10
967.08837900
 20
459.00317400
 42
-0.08598300
  0
VERTEX
  8
0
 10
956.62158200
 20
479.03418000
 42
-0.12611900
  0
VERTEX
  8
0
 10
954.52343700
 20
514.56054700
 42
-0.16407200
  0
VERTEX
  8
0
 10
979.14794900
 20
577.42395000
 42
-0.06591100
  0
VERTEX
  8
0
 10
1000.51904300
 20
596.96582000
 42
-0.16528800
  0
VERTEX
  8
0
 10
1112.65527300
 20
631.93652400
 42
-0.02611600
  0
VERTEX
  8
0
 10
1153.94751000
 20
628.80017100
 42
-0.01446200
  0
VERTEX
  8
0
 10
1172.14379900
 20
625.92285200
 42
-0.06658900
  0
VERTEX
  8
0
 10
1247.67529300
 20
605.86059600
 42
-0.02468200
  0
VERTEX
  8
0
 10
1272.68139600
 20
594.02832000
 42
-0.17197000
  0
VERTEX
  8
0
 10
1403.17626900
 20
450.78808600
 42
-0.06786700
  0
VERTEX
  8
0
 10
1419.89697200
 20
373.42309600
 42
-0.04627100
  0
VERTEX
  8
0
 10
1419.25512700
 20
323.84082000
 42
-0.03931500
  0
VERTEX
  8
0
 10
1482.19409200
 20
361.85937500
 42
-0.02243400
  0
VERTEX
  8
0
 10
1514.60156200
 20
376.33496100
 42
-0.08748100
  0
VERTEX
  8
0
 10
1602.07885700
 20
395.02087400
 42
-0.08830100
  0
VERTEX
  8
0
 10
1690.64501900
 20
382.52148400
 42
-0.07324000
  0
VERTEX
  8
0
 10
1744.39624000
 20
355.84692400
 42
-0.05652900
  0
VERTEX
  8
0
 10
1776.94531200
 20
327.30175800
 42
-0.01889900
  0
VERTEX
  8
0
 10
1786.51684600
 20
316.17395000
 42
-0.20105800
  0
VERTEX
  8
0
 10
1825.56787100
 20
178.15197800
 42
-0.10029400
  0
VERTEX
  8
0
 10
1801.68750000
 20
106.31445300
 42
0.24289000
  0
VERTEX
  8
0
 10
1799.32043400
 20
59.66845700
 42
0.03511500
  0
VERTEX
  8
0
 10
1802.90966800
 20
53.03613300
  0
SEQEND
  0
POLYLINE
  8
0
 66
   1
 39
0.000000
 70
    0
  0
VERTEX
  8
0
 10
1818.16845700
 20
143.30468800
 42
0.11554400
  0
VERTEX
  8
0
 10
1816.68286100
 20
95.21142600
 42
0.03571300
  0
VERTEX
  8
0
 10
1821.44042900
 20
78.06054700
 42
-0.37910300
  0
VERTEX
  8
0
 10
1807.77563500
 20
84.61132800
 42
-0.21903900
  0
VERTEX
  8
0
 10
1806.00805600
 20
111.95654300
 42
-0.00725400
  0
VERTEX
  8
0
 10
1813.27172800
 20
129.85253900
  0
SEQEND
  0
POLYLINE
  8
0
 66
   1
 39
0.000000
 70
    0
  0
VERTEX
  8
0
 10
1815.84399400
 20
77.85986300
 42
-0.41197200
  0
VERTEX
  8
0
 10
1818.10864200
 20
71.24414100
 42
-0.36465200
  0
VERTEX
  8
0
 10
1811.97460900
 20
68.66992200
 42
-0.13844000
  0
VERTEX
  8
0
 10
1806.47192400
 20
72.28418000
 42
-0.25133200
  0
VERTEX
  8
0
 10
1798.33325200
 20
99.41503900
  0
SEQEND
  0
POLYLINE
  8
0
 66
   1
 39
0.000000
 70
    0
  0
VERTEX
  8
0
 10
1810.08422800
 20
69.44726600
 42
-0.04180100
  0
VERTEX
  8
0
 10
1810.64892600
 20
67.03637700
 42
-0.17612500
  0
VERTEX
  8
0
 10
1809.01245100
 20
59.05212400
 42
-0.06761600
  0
VERTEX
  8
0
 10
1805.38427700
 20
54.61914100
  0
SEQEND
  0
POLYLINE
  8
0
 66
   1
 39
0.000000
 70
    0
  0
VERTEX
  8
0
 10
966.47485300
 20
645.67016600
 42
-0.18981700
  0
VERTEX
  8
0
 10
989.08081000
 20
687.08715800
 42
-0.09569200
  0
VERTEX
  8
0
 10
1011.32812500
 20
699.39160200
 42
-0.14495200
  0
VERTEX
  8
0
 10
1039.33276300
 20
702.70092800
 42
-0.36155600
  0
VERTEX
  8
0
 10
1057.30102500
 20
681.66503900
  0
SEQEND
  0
POLYLINE
  8
0
 66
   1
 39
0.000000
 70
    0
  0
VERTEX
  8
0
 10
923.57421900
 20
179.68896500
 42
-0.16926800
  0
VERTEX
  8
0
 10
920.92846700
 20
175.05957000
 42
-0.35523900
  0
VERTEX
  8
0
 10
912.03466800
 20
174.76123100
 42
-0.11695400
  0
VERTEX
  8
0
 10
909.15185500
 20
178.23193400
 42
-0.18901900
  0
VERTEX
  8
0
 10
908.20556600
 20
185.21240200
 42
-0.09227300
  0
VERTEX
  8
0
 10
909.67431600
 20
188.47595200
 42
-0.10357800
  0
VERTEX
  8
0
 10
912.27490200
 20
190.93457000
 42
-0.20975300
  0
VERTEX
  8
0
 10
920.93115200
 20
192.16723600
 42
-0.19454900
  0
VERTEX
  8
0
 10
927.91455100
 20
186.58203100
 42
-0.23048100
  0
VERTEX
  8
0
 10
929.41113300
 20
174.08496100
 42
-0.16187100
  0
VERTEX
  8
0
 10
921.93627900
 20
164.80859400
 42
0.12592300
  0
VERTEX
  8
0
 10
916.39672800
 20
156.87048300
 42
0.11348200
  0
VERTEX
  8
0
 10
915.11547800
 20
147.27587900
 42
0.12089800
  0
VERTEX
  8
0
 10
913.37475600
 20
156.05932600
 42
0.10139700
  0
VERTEX
  8
0
 10
908.03857400
 20
163.25000000
 42
0.01802700
  0
VERTEX
  8
0
 10
905.04736300
 20
165.73498500
 42
-0.02246200
  0
VERTEX
  8
0
 10
902.07836900
 20
168.24658200
 42
-0.09698300
  0
VERTEX
  8
0
 10
898.44165000
 20
173.22937000
 42
-0.20912600
  0
VERTEX
  8
0
 10
898.16967800
 20
184.19165000
 42
-0.08034200
  0
VERTEX
  8
0
 10
900.81396500
 20
188.52539100
 42
-0.07521500
  0
VERTEX
  8
0
 10
907.27270500
 20
193.99072300
 42
-0.06638200
  0
VERTEX
  8
0
 10
914.99951200
 20
197.43750000
  0
SEQEND
  0
POLYLINE
  8
0
 66
   1
 39
0.000000
 70
    0
  0
VERTEX
  8
0
 10
910.10791000
 20
605.57373100
 42
0.13255600
  0
VERTEX
  8
0
 10
899.97802700
 20
594.75146500
 42
0.13977100
  0
VERTEX
  8
0
 10
897.12109400
 20
581.41601600
 42
0.08890200
  0
VERTEX
  8
0
 10
898.72290000
 20
574.98291000
 42
0.17591500
  0
VERTEX
  8
0
 10
908.47802700
 20
564.91528300
 42
0.06908100
  0
VERTEX
  8
0
 10
917.20361300
 20
562.07226600
 42
0.05195800
  0
VERTEX
  8
0
 10
926.20190400
 20
562.16748100
 42
0.09484000
  0
VERTEX
  8
0
 10
937.08593700
 20
565.57629400
 42
0.11452700
  0
VERTEX
  8
0
 10
946.77880800
 20
574.08972200
 42
0.08472900
  0
VERTEX
  8
0
 10
952.69726500
 20
586.24853500
 42
0.04343300
  0
VERTEX
  8
0
 10
954.50244100
 20
595.28662100
 42
0.07984200
  0
VERTEX
  8
0
 10
953.60205100
 20
613.63842800
 42
-0.04050300
  0
VERTEX
  8
0
 10
957.29711900
 20
613.03784200
 42
-0.01487600
  0
VERTEX
  8
0
 10
961.48095700
 20
611.87194800
 42
-0.04571200
  0
VERTEX
  8
0
 10
966.43701200
 20
609.81872600
 42
-0.15180000
  0
VERTEX
  8
0
 10
971.37768500
 20
604.87780800
 42
-0.08042300
  0
VERTEX
  8
0
 10
972.89648400
 20
600.35083000
 42
-0.06027100
  0
VERTEX
  8
0
 10
973.13842800
 20
594.70324700
 42
-0.18268200
  0
VERTEX
  8
0
 10
958.68383800
 20
563.91381800
 42
-0.04326500
  0
VERTEX
  8
0
 10
949.84179700
 20
556.70373500
 42
-0.14930400
  0
VERTEX
  8
0
 10
924.06958000
 20
548.69799800
 42
-0.04631700
  0
VERTEX
  8
0
 10
913.87011700
 20
549.59533700
 42
-0.05832600
  0
VERTEX
  8
0
 10
900.33349600
 20
553.73510800
 42
-0.07593600
  0
VERTEX
  8
0
 10
888.37670900
 20
561.31250000
 42
-0.08200800
  0
VERTEX
  8
0
 10
880.83959900
 20
570.43115200
 42
-0.09825600
  0
VERTEX
  8
0
 10
877.74267600
 20
579.43676800
 42
-0.11798100
  0
VERTEX
  8
0
 10
878.85766600
 20
590.62036100
 42
-0.15414600
  0
VERTEX
  8
0
 10
890.11328100
 20
605.73303200
 42
-0.18526500
  0
VERTEX
  8
0
 10
903.62988300
 20
609.30554200
 42
-0.06630500
  0
VERTEX
  8
0
 10
906.89965800
 20
608.50378400
 42
-0.12861000
  0
VERTEX
  8
0
 10
909.62231400
 20
606.52343800
 42
-0.10720500
  0
VERTEX
  8
0
 10
910.10791000
 20
605.57373100
  0
VERTEX
  8
0
 10
913.71923800
 20
608.29052700
  0
VERTEX
  8
0
 10
915.52465800
 20
609.64892600
  0
VERTEX
  8
0
 10
917.32983400
 20
611.00756800
  0
VERTEX
  8
0
 10
919.13501000
 20
612.36621100
  0
VERTEX
  8
0
 10
920.94042900
 20
613.72534200
  0
VERTEX
  8
0
 10
922.74584900
 20
615.08447300
  0
VERTEX
  8
0
 10
924.55126900
 20
616.44409200
 42
-0.04881100
  0
VERTEX
  8
0
 10
927.06591800
 20
609.05407700
 42
-0.14917600
  0
VERTEX
  8
0
 10
925.82592800
 20
590.20361300
 42
-0.05238300
  0
VERTEX
  8
0
 10
921.67822200
 20
581.96630900
  0
SEQEND
  0
POLYLINE
  8
0
 66
   1
 39
0.000000
 70
    0
  0
VERTEX
  8
0
 10
908.53930600
 20
565.05761700
 42
-0.09956800
  0
VERTEX
  8
0
 10
916.70043900
 20
577.56018100
 42
-0.08097500
  0
VERTEX
  8
0
 10
928.74316400
 20
586.38549800
 42
-0.04633300
  0
VERTEX
  8
0
 10
940.72021500
 20
591.14477500
 42
-0.03106300
  0
VERTEX
  8
0
 10
953.28759700
 20
594.00146500
  0
VERTEX
  8
0
 10
954.36669900
 20
594.17553700
  0
SEQEND
  0
POLYLINE
  8
0
 66
   1
 39
0.000000
 70
    0
  0
VERTEX
  8
0
 10
953.60205100
 20
613.63842800
 42
0.08294000
  0
VERTEX
  8
0
 10
951.85302700
 20
621.72229000
 42
0.13278300
  0
VERTEX
  8
0
 10
940.45654300
 20
636.94494600
 42
0.09648900
  0
VERTEX
  8
0
 10
929.91284200
 20
642.32397500
 42
0.12350300
  0
VERTEX
  8
0
 10
913.55883800
 20
642.88305700
 42
0.09234300
  0
VERTEX
  8
0
 10
907.09716800
 20
640.18310600
 42
0.15130400
  0
VERTEX
  8
0
 10
901.12915000
 20
632.95275900
 42
0.27498200
  0
VERTEX
  8
0
 10
902.80078100
 20
621.66284200
 42
0.11780100
  0
VERTEX
  8
0
 10
909.03271500
 20
616.89917000
 42
0.09989100
  0
VERTEX
  8
0
 10
916.70703100
 20
615.19690000
 42
0.09561100
  0
VERTEX
  8
0
 10
924.55126900
 20
616.44409200
 42
0.10699700
  0
VERTEX
  8
0
 10
930.03466800
 20
620.01294000
 42
0.25177100
  0
VERTEX
  8
0
 10
931.88916000
 20
626.28723200
 42
0.22282600
  0
VERTEX
  8
0
 10
927.20556600
 20
632.52246100
 42
0.09755900
  0
VERTEX
  8
0
 10
923.14648400
 20
633.75195300
 42
0.07148200
  0
VERTEX
  8
0
 10
915.99121100
 20
633.44335900
  0
SEQEND
  0
POLYLINE
  8
0
 66
   1
 39
0.000000
 70
    0
  0
VERTEX
  8
0
 10
929.06542900
 20
770.89648400
 42
-0.12322600
  0
VERTEX
  8
0
 10
938.33056600
 20
763.02124000
 42
-0.28760300
  0
VERTEX
  8
0
 10
939.79711900
 20
739.01562500
 42
-0.03254100
  0
VERTEX
  8
0
 10
935.72851500
 20
732.58203100
 42
-0.00907300
  0
VERTEX
  8
0
 10
929.45556600
 20
724.28015100
 42
0.01758300
  0
VERTEX
  8
0
 10
923.41748000
 20
715.99963400
 42
0.04056600
  0
VERTEX
  8
0
 10
919.69409200
 20
709.40283200
 42
0.04238700
  0
VERTEX
  8
0
 10
917.75219700
 20
704.05065900
 42
0.05559100
  0
VERTEX
  8
0
 10
916.88916000
 20
698.42285200
  0
SEQEND
  0
POLYLINE
  8
0
 66
   1
 39
0.000000
 70
    0
  0
VERTEX
  8
0
 10
947.32836900
 20
761.78515600
 42
-0.10160900
  0
VERTEX
  8
0
 10
953.34912100
 20
750.37426800
 42
-0.15699400
  0
VERTEX
  8
0
 10
952.74902300
 20
729.27734400
 42
-0.13904400
  0
VERTEX
  8
0
 10
943.03320300
 20
715.55810600
 42
0.06489300
  0
VERTEX
  8
0
 10
928.95581000
 20
703.22876000
 42
0.07546100
  0
VERTEX
  8
0
 10
918.83789000
 20
687.48681700
 42
0.05474800
  0
VERTEX
  8
0
 10
914.99975600
 20
675.55542000
 42
0.01437000
  0
VERTEX
  8
0
 10
916.24438500
 20
684.98046900
 42
0.03533500
  0
VERTEX
  8
0
 10
916.77246100
 20
701.51855500
 42
0.04171800
  0
VERTEX
  8
0
 10
915.18847600
 20
714.42334000
  0
VERTEX
  8
0
 10
915.19042900
 20
714.41308600
 42
0.07107600
  0
VERTEX
  8
0
 10
910.14013700
 20
726.30261200
 42
0.06386400
  0
VERTEX
  8
0
 10
902.10693300
 20
736.41845700
  0
VERTEX
  8
0
 10
902.11474600
 20
736.40991200
 42
-0.17246100
  0
VERTEX
  8
0
 10
894.81396500
 20
750.02441400
  0
VERTEX
  8
0
 10
894.81518500
 20
750.03027400
 42
-0.06958600
  0
VERTEX
  8
0
 10
894.78125000
 20
757.34570300
  0
VERTEX
  8
0
 10
894.78295900
 20
757.33984400
 42
-0.11027800
  0
VERTEX
  8
0
 10
897.58764600
 20
764.56298800
 42
-0.10307200
  0
VERTEX
  8
0
 10
903.12158200
 20
769.98632800
  0
VERTEX
  8
0
 10
903.12353500
 20
769.99121100
 42
-0.33532200
  0
VERTEX
  8
0
 10
922.84277300
 20
769.08105500
  0
VERTEX
  8
0
 10
922.84130800
 20
769.08789100
 42
-0.08913900
  0
VERTEX
  8
0
 10
926.56225600
 20
764.70019500
  0
VERTEX
  8
0
 10
926.56005800
 20
764.69531300
 42
-0.30985200
  0
VERTEX
  8
0
 10
925.78222600
 20
754.25878900
 42
-0.17220900
  0
VERTEX
  8
0
 10
919.95288100
 20
750.64941400
  0
VERTEX
  8
0
 10
919.94873000
 20
750.64941400
 42
-0.23344100
  0
VERTEX
  8
0
 10
911.14697200
 20
752.85620100
 42
-0.15735900
  0
VERTEX
  8
0
 10
908.18798800
 20
757.63623100
  0
SEQEND
  0
POLYLINE
  8
0
 66
   1
 39
0.000000
 70
    0
  0
VERTEX
  8
0
 10
883.99658200
 20
763.15234400
 42
0.10310500
  0
VERTEX
  8
0
 10
877.54199200
 20
751.31298800
 42
0.14886500
  0
VERTEX
  8
0
 10
877.58105400
 20
730.71191400
 42
0.15700500
  0
VERTEX
  8
0
 10
888.44140600
 20
715.13745100
 42
-0.18989600
  0
VERTEX
  8
0
 10
913.20239200
 20
683.61120600
 42
-0.03549000
  0
VERTEX
  8
0
 10
914.99975600
 20
675.55542000
  0
SEQEND
  0
POLYLINE
  8
0
 66
   1
 39
0.000000
 70
    0
  0
VERTEX
  8
0
 10
906.14892600
 20
346.03515600
 42
0.04552400
  0
VERTEX
  8
0
 10
901.10351500
 20
349.04455600
 42
0.10526800
  0
VERTEX
  8
0
 10
894.93432600
 20
350.53527800
 42
0.15505200
  0
VERTEX
  8
0
 10
889.99804700
 20
349.11425800
 42
0.14113600
  0
VERTEX
  8
0
 10
886.22290000
 20
344.65417500
 42
0.21430600
  0
VERTEX
  8
0
 10
886.22607400
 20
329.55151400
 42
0.14097400
  0
VERTEX
  8
0
 10
889.99755800
 20
325.09729000
 42
0.15595100
  0
VERTEX
  8
0
 10
894.97119100
 20
323.67431700
 42
0.10443200
  0
VERTEX
  8
0
 10
901.10083000
 20
325.16687000
 42
0.04553500
  0
VERTEX
  8
0
 10
906.14501900
 20
328.17578100
  0
SEQEND
  0
POLYLINE
  8
0
 66
   1
 39
0.000000
 70
    0
  0
VERTEX
  8
0
 10
916.40673800
 20
143.30078100
 42
0.14133000
  0
VERTEX
  8
0
 10
920.32617200
 20
135.70214900
 42
0.09006900
  0
VERTEX
  8
0
 10
924.84765600
 20
132.47436500
 42
0.13844400
  0
VERTEX
  8
0
 10
939.00122100
 20
130.11523400
 42
0.21612000
  0
VERTEX
  8
0
 10
949.55249000
 20
136.37805200
 42
0.11598600
  0
VERTEX
  8
0
 10
952.39599600
 20
143.52929700
 42
0.11056800
  0
VERTEX
  8
0
 10
951.89355400
 20
150.43164100
 42
0.08670700
  0
VERTEX
  8
0
 10
948.78491200
 20
156.61474600
 42
0.05672900
  0
VERTEX
  8
0
 10
944.87353500
 20
160.71875000
  0
SEQEND
  0
POLYLINE
  8
0
 66
   1
 39
0.000000
 70
    0
  0
VERTEX
  8
0
 10
929.39233400
 20
130.81005900
 42
-0.09503200
  0
VERTEX
  8
0
 10
928.83984400
 20
124.96191400
 42
-0.19722500
  0
VERTEX
  8
0
 10
920.66674800
 20
114.90661600
 42
-0.05480700
  0
VERTEX
  8
0
 10
915.00073200
 20
112.58154300
 42
-0.05267500
  0
VERTEX
  8
0
 10
909.46167000
 20
114.83117700
 42
-0.19921600
  0
VERTEX
  8
0
 10
901.16113300
 20
124.96191400
 42
-0.09495200
  0
VERTEX
  8
0
 10
900.60888700
 20
130.81005900
  0
SEQEND
  0
POLYLINE
  8
0
 66
   1
 39
0.000000
 70
    0
  0
VERTEX
  8
0
 10
898.95898400
 20
609.25268600
 42
0.05558600
  0
VERTEX
  8
0
 10
900.46752900
 20
614.72253400
 42
0.07678700
  0
VERTEX
  8
0
 10
900.49414000
 20
620.39648400
 42
0.15438900
  0
VERTEX
  8
0
 10
894.81567400
 20
632.00488300
 42
0.07130500
  0
VERTEX
  8
0
 10
887.84521500
 20
637.49511700
 42
0.04205900
  0
VERTEX
  8
0
 10
882.14501900
 20
640.18383800
 42
0.03672200
  0
VERTEX
  8
0
 10
875.68261700
 20
642.06494200
 42
-0.14316600
  0
VERTEX
  8
0
 10
874.04150400
 20
635.47717300
 42
-0.03872200
  0
VERTEX
  8
0
 10
870.86718700
 20
630.89599600
 42
-0.00652100
  0
VERTEX
  8
0
 10
868.04516600
 20
627.52124000
 42
0.01817400
  0
VERTEX
  8
0
 10
865.30273400
 20
624.08154300
 42
0.05483400
  0
VERTEX
  8
0
 10
862.98974600
 20
620.10778800
 42
0.15352600
  0
VERTEX
  8
0
 10
862.01220700
 20
611.48584000
  0
SEQEND
  0
POLYLINE
  8
0
 66
   1
 39
0.000000
 70
    0
  0
VERTEX
  8
0
 10
801.15380800
 20
470.74804700
 42
0.21676500
  0
VERTEX
  8
0
 10
800.61401300
 20
478.60827600
 42
0.12091100
  0
VERTEX
  8
0
 10
796.71142600
 20
482.91528300
 42
0.08205900
  0
VERTEX
  8
0
 10
791.77246100
 20
485.18164100
 42
0.34205500
  0
VERTEX
  8
0
 10
771.86035100
 20
469.18945300
 42
0.11404300
  0
VERTEX
  8
0
 10
771.89746100
 20
458.06152400
 42
0.11122100
  0
VERTEX
  8
0
 10
776.75732400
 20
448.05078100
  0
SEQEND
  0
POLYLINE
  8
0
 66
   1
 39
0.000000
 70
    0
  0
VERTEX
  8
0
 10
763.07226500
 20
153.89209000
  0
VERTEX
  8
0
 10
753.29638700
 20
158.36425800
 42
-0.06889700
  0
VERTEX
  8
0
 10
745.92285100
 20
163.05468800
 42
-0.15097900
  0
VERTEX
  8
0
 10
738.18334900
 20
175.20947300
 42
-0.06676500
  0
VERTEX
  8
0
 10
737.48095700
 20
180.42138700
 42
-0.05527400
  0
VERTEX
  8
0
 10
738.06030300
 20
185.67590300
 42
-0.12258100
  0
VERTEX
  8
0
 10
743.16577100
 20
195.59716800
  0
SEQEND
  0
POLYLINE
  8
0
 66
   1
 39
0.000000
 70
    0
  0
VERTEX
  8
0
 10
333.60888700
 20
448.96972700
 42
0.16477200
  0
VERTEX
  8
0
 10
340.18164000
 20
448.70288100
 42
0.06295600
  0
VERTEX
  8
0
 10
342.01611300
 20
449.50439500
 42
0.11904900
  0
VERTEX
  8
0
 10
344.29834000
 20
452.02148400
 42
0.27406900
  0
VERTEX
  8
0
 10
344.08886700
 20
457.92187500
 42
0.11055200
  0
VERTEX
  8
0
 10
341.65039000
 20
460.33447300
 42
0.01686900
  0
VERTEX
  8
0
 10
341.34545900
 20
460.50573700
 42
0.24375500
  0
VERTEX
  8
0
 10
329.61694300
 20
460.49279800
 42
0.19652900
  0
VERTEX
  8
0
 10
325.10888700
 20
455.17724600
 42
0.16892700
  0
VERTEX
  8
0
 10
325.21655300
 20
449.54052700
 42
0.17750600
  0
VERTEX
  8
0
 10
330.09960900
 20
443.80432100
 42
0.19023800
  0
VERTEX
  8
0
 10
343.83398400
 20
441.89453100
 42
0.18952800
  0
VERTEX
  8
0
 10
353.35327100
 20
448.58435100
 42
0.26105500
  0
VERTEX
  8
0
 10
354.20068300
 20
460.18823300
 42
0.20303700
  0
VERTEX
  8
0
 10
344.64721700
 20
468.77734400
 42
0.30306600
  0
VERTEX
  8
0
 10
317.96435500
 20
461.76855500
 42
0.19518500
  0
VERTEX
  8
0
 10
313.17285100
 20
447.45764200
 42
0.14806300
  0
VERTEX
  8
0
 10
318.61450200
 20
432.84130900
 42
0.17801100
  0
VERTEX
  8
0
 10
338.69189400
 20
420.02636700
 42
0.05039100
  0
VERTEX
  8
0
 10
345.99316400
 20
419.18420400
 42
0.07452200
  0
VERTEX
  8
0
 10
358.36694300
 20
420.86084000
 42
0.07697900
  0
VERTEX
  8
0
 10
366.53369100
 20
424.67724600
 42
0.14153500
  0
VERTEX
  8
0
 10
375.19116200
 20
434.98242200
 42
0.15469600
  0
VERTEX
  8
0
 10
376.67626900
 20
448.35937500
 42
0.08338300
  0
VERTEX
  8
0
 10
374.28002900
 20
454.52929700
 42
0.09344800
  0
VERTEX
  8
0
 10
367.62890600
 20
462.06359900
 42
0.08819000
  0
VERTEX
  8
0
 10
355.67260700
 20
468.36926300
 42
0.02572000
  0
VERTEX
  8
0
 10
350.82275400
 20
469.64941400
 42
0.08066400
  0
VERTEX
  8
0
 10
338.04736300
 20
470.23437500
  0
SEQEND
  0
POLYLINE
  8
0
 66
   1
 39
0.000000
 70
    0
  0
VERTEX
  8
0
 10
359.23681600
 20
421.04345700
 42
0.02913900
  0
VERTEX
  8
0
 10
355.48193300
 20
426.89294400
 42
0.06032300
  0
VERTEX
  8
0
 10
350.74682600
 20
431.98169000
 42
0.09258600
  0
VERTEX
  8
0
 10
343.65112300
 20
436.00952200
 42
-0.00964300
  0
VERTEX
  8
0
 10
337.70263700
 20
438.18750000
 42
-0.11624900
  0
VERTEX
  8
0
 10
329.36059600
 20
443.91577200
 42
-0.00960100
  0
VERTEX
  8
0
 10
328.46923800
 20
444.93554700
  0
SEQEND
  0
POLYLINE
  8
0
 66
   1
 39
0.000000
 70
    0
  0
VERTEX
  8
0
 10
359.18212900
 20
421.14257800
 42
-0.06887600
  0
VERTEX
  8
0
 10
356.03881800
 20
429.09655800
 42
-0.15923700
  0
VERTEX
  8
0
 10
356.93139600
 20
440.66601600
 42
-0.07624100
  0
VERTEX
  8
0
 10
360.32666000
 20
446.26660200
 42
0.13134000
  0
VERTEX
  8
0
 10
361.97119100
 20
452.63452200
 42
0.13218000
  0
VERTEX
  8
0
 10
360.27978500
 20
459.04248100
 42
0.04916900
  0
VERTEX
  8
0
 10
358.24243100
 20
461.90124500
 42
0.06879000
  0
VERTEX
  8
0
 10
355.44189400
 20
464.33740200
 42
0.10436200
  0
VERTEX
  8
0
 10
347.64697200
 20
467.36572300
  0
SEQEND
  0
POLYLINE
  8
0
 66
   1
 39
0.000000
 70
    0
  0
VERTEX
  8
0
 10
348.83544900
 20
419.16113300
 42
-0.14795600
  0
VERTEX
  8
0
 10
347.37890600
 20
413.20727500
 42
-0.10209600
  0
VERTEX
  8
0
 10
343.25903300
 20
408.66906700
 42
-0.15510800
  0
VERTEX
  8
0
 10
329.99951200
 20
404.23925800
 42
-0.18095800
  0
VERTEX
  8
0
 10
311.16259700
 20
410.66284200
 42
-0.11393200
  0
VERTEX
  8
0
 10
305.93896500
 20
417.43188500
 42
-0.16854300
  0
VERTEX
  8
0
 10
305.11572200
 20
425.94238300
 42
-0.11998700
  0
VERTEX
  8
0
 10
308.47729500
 20
431.18969700
 42
-0.09244900
  0
VERTEX
  8
0
 10
316.37841800
 20
436.34130900
  0
SEQEND
  0
POLYLINE
  8
0
 66
   1
 39
0.000000
 70
    0
  0
VERTEX
  8
0
 10
369.19238300
 20
426.59082000
 42
0.05782700
  0
VERTEX
  8
0
 10
371.55712900
 20
424.89221200
 42
0.03093300
  0
VERTEX
  8
0
 10
374.18408200
 20
423.63696300
 42
0.05080800
  0
VERTEX
  8
0
 10
377.13427700
 20
422.78039600
 42
0.02003700
  0
VERTEX
  8
0
 10
380.22876000
 20
422.34057600
 42
0.04726500
  0
VERTEX
  8
0
 10
383.34863300
 20
422.31970200
 42
0.02186000
  0
VERTEX
  8
0
 10
386.37524400
 20
422.72021500
 42
0.09926100
  0
VERTEX
  8
0
 10
391.67334000
 20
424.79443400
 42
0.07027600
  0
VERTEX
  8
0
 10
395.47802700
 20
427.86645500
 42
0.08762800
  0
VERTEX
  8
0
 10
398.14355400
 20
431.96630900
 42
0.13773100
  0
VERTEX
  8
0
 10
399.30639600
 20
441.00390600
 42
0.12827400
  0
VERTEX
  8
0
 10
395.57568300
 20
449.80517600
 42
0.12456700
  0
VERTEX
  8
0
 10
387.36572200
 20
456.26757800
 42
0.05788400
  0
VERTEX
  8
0
 10
382.01782200
 20
457.98999000
 42
0.07526600
  0
VERTEX
  8
0
 10
371.42382800
 20
458.47460900
  0
SEQEND
  0
POLYLINE
  8
0
 66
   1
 39
0.000000
 70
    0
  0
VERTEX
  8
0
 10
383.95166000
 20
421.89257800
 42
-0.03787800
  0
VERTEX
  8
0
 10
384.52124000
 20
419.45678700
 42
-0.20770000
  0
VERTEX
  8
0
 10
381.98315400
 20
409.74169900
 42
-0.09022000
  0
VERTEX
  8
0
 10
377.15527300
 20
405.45825200
 42
-0.06221500
  0
VERTEX
  8
0
 10
370.66064400
 20
402.54638700
 42
-0.15851900
  0
VERTEX
  8
0
 10
349.05712900
 20
402.91784700
 42
-0.09481600
  0
VERTEX
  8
0
 10
341.46142600
 20
407.27343800
  0
SEQEND
  0
POLYLINE
  8
0
 66
   1
 39
0.000000
 70
    0
  0
VERTEX
  8
0
 10
313.61572200
 20
377.04980500
  0
VERTEX
  8
0
 10
317.11376900
 20
381.03906300
 42
-0.10702300
  0
VERTEX
  8
0
 10
323.72949200
 20
386.06970200
 42
-0.09217300
  0
VERTEX
  8
0
 10
331.42944300
 20
387.96142600
 42
-0.08222000
  0
VERTEX
  8
0
 10
341.35009700
 20
386.89563000
 42
-0.06598000
  0
VERTEX
  8
0
 10
357.20581000
 20
380.13891600
 42
-0.02055300
  0
VERTEX
  8
0
 10
365.41455100
 20
374.81079100
 42
-0.04431800
  0
VERTEX
  8
0
 10
378.96044900
 20
363.27539100
  0
SEQEND
  0
POLYLINE
  8
0
 66
   1
 39
0.000000
 70
    0
  0
VERTEX
  8
0
 10
232.39697200
 20
447.42382800
 42
0.08006800
  0
VERTEX
  8
0
 10
278.75244100
 20
425.20642100
 42
0.03520500
  0
VERTEX
  8
0
 10
305.98486300
 20
419.20898400
  0
SEQEND
  0
POLYLINE
  8
0
 66
   1
 39
0.000000
 70
    0
  0
VERTEX
  8
0
 10
856.29492200
 20
180.09179700
  0
VERTEX
  8
0
 10
855.70043900
 20
181.82080100
 42
0.09329700
  0
VERTEX
  8
0
 10
848.37011700
 20
194.68444800
 42
0.07722000
  0
VERTEX
  8
0
 10
837.16723600
 20
204.36474600
 42
0.04095200
  0
VERTEX
  8
0
 10
826.30468700
 20
209.97314500
 42
0.04397500
  0
VERTEX
  8
0
 10
804.31982400
 20
216.93957500
 42
0.03287600
  0
VERTEX
  8
0
 10
794.63623000
 20
218.43554700
 42
0.16247100
  0
VERTEX
  8
0
 10
796.07397400
 20
209.32617200
 42
0.09064000
  0
VERTEX
  8
0
 10
799.71875000
 20
204.74426300
 42
0.05931500
  0
VERTEX
  8
0
 10
806.60888700
 20
200.03515600
  0
SEQEND
  0
POLYLINE
  8
0
 66
   1
 39
0.000000
 70
    0
  0
VERTEX
  8
0
 10
865.86401300
 20
177.49609400
  0
VERTEX
  8
0
 10
865.99731400
 20
178.78662100
 42
0.10730800
  0
VERTEX
  8
0
 10
864.33837900
 20
193.55407700
 42
0.13253200
  0
VERTEX
  8
0
 10
852.09277300
 20
211.87402400
 42
0.12949100
  0
VERTEX
  8
0
 10
834.21362300
 20
220.74353000
 42
0.06459400
  0
VERTEX
  8
0
 10
826.96435500
 20
221.28027400
 42
0.12870600
  0
VERTEX
  8
0
 10
825.58178700
 20
217.75915500
 42
0.13443800
  0
VERTEX
  8
0
 10
826.14379900
 20
214.01831100
 42
0.06503100
  0
VERTEX
  8
0
 10
827.49169900
 20
211.80224600
 42
0.05653300
  0
VERTEX
  8
0
 10
831.51318300
 20
207.81201200
  0
SEQEND
  0
POLYLINE
  8
0
 66
   1
 39
0.000000
 70
    0
  0
VERTEX
  8
0
 10
799.18920900
 20
217.88964900
  0
VERTEX
  8
0
 10
798.94677700
 20
218.24414100
 42
-0.18840100
  0
VERTEX
  8
0
 10
796.00439400
 20
231.09362800
 42
-0.08731400
  0
VERTEX
  8
0
 10
798.39868100
 20
238.28222700
 42
-0.06944900
  0
VERTEX
  8
0
 10
802.77929700
 20
244.23535200
 42
-0.04170300
  0
VERTEX
  8
0
 10
811.36206000
 20
240.42260800
 42
-0.05326300
  0
VERTEX
  8
0
 10
818.81103500
 20
235.23999000
 42
-0.07234600
  0
VERTEX
  8
0
 10
824.18261700
 20
229.01648000
 42
-0.11168400
  0
VERTEX
  8
0
 10
826.96435500
 20
221.28027400
 42
-0.16948900
  0
VERTEX
  8
0
 10
828.72265600
 20
225.06494200
 42
-0.13405900
  0
VERTEX
  8
0
 10
832.31567400
 20
227.18762200
 42
-0.07281400
  0
VERTEX
  8
0
 10
837.16406200
 20
227.78002900
 42
-0.03879500
  0
VERTEX
  8
0
 10
843.24951200
 20
227.16064500
 42
-0.05649900
  0
VERTEX
  8
0
 10
852.58740200
 20
224.35913100
 42
-0.10661900
  0
VERTEX
  8
0
 10
865.48876900
 20
215.21106000
 42
-0.18576500
  0
VERTEX
  8
0
 10
876.77905300
 20
186.46044900
 42
-0.06603200
  0
VERTEX
  8
0
 10
875.28076200
 20
174.54150400
  0
VERTEX
  8
0
 10
874.53125000
 20
171.68750000
  0
SEQEND
  0
POLYLINE
  8
0
 66
   1
 39
0.000000
 70
    0
  0
VERTEX
  8
0
 10
832.99658200
 20
227.27929700
 42
-0.03617200
  0
VERTEX
  8
0
 10
830.56152300
 20
229.17858900
 42
-0.21197000
  0
VERTEX
  8
0
 10
825.01831000
 20
241.64404300
 42
-0.08502300
  0
VERTEX
  8
0
 10
826.40087900
 20
249.74853500
 42
-0.06716700
  0
VERTEX
  8
0
 10
830.22851500
 20
257.23291000
 42
-0.06845000
  0
VERTEX
  8
0
 10
840.88232400
 20
255.27478000
 42
-0.07195600
  0
VERTEX
  8
0
 10
850.07739200
 20
250.69433600
 42
-0.09558400
  0
VERTEX
  8
0
 10
856.44677700
 20
244.18322800
 42
-0.14087900
  0
VERTEX
  8
0
 10
859.17236300
 20
235.49218800
  0
SEQEND
  0
POLYLINE
  8
0
 66
   1
 39
0.000000
 70
    0
  0
VERTEX
  8
0
 10
794.63623000
 20
218.43554700
 42
0.10352300
  0
VERTEX
  8
0
 10
789.61010700
 20
224.80200200
 42
0.21449300
  0
VERTEX
  8
0
 10
766.99023400
 20
231.15039100
 42
0.10004500
  0
VERTEX
  8
0
 10
766.38745100
 20
221.71093800
 42
0.08672000
  0
VERTEX
  8
0
 10
769.26074200
 20
212.69921900
 42
0.07615500
  0
VERTEX
  8
0
 10
775.20727500
 20
204.60595700
 42
0.06647600
  0
VERTEX
  8
0
 10
783.75659200
 20
198.07470700
  0
SEQEND
  0
POLYLINE
  8
0
 66
   1
 39
0.000000
 70
    0
  0
VERTEX
  8
0
 10
871.87207000
 20
240.05761700
 42
-0.11753900
  0
VERTEX
  8
0
 10
865.81542900
 20
248.04419000
 42
-0.12073500
  0
VERTEX
  8
0
 10
864.16357400
 20
257.41381800
 42
-0.21324400
  0
VERTEX
  8
0
 10
870.67334000
 20
269.73681700
 42
-0.06850400
  0
VERTEX
  8
0
 10
875.85546900
 20
272.75781300
 42
0.07442600
  0
VERTEX
  8
0
 10
879.36206000
 20
268.82348600
 42
0.02181700
  0
VERTEX
  8
0
 10
885.95483400
 20
263.80542000
 42
-0.03131900
  0
VERTEX
  8
0
 10
892.26049800
 20
258.81433100
 42
-0.08673500
  0
VERTEX
  8
0
 10
895.46289000
 20
254.73510800
 42
-0.17341400
  0
VERTEX
  8
0
 10
896.44140600
 20
248.22229000
 42
-0.03108000
  0
VERTEX
  8
0
 10
896.01611300
 20
246.59960900
  0
SEQEND
  0
POLYLINE
  8
0
 66
   1
 39
0.000000
 70
    0
  0
VERTEX
  8
0
 10
901.98291000
 20
350.16601600
  0
VERTEX
  8
0
 10
890.47851500
 20
351.20996100
 42
-0.08813200
  0
VERTEX
  8
0
 10
852.10644500
 20
363.11010800
 42
-0.04802100
  0
VERTEX
  8
0
 10
839.20849600
 20
371.42285200
 42
-0.03552400
  0
VERTEX
  8
0
 10
831.86181600
 20
378.12158200
 42
-0.04439500
  0
VERTEX
  8
0
 10
825.67456000
 20
385.90380900
 42
0.13249800
  0
VERTEX
  8
0
 10
819.56445300
 20
380.90063500
 42
0.19034500
  0
VERTEX
  8
0
 10
817.64892600
 20
373.23938000
 42
0.07917500
  0
VERTEX
  8
0
 10
819.50415000
 20
367.00317400
 42
0.04607800
  0
VERTEX
  8
0
 10
823.28515600
 20
360.68481500
 42
0.02178700
  0
VERTEX
  8
0
 10
827.83129900
 20
355.00390600
  0
SEQEND
  0
POLYLINE
  8
0
 66
   1
 39
0.000000
 70
    0
  0
VERTEX
  8
0
 10
839.20849600
 20
371.42285200
 42
0.12082900
  0
VERTEX
  8
0
 10
837.18261700
 20
365.07263200
 42
0.15434800
  0
VERTEX
  8
0
 10
838.75415000
 20
358.59509300
 42
0.06046200
  0
VERTEX
  8
0
 10
840.68750000
 20
356.13024900
 42
0.06527800
  0
VERTEX
  8
0
 10
846.28002900
 20
351.83911100
 42
0.03740900
  0
VERTEX
  8
0
 10
853.20507800
 20
348.50036600
 42
0.01981700
  0
VERTEX
  8
0
 10
860.36230400
 20
346.01025400
  0
SEQEND
  0
POLYLINE
  8
0
 66
   1
 39
0.000000
 70
    0
  0
VERTEX
  8
0
 10
765.45947200
 20
350.46875000
 42
-0.06052600
  0
VERTEX
  8
0
 10
764.35766600
 20
346.29516600
 42
-0.16976800
  0
VERTEX
  8
0
 10
760.75585900
 20
342.14904800
 42
-0.10443700
  0
VERTEX
  8
0
 10
758.31054700
 20
341.36291500
 42
-0.10697500
  0
VERTEX
  8
0
 10
753.38549800
 20
341.90808100
 42
-0.13642900
  0
VERTEX
  8
0
 10
746.03955100
 20
346.87512200
 42
-0.07137700
  0
VERTEX
  8
0
 10
744.09350600
 20
349.96228000
 42
-0.15330800
  0
VERTEX
  8
0
 10
743.67187500
 20
353.58728000
 42
-0.12237800
  0
VERTEX
  8
0
 10
744.61352500
 20
355.62988300
 42
-0.09200100
  0
VERTEX
  8
0
 10
746.64941400
 20
357.38598600
 42
-0.06869300
  0
VERTEX
  8
0
 10
749.92260700
 20
358.73559600
 42
-0.03949600
  0
VERTEX
  8
0
 10
754.57714800
 20
359.55859400
  0
SEQEND
  0
POLYLINE
  8
0
 66
   1
 39
0.000000
 70
    0
  0
VERTEX
  8
0
 10
765.01855400
 20
348.24023400
 42
0.08069200
  0
VERTEX
  8
0
 10
766.73535100
 20
344.49401900
 42
0.24147500
  0
VERTEX
  8
0
 10
772.41113300
 20
341.34716800
 42
0.10382800
  0
VERTEX
  8
0
 10
777.36792000
 20
342.22119200
 42
0.07787700
  0
VERTEX
  8
0
 10
781.96069300
 20
344.95507800
 42
0.09169800
  0
VERTEX
  8
0
 10
785.46459900
 20
349.21252500
 42
0.14580500
  0
VERTEX
  8
0
 10
786.28051700
 20
352.92749000
 42
0.17707900
  0
VERTEX
  8
0
 10
784.93798800
 20
355.90271000
 42
0.10733600
  0
VERTEX
  8
0
 10
781.67114200
 20
358.05468800
 42
0.04476400
  0
VERTEX
  8
0
 10
778.02783200
 20
359.09863300
  0
SEQEND
  0
POLYLINE
  8
0
 66
   1
 39
0.000000
 70
    0
  0
VERTEX
  8
0
 10
764.47119100
 20
367.82080100
 42
-0.06095300
  0
VERTEX
  8
0
 10
765.58105400
 20
372.01037600
 42
-0.16934600
  0
VERTEX
  8
0
 10
769.17480400
 20
376.13903800
 42
-0.10441100
  0
VERTEX
  8
0
 10
771.62060500
 20
376.92517100
 42
-0.10695900
  0
VERTEX
  8
0
 10
776.54638700
 20
376.38024900
 42
-0.13637100
  0
VERTEX
  8
0
 10
783.89575200
 20
371.41308600
 42
-0.07134600
  0
VERTEX
  8
0
 10
785.84277300
 20
368.32641600
 42
-0.15335600
  0
VERTEX
  8
0
 10
786.26464800
 20
364.70141600
 42
-0.12236800
  0
VERTEX
  8
0
 10
785.32324200
 20
362.65942400
 42
-0.09219500
  0
VERTEX
  8
0
 10
783.28735300
 20
360.90405300
 42
-0.06860600
  0
VERTEX
  8
0
 10
780.01318300
 20
359.55542000
 42
-0.03948600
  0
VERTEX
  8
0
 10
775.35742200
 20
358.73339900
  0
SEQEND
  0
POLYLINE
  8
0
 66
   1
 39
0.000000
 70
    0
  0
VERTEX
  8
0
 10
751.90527300
 20
359.19043000
 42
-0.04482300
  0
VERTEX
  8
0
 10
748.26171900
 20
360.23425300
 42
-0.10731400
  0
VERTEX
  8
0
 10
744.99438500
 20
362.38598600
 42
-0.17723600
  0
VERTEX
  8
0
 10
743.65185500
 20
365.36157200
 42
-0.14607800
  0
VERTEX
  8
0
 10
744.47338800
 20
369.08728000
 42
-0.09149100
  0
VERTEX
  8
0
 10
747.97583000
 20
373.33398400
 42
-0.07788300
  0
VERTEX
  8
0
 10
752.56542900
 20
376.06628400
 42
-0.10380300
  0
VERTEX
  8
0
 10
757.52099600
 20
376.94067400
 42
-0.24153600
  0
VERTEX
  8
0
 10
763.19531200
 20
373.79577600
 42
-0.08072500
  0
VERTEX
  8
0
 10
764.91162100
 20
370.04980500
  0
SEQEND
  0
POLYLINE
  8
0
 66
   1
 39
0.000000
 70
    0
  0
VERTEX
  8
0
 10
746.08569300
 20
371.43505900
 42
-0.11186000
  0
VERTEX
  8
0
 10
738.66113300
 20
378.75195300
 42
-0.09239000
  0
VERTEX
  8
0
 10
735.86059600
 20
385.98913600
 42
-0.06048300
  0
VERTEX
  8
0
 10
735.36279300
 20
393.73339900
 42
-0.06974200
  0
VERTEX
  8
0
 10
746.78198200
 20
391.08435100
 42
-0.14274400
  0
VERTEX
  8
0
 10
757.69409200
 20
382.77551300
 42
-0.07006100
  0
VERTEX
  8
0
 10
761.55297800
 20
375.65332000
  0
SEQEND
  0
POLYLINE
  8
0
 66
   1
 39
0.000000
 70
    0
  0
VERTEX
  8
0
 10
736.84155300
 20
382.43115200
 42
0.05119800
  0
VERTEX
  8
0
 10
729.61669900
 20
386.35205100
 42
0.14004000
  0
VERTEX
  8
0
 10
712.61718700
 20
388.34375000
 42
0.05187400
  0
VERTEX
  8
0
 10
704.78564400
 20
386.21582000
 42
0.12114400
  0
VERTEX
  8
0
 10
709.37255800
 20
376.50097700
 42
0.06600500
  0
VERTEX
  8
0
 10
714.39428700
 20
371.75817900
 42
0.05089200
  0
VERTEX
  8
0
 10
722.42431600
 20
367.12402400
  0
SEQEND
  0
POLYLINE
  8
0
 66
   1
 39
0.000000
 70
    0
  0
VERTEX
  8
0
 10
699.88427700
 20
356.45117200
 42
0.06613800
  0
VERTEX
  8
0
 10
707.42578100
 20
352.04211400
 42
0.06438200
  0
VERTEX
  8
0
 10
720.05322200
 20
348.56970200
 42
0.09652900
  0
VERTEX
  8
0
 10
744.08569300
 20
349.83691400
 42
-0.07070300
  0
VERTEX
  8
0
 10
730.03173800
 20
349.44409200
 42
-0.15542600
  0
VERTEX
  8
0
 10
715.16748000
 20
356.11132800
 42
-0.07100500
  0
VERTEX
  8
0
 10
709.36425800
 20
363.01562500
 42
-0.08118700
  0
VERTEX
  8
0
 10
722.42431600
 20
367.12402400
 42
-0.05457800
  0
VERTEX
  8
0
 10
733.10644500
 20
367.47668500
 42
-0.03698600
  0
VERTEX
  8
0
 10
743.67431600
 20
365.87988300
  0
SEQEND
  0
POLYLINE
  8
0
 66
   1
 39
0.000000
 70
    0
  0
VERTEX
  8
0
 10
750.42041000
 20
343.23339900
 42
-0.04681600
  0
VERTEX
  8
0
 10
736.44970700
 20
340.61450200
 42
-0.05545900
  0
VERTEX
  8
0
 10
712.95947200
 20
341.06250000
 42
-0.03181000
  0
VERTEX
  8
0
 10
704.53247100
 20
342.71362300
 42
-0.04092300
  0
VERTEX
  8
0
 10
696.90209900
 20
345.40332000
 42
-0.06428100
  0
VERTEX
  8
0
 10
690.00097600
 20
349.62597700
 42
-0.08011100
  0
VERTEX
  8
0
 10
684.64990200
 20
355.55456600
 42
-0.11724200
  0
VERTEX
  8
0
 10
682.60864200
 20
361.30773900
 42
-0.07378800
  0
VERTEX
  8
0
 10
682.70459000
 20
363.70849600
 42
-0.29161300
  0
VERTEX
  8
0
 10
689.45068300
 20
370.66418500
 42
-0.11805700
  0
VERTEX
  8
0
 10
696.04345700
 20
370.65210000
 42
-0.06850800
  0
VERTEX
  8
0
 10
698.80883800
 20
369.56787100
 42
-0.14192700
  0
VERTEX
  8
0
 10
702.49975600
 20
365.82775900
 42
-0.26561600
  0
VERTEX
  8
0
 10
702.35180600
 20
359.23156700
 42
-0.05890000
  0
VERTEX
  8
0
 10
700.85009700
 20
357.29394500
 42
-0.24451400
  0
VERTEX
  8
0
 10
693.18481400
 20
354.80346700
 42
-0.08792800
  0
VERTEX
  8
0
 10
687.52343700
 20
356.81152400
  0
SEQEND
  0
POLYLINE
  8
0
 66
   1
 39
0.000000
 70
    0
  0
VERTEX
  8
0
 10
690.00097600
 20
349.62597700
 42
-0.08072900
  0
VERTEX
  8
0
 10
676.34082000
 20
356.47998100
 42
-0.09768900
  0
VERTEX
  8
0
 10
664.87963800
 20
369.36425800
 42
0.08611600
  0
VERTEX
  8
0
 10
661.75268500
 20
367.05468800
 42
0.21193700
  0
VERTEX
  8
0
 10
659.36376900
 20
360.40991200
 42
0.09769000
  0
VERTEX
  8
0
 10
660.69140600
 20
355.56103500
 42
0.09356700
  0
VERTEX
  8
0
 10
664.16406200
 20
350.98132300
 42
0.05843500
  0
VERTEX
  8
0
 10
668.84619100
 20
347.64794900
  0
SEQEND
  0
POLYLINE
  8
0
 66
   1
 39
0.000000
 70
    0
  0
VERTEX
  8
0
 10
659.47363300
 20
362.26660200
 42
0.04127600
  0
VERTEX
  8
0
 10
658.89868100
 20
364.96521000
 42
0.23858500
  0
VERTEX
  8
0
 10
651.52807600
 20
372.70690900
 42
0.06964700
  0
VERTEX
  8
0
 10
644.80468700
 20
374.08642600
 42
0.11121400
  0
VERTEX
  8
0
 10
643.08520500
 20
368.80053700
 42
0.08649500
  0
VERTEX
  8
0
 10
643.52709900
 20
363.25964400
 42
0.06757800
  0
VERTEX
  8
0
 10
645.94116200
 20
357.33776900
 42
0.03634300
  0
VERTEX
  8
0
 10
649.52392600
 20
352.04052700
  0
SEQEND
  0
POLYLINE
  8
0
 66
   1
 39
0.000000
 70
    0
  0
VERTEX
  8
0
 10
643.01953100
 20
367.37597700
 42
0.11494100
  0
VERTEX
  8
0
 10
627.79638700
 20
373.86816400
 42
0.07717000
  0
VERTEX
  8
0
 10
617.70117200
 20
374.06481900
 42
0.18787900
  0
VERTEX
  8
0
 10
607.64355400
 20
368.49194300
 42
0.07895000
  0
VERTEX
  8
0
 10
604.44970700
 20
363.11425800
 42
-0.05365000
  0
VERTEX
  8
0
 10
611.07080100
 20
362.74743700
 42
-0.12270800
  0
VERTEX
  8
0
 10
617.16088800
 20
360.12414600
 42
-0.02131000
  0
VERTEX
  8
0
 10
620.79272400
 20
357.10510300
 42
0.11597100
  0
VERTEX
  8
0
 10
627.99047800
 20
353.12402400
 42
0.02590700
  0
VERTEX
  8
0
 10
632.56103500
 20
352.08984400
  0
SEQEND
  0
POLYLINE
  8
0
 66
   1
 39
0.000000
 70
    0
  0
VERTEX
  8
0
 10
629.40332000
 20
344.54394500
 42
0.17407100
  0
VERTEX
  8
0
 10
629.40551700
 20
338.68457000
 42
0.12666900
  0
VERTEX
  8
0
 10
632.15380800
 20
334.68298300
 42
0.07001500
  0
VERTEX
  8
0
 10
638.06689400
 20
330.83203100
 42
0.09620600
  0
VERTEX
  8
0
 10
649.00683600
 20
328.09326200
  0
SEQEND
  0
POLYLINE
  8
0
 66
   1
 39
0.000000
 70
    0
  0
VERTEX
  8
0
 10
629.40551700
 20
338.68457000
 42
0.05625900
  0
VERTEX
  8
0
 10
622.31884700
 20
341.70288100
 42
0.15222900
  0
VERTEX
  8
0
 10
606.94506800
 20
341.51989800
 42
0.05597300
  0
VERTEX
  8
0
 10
599.77368100
 20
338.26660200
 42
0.14927200
  0
VERTEX
  8
0
 10
602.59057600
 20
333.12268100
 42
0.08795200
  0
VERTEX
  8
0
 10
607.43750000
 20
329.82092300
 42
0.05376500
  0
VERTEX
  8
0
 10
613.66259700
 20
327.79126000
 42
0.04087000
  0
VERTEX
  8
0
 10
620.12597600
 20
326.97168000
  0
SEQEND
  0
POLYLINE
  8
0
 66
   1
 39
0.000000
 70
    0
  0
VERTEX
  8
0
 10
653.51953100
 20
320.74023400
 42
-0.03467100
  0
VERTEX
  8
0
 10
638.90112300
 20
317.79443400
 42
-0.06352200
  0
VERTEX
  8
0
 10
623.98876900
 20
317.75488300
 42
-0.02960200
  0
VERTEX
  8
0
 10
618.47949200
 20
318.78430200
 42
-0.04805700
  0
VERTEX
  8
0
 10
613.19580100
 20
320.65380900
 42
-0.10093800
  0
VERTEX
  8
0
 10
616.74145500
 20
324.85961900
 42
-0.13407300
  0
VERTEX
  8
0
 10
625.29809600
 20
328.50378400
 42
-0.07450400
  0
VERTEX
  8
0
 10
634.87963800
 20
328.38256800
 42
-0.03614200
  0
VERTEX
  8
0
 10
644.89746100
 20
325.99853500
  0
SEQEND
  0
POLYLINE
  8
0
 66
   1
 39
0.000000
 70
    0
  0
VERTEX
  8
0
 10
649.32739200
 20
297.86621100
 42
-0.06784400
  0
VERTEX
  8
0
 10
644.27490200
 20
293.09594700
 42
-0.20948700
  0
VERTEX
  8
0
 10
627.04760700
 20
289.45690900
 42
-0.13625600
  0
VERTEX
  8
0
 10
621.09521500
 20
292.52319300
 42
-0.12497200
  0
VERTEX
  8
0
 10
618.51904300
 20
296.49316400
 42
0.06802300
  0
VERTEX
  8
0
 10
623.88110300
 20
297.26208500
 42
0.15574100
  0
VERTEX
  8
0
 10
627.60742200
 20
299.74243200
 42
0.03170200
  0
VERTEX
  8
0
 10
629.58569300
 20
302.56518600
 42
-0.15248500
  0
VERTEX
  8
0
 10
634.19213800
 20
306.60766600
 42
-0.03642300
  0
VERTEX
  8
0
 10
638.70996100
 20
308.23046900
  0
SEQEND
  0
POLYLINE
  8
0
 66
   1
 39
0.000000
 70
    0
  0
VERTEX
  8
0
 10
679.65380800
 20
306.56250000
 42
-0.04394200
  0
VERTEX
  8
0
 10
679.03002900
 20
299.30932600
 42
-0.08373300
  0
VERTEX
  8
0
 10
676.59741200
 20
292.44787600
 42
-0.07386700
  0
VERTEX
  8
0
 10
673.59472600
 20
288.54101600
 42
-0.11661100
  0
VERTEX
  8
0
 10
667.11914000
 20
284.69238300
 42
-0.05357000
  0
VERTEX
  8
0
 10
665.51440400
 20
290.38354500
 42
-0.11529600
  0
VERTEX
  8
0
 10
665.98852500
 20
298.04345700
  0
SEQEND
  0
POLYLINE
  8
0
 66
   1
 39
0.000000
 70
    0
  0
VERTEX
  8
0
 10
705.73291000
 20
294.69238300
  0
VERTEX
  8
0
 10
704.95751900
 20
293.82568400
 42
-0.15723300
  0
VERTEX
  8
0
 10
698.42187500
 20
289.98779300
 42
-0.01135100
  0
VERTEX
  8
0
 10
698.24975600
 20
289.95605500
 42
-0.20733700
  0
VERTEX
  8
0
 10
687.11767600
 20
292.79101600
 42
-0.11675400
  0
VERTEX
  8
0
 10
683.52783200
 20
297.22900400
 42
-0.07834500
  0
VERTEX
  8
0
 10
681.88842800
 20
302.69653300
 42
-0.03385000
  0
VERTEX
  8
0
 10
681.64160100
 20
306.36035200
  0
SEQEND
  0
POLYLINE
  8
0
 66
   1
 39
0.000000
 70
    0
  0
VERTEX
  8
0
 10
689.80029300
 20
291.04296900
 42
-0.07739900
  0
VERTEX
  8
0
 10
691.32397400
 20
286.23620600
 42
-0.15036000
  0
VERTEX
  8
0
 10
690.27197200
 20
279.07800300
 42
-0.17703900
  0
VERTEX
  8
0
 10
685.08300800
 20
273.98584000
 42
-0.07435000
  0
VERTEX
  8
0
 10
677.57983400
 20
271.85156300
 42
0.05030700
  0
VERTEX
  8
0
 10
678.23730400
 20
274.52539100
 42
0.18809100
  0
VERTEX
  8
0
 10
677.15698200
 20
279.11364800
 42
0.01762400
  0
VERTEX
  8
0
 10
675.18042000
 20
281.77844200
 42
-0.15111200
  0
VERTEX
  8
0
 10
673.56323200
 20
285.90564000
 42
-0.04280100
  0
VERTEX
  8
0
 10
673.59472600
 20
288.54101600
  0
SEQEND
  0
POLYLINE
  8
0
 66
   1
 39
0.000000
 70
    0
  0
VERTEX
  8
0
 10
675.45800800
 20
315.25000000
 42
-0.06132900
  0
VERTEX
  8
0
 10
674.34033200
 20
311.04321300
 42
-0.16900200
  0
VERTEX
  8
0
 10
670.75488300
 20
306.93066400
 42
-0.10441700
  0
VERTEX
  8
0
 10
668.30908200
 20
306.14514200
 42
-0.10688500
  0
VERTEX
  8
0
 10
663.39135700
 20
306.68969700
 42
-0.13644800
  0
VERTEX
  8
0
 10
656.03784200
 20
311.66027800
 42
-0.07136000
  0
VERTEX
  8
0
 10
654.09155300
 20
314.74670400
 42
-0.15340400
  0
VERTEX
  8
0
 10
653.67016600
 20
318.37109400
 42
-0.12228000
  0
VERTEX
  8
0
 10
654.61206000
 20
320.41345200
 42
-0.09200600
  0
VERTEX
  8
0
 10
656.64794900
 20
322.16943400
 42
-0.06862700
  0
VERTEX
  8
0
 10
659.92114200
 20
323.51892100
 42
-0.03944600
  0
VERTEX
  8
0
 10
664.57568300
 20
324.34179700
  0
SEQEND
  0
POLYLINE
  8
0
 66
   1
 39
0.000000
 70
    0
  0
VERTEX
  8
0
 10
675.01757800
 20
313.02343800
 42
0.08056700
  0
VERTEX
  8
0
 10
676.73120100
 20
309.28112800
 42
0.24166000
  0
VERTEX
  8
0
 10
682.40966800
 20
306.13183600
 42
0.10382700
  0
VERTEX
  8
0
 10
687.36645500
 20
307.00683600
 42
0.07782400
  0
VERTEX
  8
0
 10
691.95947200
 20
309.74121100
 42
0.09173800
  0
VERTEX
  8
0
 10
695.46215800
 20
313.99572800
 42
0.14578100
  0
VERTEX
  8
0
 10
696.27905300
 20
317.71215800
 42
0.17716500
  0
VERTEX
  8
0
 10
694.93652300
 20
320.68750000
 42
0.10737900
  0
VERTEX
  8
0
 10
691.66943300
 20
322.83886700
 42
0.04476100
  0
VERTEX
  8
0
 10
688.02587900
 20
323.88232400
  0
SEQEND
  0
POLYLINE
  8
0
 66
   1
 39
0.000000
 70
    0
  0
VERTEX
  8
0
 10
674.46923800
 20
332.60449200
 42
-0.06111300
  0
VERTEX
  8
0
 10
675.58227500
 20
336.80041500
 42
-0.16920700
  0
VERTEX
  8
0
 10
679.17285100
 20
340.92260800
 42
-0.10441100
  0
VERTEX
  8
0
 10
681.61865200
 20
341.70849600
 42
-0.10682000
  0
VERTEX
  8
0
 10
686.53710900
 20
341.16540500
 42
-0.13649900
  0
VERTEX
  8
0
 10
693.89379900
 20
336.19543500
 42
-0.07130700
  0
VERTEX
  8
0
 10
695.84082000
 20
333.10913100
 42
-0.15341700
  0
VERTEX
  8
0
 10
696.26318300
 20
329.48437500
 42
-0.12236300
  0
VERTEX
  8
0
 10
695.32177700
 20
327.44226100
 42
-0.09209400
  0
VERTEX
  8
0
 10
693.28588800
 20
325.68652400
 42
-0.06860500
  0
VERTEX
  8
0
 10
690.01171900
 20
324.33715800
 42
-0.03948600
  0
VERTEX
  8
0
 10
685.35595700
 20
323.51416000
  0
SEQEND
  0
POLYLINE
  8
0
 66
   1
 39
0.000000
 70
    0
  0
VERTEX
  8
0
 10
661.90380800
 20
323.97363300
 42
-0.04476000
  0
VERTEX
  8
0
 10
658.26025400
 20
325.01709000
 42
-0.10729200
  0
VERTEX
  8
0
 10
654.99536100
 20
327.16589400
 42
-0.17713700
  0
VERTEX
  8
0
 10
653.64990200
 20
330.14428700
 42
-0.14576800
  0
VERTEX
  8
0
 10
654.46313500
 20
333.85266100
 42
-0.09190900
  0
VERTEX
  8
0
 10
657.97412100
 20
338.11816400
 42
-0.07793700
  0
VERTEX
  8
0
 10
662.56396500
 20
340.85095200
 42
-0.10375400
  0
VERTEX
  8
0
 10
667.51953100
 20
341.72522000
 42
-0.24134300
  0
VERTEX
  8
0
 10
673.19042900
 20
338.58447300
 42
-0.08090600
  0
VERTEX
  8
0
 10
674.91015600
 20
334.83447300
  0
SEQEND
  0
POLYLINE
  8
0
 66
   1
 39
0.000000
 70
    0
  0
VERTEX
  8
0
 10
833.28955100
 20
435.55322300
  0
VERTEX
  8
0
 10
833.87084900
 20
435.17675800
 42
0.07151000
  0
VERTEX
  8
0
 10
839.97876000
 20
432.32299800
 42
0.06967000
  0
VERTEX
  8
0
 10
846.85058600
 20
431.17529300
 42
0.09707500
  0
VERTEX
  8
0
 10
855.32348600
 20
432.70654300
 42
0.06899600
  0
VERTEX
  8
0
 10
863.88647400
 20
437.49731500
 42
0.14860800
  0
VERTEX
  8
0
 10
880.16650400
 20
459.92565900
 42
0.05524400
  0
VERTEX
  8
0
 10
882.89550800
 20
471.98974600
 42
0.03241000
  0
VERTEX
  8
0
 10
883.40820300
 20
482.82226600
  0
VERTEX
  8
0
 10
883.40332000
 20
483.03027400
  0
SEQEND
  0
POLYLINE
  8
0
 66
   1
 39
0.000000
 70
    0
  0
VERTEX
  8
0
 10
868.19311500
 20
428.88085900
 42
-0.07431100
  0
VERTEX
  8
0
 10
867.34790000
 20
422.82470700
 42
-0.17557200
  0
VERTEX
  8
0
 10
862.79663100
 20
416.64331100
 42
-0.02087900
  0
VERTEX
  8
0
 10
859.48730400
 20
414.62866200
 42
0.00262500
  0
VERTEX
  8
0
 10
856.05053700
 20
412.70495600
 42
0.09280700
  0
VERTEX
  8
0
 10
851.05249000
 20
408.49011200
 42
0.03173100
  0
VERTEX
  8
0
 10
848.79687500
 20
405.34179700
 42
-0.14054200
  0
VERTEX
  8
0
 10
841.14111300
 20
410.09228500
 42
-0.15725200
  0
VERTEX
  8
0
 10
837.82177700
 20
417.44189500
 42
-0.25464900
  0
VERTEX
  8
0
 10
842.29638700
 20
428.43896500
 42
-0.07242700
  0
VERTEX
  8
0
 10
846.85058600
 20
431.17529300
  0
SEQEND
  0
POLYLINE
  8
0
 66
   1
 39
0.000000
 70
    0
  0
VERTEX
  8
0
 10
872.37915000
 20
423.24609400
 42
-0.06793300
  0
VERTEX
  8
0
 10
869.60546900
 20
426.10534700
 42
-0.20637300
  0
VERTEX
  8
0
 10
867.88330100
 20
433.54296900
 42
-0.03984400
  0
VERTEX
  8
0
 10
869.16748000
 20
438.38671900
 42
-0.02728900
  0
VERTEX
  8
0
 10
871.06274400
 20
442.93615700
 42
-0.04503800
  0
VERTEX
  8
0
 10
873.59399400
 20
447.16503900
  0
SEQEND
  0
POLYLINE
  8
0
 66
   1
 39
0.000000
 70
    0
  0
VERTEX
  8
0
 10
894.90869100
 20
487.62402400
 42
-0.02899100
  0
VERTEX
  8
0
 10
893.71435500
 20
470.70422400
 42
-0.04311000
  0
VERTEX
  8
0
 10
890.05639600
 20
453.92150900
 42
-0.05383900
  0
VERTEX
  8
0
 10
882.98071300
 20
437.56787100
 42
-0.06072700
  0
VERTEX
  8
0
 10
872.37915000
 20
423.24609400
 42
0.06890100
  0
VERTEX
  8
0
 10
878.25048800
 20
422.47729500
 42
0.06340700
  0
VERTEX
  8
0
 10
884.07617200
 20
423.19726600
 42
0.09370900
  0
VERTEX
  8
0
 10
889.89379900
 20
426.00903300
 42
0.07277300
  0
VERTEX
  8
0
 10
894.47656200
 20
430.56420900
 42
0.05333100
  0
VERTEX
  8
0
 10
898.31420900
 20
437.01684600
 42
0.04652400
  0
VERTEX
  8
0
 10
904.71997100
 20
455.29956100
 42
0.09148900
  0
VERTEX
  8
0
 10
906.21899400
 20
479.61132800
  0
SEQEND
  0
POLYLINE
  8
0
 66
   1
 39
0.000000
 70
    0
  0
VERTEX
  8
0
 10
896.91210900
 20
420.63769500
 42
-0.19851500
  0
VERTEX
  8
0
 10
895.15698200
 20
413.49365200
 42
-0.05218100
  0
VERTEX
  8
0
 10
890.76953100
 20
408.66003400
 42
0.01979000
  0
VERTEX
  8
0
 10
887.33422800
 20
405.33447300
 42
0.02923800
  0
VERTEX
  8
0
 10
885.30102500
 20
402.93737800
 42
0.06178500
  0
VERTEX
  8
0
 10
883.73535100
 20
400.21191400
 42
-0.09097400
  0
VERTEX
  8
0
 10
877.86401300
 20
402.88366700
 42
-0.20039100
  0
VERTEX
  8
0
 10
873.46069300
 20
409.80200200
 42
-0.13230800
  0
VERTEX
  8
0
 10
874.06347600
 20
416.34777800
 42
-0.10947600
  0
VERTEX
  8
0
 10
877.94140600
 20
422.35839900
  0
SEQEND
  0
POLYLINE
  8
0
 66
   1
 39
0.000000
 70
    0
  0
VERTEX
  8
0
 10
873.91259700
 20
482.20996100
  0
VERTEX
  8
0
 10
874.62500000
 20
482.20507800
 42
0.08870900
  0
VERTEX
  8
0
 10
889.34619100
 20
484.70044000
 42
0.06954500
  0
VERTEX
  8
0
 10
894.91064400
 20
487.62402400
 42
0.13994900
  0
VERTEX
  8
0
 10
901.11108400
 20
495.45996100
 42
0.07379200
  0
VERTEX
  8
0
 10
903.00390600
 20
503.06347700
 42
0.05249600
  0
VERTEX
  8
0
 10
902.92724600
 20
512.37793000
 42
0.02987600
  0
VERTEX
  8
0
 10
901.36865200
 20
521.30468800
  0
VERTEX
  8
0
 10
900.98144500
 20
522.93994200
  0
SEQEND
  0
POLYLINE
  8
0
 66
   1
 39
0.000000
 70
    0
  0
VERTEX
  8
0
 10
838.65087900
 20
60.31933600
 42
-0.06959100
  0
VERTEX
  8
0
 10
833.77807600
 20
62.72058100
 42
-0.16953500
  0
VERTEX
  8
0
 10
828.17163100
 20
70.28002900
 42
-0.13789800
  0
VERTEX
  8
0
 10
827.97876000
 20
77.11950700
 42
-0.11363100
  0
VERTEX
  8
0
 10
831.09130800
 20
83.21289100
  0
VERTEX
  8
0
 10
831.31542900
 20
83.47949200
  0
SEQEND
  0
POLYLINE
  8
0
 66
   1
 39
0.000000
 70
    0
  0
VERTEX
  8
0
 10
816.30517600
 20
88.73925800
 42
0.15203000
  0
VERTEX
  8
0
 10
819.18896500
 20
85.25024400
 42
0.09943700
  0
VERTEX
  8
0
 10
823.39209000
 20
83.57043500
 42
0.07944400
  0
VERTEX
  8
0
 10
830.69384700
 20
83.39941400
 42
0.01982300
  0
VERTEX
  8
0
 10
834.10546900
 20
84.00170900
 42
0.06213500
  0
VERTEX
  8
0
 10
840.72607400
 20
86.33203100
 42
0.08400900
  0
VERTEX
  8
0
 10
852.42041000
 20
96.60034200
 42
0.07187600
  0
VERTEX
  8
0
 10
859.44238300
 20
108.54235800
 42
0.05570300
  0
VERTEX
  8
0
 10
863.06591800
 20
121.29943900
 42
0.02399600
  0
VERTEX
  8
0
 10
864.56640600
 20
134.01269500
  0
SEQEND
  0
POLYLINE
  8
0
 66
   1
 39
0.000000
 70
    0
  0
VERTEX
  8
0
 10
723.47949200
 20
299.00976600
 42
-0.05906800
  0
VERTEX
  8
0
 10
718.96093700
 20
295.81115700
 42
-0.28903200
  0
VERTEX
  8
0
 10
701.31127900
 20
296.95556700
 42
-0.16036000
  0
VERTEX
  8
0
 10
696.76318300
 20
303.45642100
 42
-0.09072400
  0
VERTEX
  8
0
 10
695.98535100
 20
310.39819300
 42
-0.12784500
  0
VERTEX
  8
0
 10
700.05615200
 20
322.53308100
 42
-0.06283500
  0
VERTEX
  8
0
 10
706.35034200
 20
329.95385800
 42
-0.04077700
  0
VERTEX
  8
0
 10
713.59863300
 20
335.58386200
 42
-0.02429800
  0
VERTEX
  8
0
 10
721.62817400
 20
340.29199200
  0
SEQEND
  0
POLYLINE
  8
0
 66
   1
 39
0.000000
 70
    0
  0
VERTEX
  8
0
 10
713.37890600
 20
325.13476600
 42
0.07447100
  0
VERTEX
  8
0
 10
708.94726500
 20
319.06591800
 42
0.11348200
  0
VERTEX
  8
0
 10
707.46582000
 20
313.40820300
 42
0.21678100
  0
VERTEX
  8
0
 10
711.65380800
 20
303.74121100
 42
0.08371000
  0
VERTEX
  8
0
 10
715.84838800
 20
301.06506400
 42
0.06894500
  0
VERTEX
  8
0
 10
723.47949200
 20
299.00976600
 42
-0.16138800
  0
VERTEX
  8
0
 10
718.62158200
 20
309.77905300
 42
-0.15258700
  0
VERTEX
  8
0
 10
720.25292900
 20
317.86389200
 42
-0.08485600
  0
VERTEX
  8
0
 10
724.31298800
 20
322.97522000
 42
-0.04852600
  0
VERTEX
  8
0
 10
730.48095700
 20
327.50305200
 42
-0.03604200
  0
VERTEX
  8
0
 10
738.14233400
 20
331.33911100
 42
-0.03577800
  0
VERTEX
  8
0
 10
755.85009700
 20
337.21923800
 42
-0.01257500
  0
VERTEX
  8
0
 10
773.24609400
 20
341.18115200
  0
SEQEND
  0
POLYLINE
  8
0
 66
   1
 39
0.000000
 70
    0
  0
VERTEX
  8
0
 10
728.41992200
 20
281.16113300
 42
0.04457200
  0
VERTEX
  8
0
 10
733.34399400
 20
283.63073700
 42
0.05868400
  0
VERTEX
  8
0
 10
737.65795900
 20
287.05664100
 42
0.12047800
  0
VERTEX
  8
0
 10
743.39892600
 20
296.95263700
 42
-0.03508000
  0
VERTEX
  8
0
 10
747.09472600
 20
303.57568400
 42
-0.15161300
  0
VERTEX
  8
0
 10
774.54858400
 20
326.26928700
 42
-0.04873400
  0
VERTEX
  8
0
 10
792.04248000
 20
331.53588900
 42
-0.02914500
  0
VERTEX
  8
0
 10
806.50927700
 20
333.52685600
 42
-0.02217700
  0
VERTEX
  8
0
 10
820.99658200
 20
334.02197300
  0
SEQEND
  0
POLYLINE
  8
0
 66
   1
 39
0.000000
 70
    0
  0
VERTEX
  8
0
 10
806.90039000
 20
319.56835900
 42
0.02240700
  0
VERTEX
  8
0
 10
801.89794900
 20
316.25268600
 42
0.03889400
  0
VERTEX
  8
0
 10
797.34814400
 20
312.35864300
 42
0.06579800
  0
VERTEX
  8
0
 10
793.67822200
 20
307.56860400
 42
0.09782100
  0
VERTEX
  8
0
 10
792.12939400
 20
303.00683600
 42
0.17684600
  0
VERTEX
  8
0
 10
794.02636700
 20
294.72460900
 42
-0.09052100
  0
VERTEX
  8
0
 10
786.87646500
 20
294.68823300
 42
-0.21369000
  0
VERTEX
  8
0
 10
779.78955100
 20
299.50048800
 42
-0.04317100
  0
VERTEX
  8
0
 10
778.87280300
 20
301.31909200
 42
-0.22203900
  0
VERTEX
  8
0
 10
779.31542900
 20
309.18005400
 42
-0.07981000
  0
VERTEX
  8
0
 10
782.78002900
 20
313.71337900
  0
SEQEND
  0
POLYLINE
  8
0
 66
   1
 39
0.000000
 70
    0
  0
VERTEX
  8
0
 10
845.62548800
 20
323.23144500
 42
-0.05146900
  0
VERTEX
  8
0
 10
841.97924800
 20
313.72741700
 42
-0.07663800
  0
VERTEX
  8
0
 10
836.04663100
 20
305.45544400
 42
-0.11664900
  0
VERTEX
  8
0
 10
825.50488300
 20
298.79638700
 42
-0.08732000
  0
VERTEX
  8
0
 10
810.91015600
 20
296.48632800
 42
-0.09530700
  0
VERTEX
  8
0
 10
804.68286100
 20
297.16125500
 42
-0.22173000
  0
VERTEX
  8
0
 10
799.08837900
 20
302.21228000
 42
-0.19709800
  0
VERTEX
  8
0
 10
798.98022400
 20
312.30188000
 42
-0.06747400
  0
VERTEX
  8
0
 10
800.99169900
 20
315.87109400
  0
SEQEND
  0
POLYLINE
  8
0
 66
   1
 39
0.000000
 70
    0
  0
VERTEX
  8
0
 10
810.91015600
 20
296.48632800
 42
-0.11458700
  0
VERTEX
  8
0
 10
810.93481400
 20
302.10669000
 42
-0.11713900
  0
VERTEX
  8
0
 10
814.99169900
 20
310.17663600
 42
-0.06768400
  0
VERTEX
  8
0
 10
822.06665000
 20
316.59326200
 42
-0.03330600
  0
VERTEX
  8
0
 10
830.95849600
 20
321.86132800
  0
SEQEND
  0
POLYLINE
  8
0
 66
   1
 39
0.000000
 70
    0
  0
VERTEX
  8
0
 10
784.10742200
 20
295.60742200
 42
-0.04762100
  0
VERTEX
  8
0
 10
776.99169900
 20
292.10669000
 42
-0.05759500
  0
VERTEX
  8
0
 10
769.30224600
 20
290.16796900
 42
-0.09365500
  0
VERTEX
  8
0
 10
754.98046900
 20
291.15234400
  0
SEQEND
  0
POLYLINE
  8
0
 66
   1
 39
0.000000
 70
    0
  0
VERTEX
  8
0
 10
723.17138700
 20
288.31738300
 42
0.01457800
  0
VERTEX
  8
0
 10
726.90063500
 20
292.89929200
 42
0.05278800
  0
VERTEX
  8
0
 10
731.92968700
 20
301.12951700
 42
0.00190700
  0
VERTEX
  8
0
 10
734.48046900
 20
306.55944800
 42
-0.06912600
  0
VERTEX
  8
0
 10
740.32910100
 20
315.61633300
 42
-0.03827200
  0
VERTEX
  8
0
 10
745.14306600
 20
320.40673800
 42
-0.07221100
  0
VERTEX
  8
0
 10
763.23193300
 20
331.80505400
 42
-0.06617200
  0
VERTEX
  8
0
 10
787.89257800
 20
339.05468800
  0
SEQEND
  0
POLYLINE
  8
0
 66
   1
 39
0.000000
 70
    0
  0
VERTEX
  8
0
 10
859.96972600
 20
71.47998100
 42
-0.09497800
  0
VERTEX
  8
0
 10
854.42846700
 20
75.71325700
 42
-0.15350100
  0
VERTEX
  8
0
 10
851.04248000
 20
83.20593300
 42
-0.06891600
  0
VERTEX
  8
0
 10
851.13525400
 20
88.43505900
 42
-0.04759700
  0
VERTEX
  8
0
 10
852.48095700
 20
93.69433600
 42
-0.02867900
  0
VERTEX
  8
0
 10
854.61084000
 20
98.69043000
  0
SEQEND
  0
POLYLINE
  8
0
 66
   1
 39
0.000000
 70
    0
  0
VERTEX
  8
0
 10
852.65966800
 20
78.23779300
 42
-0.10724800
  0
VERTEX
  8
0
 10
852.24853500
 20
72.50756800
 42
-0.15229700
  0
VERTEX
  8
0
 10
847.02294900
 20
64.66210900
 42
-0.10161800
  0
VERTEX
  8
0
 10
838.65087900
 20
60.31933600
 42
-0.03944400
  0
VERTEX
  8
0
 10
823.82031200
 20
51.80688500
 42
-0.03219000
  0
VERTEX
  8
0
 10
807.40722600
 20
45.29162600
 42
-0.08856200
  0
VERTEX
  8
0
 10
760.27807600
 20
38.80078100
 42
-0.05510400
  0
VERTEX
  8
0
 10
738.28955100
 20
42.12207000
 42
-0.04851300
  0
VERTEX
  8
0
 10
723.49462900
 20
47.63964900
 42
-0.06405400
  0
VERTEX
  8
0
 10
710.30273400
 20
56.31738300
  0
VERTEX
  8
0
 10
709.74560500
 20
56.79785200
  0
SEQEND
  0
POLYLINE
  8
0
 66
   1
 39
0.000000
 70
    0
  0
VERTEX
  8
0
 10
893.99951200
 20
106.92480500
 42
-0.04994500
  0
VERTEX
  8
0
 10
893.66723600
 20
95.64965800
 42
-0.14062000
  0
VERTEX
  8
0
 10
885.81738300
 20
77.52392600
 42
-0.06621100
  0
VERTEX
  8
0
 10
879.89990200
 20
72.00537100
 42
-0.17268200
  0
VERTEX
  8
0
 10
869.41650400
 20
69.03247100
 42
-0.09420100
  0
VERTEX
  8
0
 10
859.96972600
 20
71.47998100
 42
0.09176900
  0
VERTEX
  8
0
 10
871.94213800
 20
87.43554700
 42
0.06237000
  0
VERTEX
  8
0
 10
877.71826200
 20
103.96716300
 42
0.02882800
  0
VERTEX
  8
0
 10
879.55175800
 20
115.78418000
  0
SEQEND
  0
POLYLINE
  8
0
 66
   1
 39
0.000000
 70
    0
  0
VERTEX
  8
0
 10
897.21337900
 20
62.24462900
 42
-0.08215800
  0
VERTEX
  8
0
 10
891.65649400
 20
64.18066400
 42
-0.12794600
  0
VERTEX
  8
0
 10
886.71337900
 20
68.81970200
 42
-0.23417500
  0
VERTEX
  8
0
 10
885.81738300
 20
77.52392600
  0
SEQEND
  0
POLYLINE
  8
0
 66
   1
 39
0.000000
 70
    0
  0
VERTEX
  8
0
 10
890.42724600
 20
64.95410200
 42
-0.02115700
  0
VERTEX
  8
0
 10
890.34912100
 20
64.18994200
 42
-0.12551700
  0
VERTEX
  8
0
 10
888.49023400
 20
59.72583000
 42
-0.12266700
  0
VERTEX
  8
0
 10
883.50097600
 20
55.67053200
 42
-0.13317100
  0
VERTEX
  8
0
 10
874.18139600
 20
54.03710900
 42
-0.08514100
  0
VERTEX
  8
0
 10
871.06518500
 20
57.37036100
 42
-0.23526300
  0
VERTEX
  8
0
 10
870.24365200
 20
64.19921900
 42
-0.07812500
  0
VERTEX
  8
0
 10
872.96044900
 20
69.19238300
  0
SEQEND
  0
POLYLINE
  8
0
 66
   1
 39
0.000000
 70
    0
  0
VERTEX
  8
0
 10
224.97851500
 20
62.97705100
 42
-0.00512200
  0
VERTEX
  8
0
 10
222.88330100
 20
62.66796900
 42
-0.00365100
  0
VERTEX
  8
0
 10
220.40844700
 20
62.49072300
 42
-0.20777700
  0
VERTEX
  8
0
 10
101.20849600
 20
105.38671900
 42
-0.07234200
  0
VERTEX
  8
0
 10
75.84912100
 20
137.44494600
 42
-0.07624400
  0
VERTEX
  8
0
 10
60.96728500
 20
175.51953100
 42
-0.06409200
  0
VERTEX
  8
0
 10
57.94824200
 20
211.34082000
 42
-0.06774800
  0
VERTEX
  8
0
 10
64.35595700
 20
246.71093800
 42
-0.16063600
  0
VERTEX
  8
0
 10
111.74511700
 20
316.21081600
 42
-0.09005500
  0
VERTEX
  8
0
 10
156.73144500
 20
339.29345700
 42
-0.06586000
  0
VERTEX
  8
0
 10
199.14624000
 20
346.03027400
 42
-0.04028900
  0
VERTEX
  8
0
 10
223.20263700
 20
344.71777400
 42
-0.05423400
  0
VERTEX
  8
0
 10
276.96069300
 20
334.85339400
 42
-0.03318500
  0
VERTEX
  8
0
 10
304.68115200
 20
324.53906300
 42
-0.01349800
  0
VERTEX
  8
0
 10
320.47314400
 20
318.08593800
 42
-0.04824400
  0
VERTEX
  8
0
 10
385.59765600
 20
283.72790500
 42
-0.02857400
  0
VERTEX
  8
0
 10
415.71069300
 20
261.36938500
 42
0.05014900
  0
VERTEX
  8
0
 10
527.24536100
 20
172.98193400
 42
0.02829300
  0
VERTEX
  8
0
 10
588.81298800
 20
138.27832000
 42
0.17553700
  0
VERTEX
  8
0
 10
732.84643500
 20
120.68237300
 42
0.03361300
  0
VERTEX
  8
0
 10
760.81762700
 20
129.12597700
  0
SEQEND
  0
POLYLINE
  8
0
 66
   1
 39
0.000000
 70
    0
  0
VERTEX
  8
0
 10
816.14013700
 20
136.79931700
 42
-0.00084400
  0
VERTEX
  8
0
 10
803.67968700
 20
128.40869200
 42
-0.02442300
  0
VERTEX
  8
0
 10
792.60376000
 20
121.73767100
 42
-0.00660100
  0
VERTEX
  8
0
 10
791.64965800
 20
121.24023400
 42
-0.17196000
  0
VERTEX
  8
0
 10
637.40380800
 20
100.58923300
 42
-0.06435700
  0
VERTEX
  8
0
 10
579.58276300
 20
120.79821800
 42
-0.04743800
  0
VERTEX
  8
0
 10
461.29956000
 20
195.21447800
 42
-0.03071600
  0
VERTEX
  8
0
 10
402.35253900
 20
246.67431700
 42
0.04897800
  0
VERTEX
  8
0
 10
343.80712900
 20
285.53442400
 42
0.02743100
  0
VERTEX
  8
0
 10
312.56689400
 20
299.98632800
 42
0.01416100
  0
VERTEX
  8
0
 10
296.95849600
 20
306.35644500
 42
0.05505700
  0
VERTEX
  8
0
 10
248.54003900
 20
321.58972200
 42
0.03350600
  0
VERTEX
  8
0
 10
221.17626900
 20
325.10742200
 42
0.05124600
  0
VERTEX
  8
0
 10
191.58667000
 20
325.91821300
 42
0.05583300
  0
VERTEX
  8
0
 10
162.50830100
 20
320.43066400
 42
0.06354900
  0
VERTEX
  8
0
 10
134.97802700
 20
308.26879900
 42
0.06376400
  0
VERTEX
  8
0
 10
112.20800800
 20
290.21923800
 42
0.12378900
  0
VERTEX
  8
0
 10
83.52978500
 20
241.09960900
 42
0.06414400
  0
VERTEX
  8
0
 10
77.94555600
 20
210.62524400
 42
0.06796600
  0
VERTEX
  8
0
 10
80.50830100
 20
179.72070300
 42
0.07328700
  0
VERTEX
  8
0
 10
93.30444300
 20
147.08093300
 42
0.07500200
  0
VERTEX
  8
0
 10
115.05419900
 20
119.60498100
 42
0.04899200
  0
VERTEX
  8
0
 10
138.47485300
 20
101.45788600
 42
0.05313400
  0
VERTEX
  8
0
 10
165.07861300
 20
88.43652400
 42
0.18077800
  0
VERTEX
  8
0
 10
223.91259700
 20
80.85546900
 42
0.07546300
  0
VERTEX
  8
0
 10
239.48364200
 20
88.01123100
 42
0.07906300
  0
VERTEX
  8
0
 10
252.14794900
 20
99.55615200
  0
SEQEND
  0
POLYLINE
  8
0
 66
   1
 39
0.000000
 70
    0
  0
VERTEX
  8
0
 10
281.85498000
 20
230.28613300
 42
-0.03862100
  0
VERTEX
  8
0
 10
375.38501000
 20
172.99328600
 42
-0.02388700
  0
VERTEX
  8
0
 10
420.05371100
 20
137.26648000
 42
0.03966600
  0
VERTEX
  8
0
 10
480.65893500
 20
92.78271500
 42
0.02305300
  0
VERTEX
  8
0
 10
513.11523400
 20
74.71777400
  0
VERTEX
  8
0
 10
305.75927700
 20
74.03320300
 42
0.21807100
  0
VERTEX
  8
0
 10
317.22363300
 20
130.43518100
 42
0.21708300
  0
VERTEX
  8
0
 10
282.09814400
 20
176.02929700
 42
0.04007300
  0
VERTEX
  8
0
 10
264.69165000
 20
183.52331600
 42
0.05918500
  0
VERTEX
  8
0
 10
246.14965800
 20
187.44055200
 42
0.04553700
  0
VERTEX
  8
0
 10
234.70849600
 20
187.42919900
 42
0.15378700
  0
VERTEX
  8
0
 10
203.27392600
 20
174.24462900
 42
0.04278300
  0
VERTEX
  8
0
 10
194.44140600
 20
165.36816400
 42
-0.10008800
  0
VERTEX
  8
0
 10
182.56054700
 20
180.80444300
 42
-0.17527400
  0
VERTEX
  8
0
 10
179.00439400
 20
213.16796900
 42
-0.17138500
  0
VERTEX
  8
0
 10
196.77294900
 20
240.45849600
 42
-0.15496500
  0
VERTEX
  8
0
 10
225.39355400
 20
250.80419900
 42
-0.06488800
  0
VERTEX
  8
0
 10
255.00439400
 20
244.34106500
 42
-0.06898300
  0
VERTEX
  8
0
 10
281.85595700
 20
230.28515600
  0
SEQEND
  0
POLYLINE
  8
0
 66
   1
 39
0.000000
 70
    0
  0
VERTEX
  8
0
 10
392.16064400
 20
101.82910200
 42
0.07238400
  0
VERTEX
  8
0
 10
393.28442400
 20
104.63879400
 42
0.18487200
  0
VERTEX
  8
0
 10
392.65332000
 20
109.47802700
 42
0.12861200
  0
VERTEX
  8
0
 10
389.46435500
 20
112.89355500
 42
0.21564800
  0
VERTEX
  8
0
 10
376.17773400
 20
114.75305200
 42
0.15835700
  0
VERTEX
  8
0
 10
370.53369100
 20
110.89355500
 42
0.14814700
  0
VERTEX
  8
0
 10
368.98657200
 20
106.36059600
 42
0.20028500
  0
VERTEX
  8
0
 10
372.41796900
 20
97.25952200
 42
0.12366500
  0
VERTEX
  8
0
 10
376.87744100
 20
94.40820300
 42
0.06843400
  0
VERTEX
  8
0
 10
383.12402300
 20
92.94860800
 42
0.04007100
  0
VERTEX
  8
0
 10
390.01489200
 20
92.85986300
 42
0.08999100
  0
VERTEX
  8
0
 10
400.96704100
 20
95.61767600
 42
0.22759800
  0
VERTEX
  8
0
 10
411.00927700
 20
107.61157200
 42
0.07103600
  0
VERTEX
  8
0
 10
411.82666000
 20
115.16064500
 42
0.05227100
  0
VERTEX
  8
0
 10
410.77929700
 20
122.68115200
 42
0.05999800
  0
VERTEX
  8
0
 10
407.01489200
 20
130.67858900
 42
0.08432100
  0
VERTEX
  8
0
 10
395.42602500
 20
143.67993200
 42
0.06090900
  0
VERTEX
  8
0
 10
383.22583000
 20
151.20886200
 42
0.07351200
  0
VERTEX
  8
0
 10
369.18750000
 20
155.31396500
 42
0.07212700
  0
VERTEX
  8
0
 10
360.27856400
 20
155.26159700
 42
0.01835700
  0
VERTEX
  8
0
 10
356.32812500
 20
154.51513700
 42
0.08937700
  0
VERTEX
  8
0
 10
347.72656200
 20
150.85986300
 42
0.09442400
  0
VERTEX
  8
0
 10
344.39648400
 20
147.64135800
 42
0.18928400
  0
VERTEX
  8
0
 10
342.90380800
 20
141.54345700
 42
0.14955700
  0
VERTEX
  8
0
 10
344.45288100
 20
137.97168000
 42
0.23434600
  0
VERTEX
  8
0
 10
352.63720700
 20
134.46972700
  0
SEQEND
  0
POLYLINE
  8
0
 66
   1
 39
0.000000
 70
    0
  0
VERTEX
  8
0
 10
374.48193300
 20
114.19238300
 42
-0.19273500
  0
VERTEX
  8
0
 10
368.01660100
 20
115.21337900
 42
-0.07448800
  0
VERTEX
  8
0
 10
365.74829100
 20
117.07092300
 42
-0.12752700
  0
VERTEX
  8
0
 10
364.38867200
 20
119.66845700
 42
-0.09725700
  0
VERTEX
  8
0
 10
364.46630800
 20
122.77880900
 42
-0.14671800
  0
VERTEX
  8
0
 10
366.24829100
 20
125.96386700
 42
-0.12058700
  0
VERTEX
  8
0
 10
371.49218700
 20
129.03149400
 42
-0.14973800
  0
VERTEX
  8
0
 10
387.41357400
 20
128.90429700
 42
-0.06002300
  0
VERTEX
  8
0
 10
392.03881800
 20
126.91589400
 42
-0.25917600
  0
VERTEX
  8
0
 10
403.29614200
 20
108.03540000
 42
-0.10734200
  0
VERTEX
  8
0
 10
401.93212900
 20
100.68359400
  0
SEQEND
  0
POLYLINE
  8
0
 66
   1
 39
0.000000
 70
    0
  0
VERTEX
  8
0
 10
365.26074200
 20
124.07470700
 42
-0.06981800
  0
VERTEX
  8
0
 10
358.90356400
 20
124.81713900
 42
-0.09754100
  0
VERTEX
  8
0
 10
355.51220700
 20
126.45605500
 42
-0.17401800
  0
VERTEX
  8
0
 10
352.51367200
 20
131.05029300
 42
-0.22683400
  0
VERTEX
  8
0
 10
353.67016600
 20
136.41320800
 42
-0.06380900
  0
VERTEX
  8
0
 10
355.22729500
 20
137.96875000
 42
-0.08307200
  0
VERTEX
  8
0
 10
361.66992200
 20
141.41882300
 42
-0.08847400
  0
VERTEX
  8
0
 10
373.77294900
 20
143.23999000
 42
-0.11736400
  0
VERTEX
  8
0
 10
398.32543900
 20
136.68774400
 42
-0.06637500
  0
VERTEX
  8
0
 10
406.73437500
 20
130.59521500
  0
SEQEND
  0
POLYLINE
  8
0
 66
   1
 39
0.000000
 70
    0
  0
VERTEX
  8
0
 10
342.94238300
 20
143.72949200
 42
-0.09716100
  0
VERTEX
  8
0
 10
337.07763700
 20
143.56481900
 42
-0.13733000
  0
VERTEX
  8
0
 10
331.76562500
 20
146.05603000
 42
-0.09526300
  0
VERTEX
  8
0
 10
329.75537100
 20
148.59619200
 42
-0.20806800
  0
VERTEX
  8
0
 10
329.32397400
 20
154.80773900
 42
-0.11201700
  0
VERTEX
  8
0
 10
331.53710900
 20
158.30664100
 42
-0.06223900
  0
VERTEX
  8
0
 10
334.80908200
 20
160.84326200
 42
-0.09154500
  0
VERTEX
  8
0
 10
347.96484400
 20
164.06103500
 42
-0.07926900
  0
VERTEX
  8
0
 10
361.43945300
 20
162.69653300
 42
-0.05892200
  0
VERTEX
  8
0
 10
374.02734400
 20
157.71508800
 42
-0.04475500
  0
VERTEX
  8
0
 10
385.35253900
 20
150.23046900
  0
SEQEND
  0
POLYLINE
  8
0
 66
   1
 39
0.000000
 70
    0
  0
VERTEX
  8
0
 10
329.16943300
 20
151.25927700
 42
-0.06752000
  0
VERTEX
  8
0
 10
321.23632800
 20
152.32031300
 42
-0.11696000
  0
VERTEX
  8
0
 10
317.29931600
 20
154.47460900
 42
-0.08760400
  0
VERTEX
  8
0
 10
315.10058600
 20
157.87146000
 42
-0.14550600
  0
VERTEX
  8
0
 10
314.65307600
 20
161.89306700
 42
-0.09462600
  0
VERTEX
  8
0
 10
315.99511700
 20
165.38574200
 42
-0.07412600
  0
VERTEX
  8
0
 10
318.66015600
 20
168.52722200
 42
-0.17691200
  0
VERTEX
  8
0
 10
334.17285100
 20
174.52758800
 42
-0.02448900
  0
VERTEX
  8
0
 10
335.74804700
 20
174.47998100
 42
-0.07433700
  0
VERTEX
  8
0
 10
346.90136700
 20
173.32898000
 42
-0.05417300
  0
VERTEX
  8
0
 10
357.39697200
 20
169.38452200
 42
-0.03816900
  0
VERTEX
  8
0
 10
366.62744100
 20
163.80102500
 42
-0.01657500
  0
VERTEX
  8
0
 10
374.71142600
 20
157.61132800
  0
SEQEND
  0
POLYLINE
  8
0
 66
   1
 39
0.000000
 70
    0
  0
VERTEX
  8
0
 10
265.33740200
 20
198.51562500
 42
-0.08069300
  0
VERTEX
  8
0
 10
255.27148400
 20
201.28881800
 42
-0.12670300
  0
VERTEX
  8
0
 10
244.74829100
 20
209.83239800
 42
-0.08939900
  0
VERTEX
  8
0
 10
241.68603500
 20
216.03759800
 42
-0.04675600
  0
VERTEX
  8
0
 10
247.70654300
 20
217.34545900
 42
-0.15369900
  0
VERTEX
  8
0
 10
272.52734400
 20
212.71191400
  0
SEQEND
  0
POLYLINE
  8
0
 66
   1
 39
0.000000
 70
    0
  0
VERTEX
  8
0
 10
286.04638700
 20
186.33593800
 42
-0.09286600
  0
VERTEX
  8
0
 10
269.25000000
 20
186.74194300
 42
-0.08528800
  0
VERTEX
  8
0
 10
254.10986300
 20
192.62548800
 42
-0.07910800
  0
VERTEX
  8
0
 10
262.05981400
 20
197.34204100
 42
-0.05275800
  0
VERTEX
  8
0
 10
270.96337900
 20
199.82690400
 42
-0.04460300
  0
VERTEX
  8
0
 10
281.39624000
 20
200.63794000
 42
-0.03352500
  0
VERTEX
  8
0
 10
292.66943300
 20
199.75000000
  0
SEQEND
  0
POLYLINE
  8
0
 66
   1
 39
0.000000
 70
    0
  0
VERTEX
  8
0
 10
913.59472600
 20
143.30078100
 42
-0.14130700
  0
VERTEX
  8
0
 10
909.67480400
 20
135.70019500
 42
-0.09004000
  0
VERTEX
  8
0
 10
905.16577100
 20
132.47924800
 42
-0.13852300
  0
VERTEX
  8
0
 10
891.00097600
 20
130.11438000
 42
-0.21646300
  0
VERTEX
  8
0
 10
880.43750000
 20
136.39184600
 42
-0.11569300
  0
VERTEX
  8
0
 10
877.60498000
 20
143.52685600
 42
-0.11051300
  0
VERTEX
  8
0
 10
878.10717800
 20
150.42932100
 42
-0.08682100
  0
VERTEX
  8
0
 10
881.21655300
 20
156.61230500
 42
-0.05698500
  0
VERTEX
  8
0
 10
885.12744100
 20
160.71484400
  0
SEQEND
  0
POLYLINE
  8
0
 66
   1
 39
0.000000
 70
    0
  0
VERTEX
  8
0
 10
659.29589800
 20
339.10839900
 42
-0.03267500
  0
VERTEX
  8
0
 10
645.15942400
 20
340.13806200
 42
-0.06511800
  0
VERTEX
  8
0
 10
630.15136700
 20
344.26062000
 42
-0.05802100
  0
VERTEX
  8
0
 10
624.66967800
 20
347.35546900
 42
-0.13287600
  0
VERTEX
  8
0
 10
632.56103500
 20
352.08984400
 42
-0.08284100
  0
VERTEX
  8
0
 10
638.96801700
 20
352.80664100
 42
-0.05891300
  0
VERTEX
  8
0
 10
647.85302700
 20
351.26660200
  0
SEQEND
  0
POLYLINE
  8
0
 66
   1
 39
0.000000
 70
    0
  0
VERTEX
  8
0
 10
629.58740200
 20
317.09472700
 42
0.09148600
  0
VERTEX
  8
0
 10
630.74975600
 20
313.50061000
 42
0.17051900
  0
VERTEX
  8
0
 10
635.41845700
 20
309.25622600
 42
0.06977300
  0
VERTEX
  8
0
 10
639.35473600
 20
308.20556700
 42
0.07116000
  0
VERTEX
  8
0
 10
646.63501000
 20
308.35498100
 42
0.08789200
  0
VERTEX
  8
0
 10
655.98486300
 20
311.71386700
  0
SEQEND
  0
POLYLINE
  8
0
 66
   1
 39
0.000000
 70
    0
  0
VERTEX
  8
0
 10
668.61865200
 20
304.10937500
 42
-0.06057900
  0
VERTEX
  8
0
 10
664.86645500
 20
296.22387700
 42
-0.17164500
  0
VERTEX
  8
0
 10
652.16894500
 20
286.25341800
 42
-0.06601100
  0
VERTEX
  8
0
 10
649.99902300
 20
290.91296400
 42
-0.16064700
  0
VERTEX
  8
0
 10
650.15332000
 20
301.48620600
 42
-0.05036000
  0
VERTEX
  8
0
 10
651.71435500
 20
304.85607900
 42
-0.05562300
  0
VERTEX
  8
0
 10
656.47070300
 20
311.17089900
  0
SEQEND
  0
POLYLINE
  8
0
 66
   1
 39
0.000000
 70
    0
  0
VERTEX
  8
0
 10
765.44824200
 20
188.97558600
 42
-0.08584400
  0
VERTEX
  8
0
 10
751.08886700
 20
191.41503900
 42
-0.09952300
  0
VERTEX
  8
0
 10
740.15356400
 20
197.93884300
 42
-0.09807100
  0
VERTEX
  8
0
 10
734.43481400
 20
205.63562000
 42
-0.17011700
  0
VERTEX
  8
0
 10
733.12255800
 20
217.91113300
 42
-0.08128200
  0
VERTEX
  8
0
 10
748.35693300
 20
220.32531700
 42
-0.10722500
  0
VERTEX
  8
0
 10
763.41406200
 20
216.97912600
 42
-0.06693500
  0
VERTEX
  8
0
 10
768.73828100
 20
213.59668000
  0
SEQEND
  0
POLYLINE
  8
0
 66
   1
 39
0.000000
 70
    0
  0
VERTEX
  8
0
 10
818.21508800
 20
370.38378900
 42
0.16750300
  0
VERTEX
  8
0
 10
803.78857400
 20
379.37951700
 42
0.05099300
  0
VERTEX
  8
0
 10
795.36694300
 20
380.42651400
 42
0.02977900
  0
VERTEX
  8
0
 10
788.69335900
 20
380.17431700
 42
0.02173100
  0
VERTEX
  8
0
 10
782.18847600
 20
379.25293000
 42
0.02988500
  0
VERTEX
  8
0
 10
801.36840800
 20
365.40930200
 42
0.11112700
  0
VERTEX
  8
0
 10
867.07470700
 20
341.86389200
 42
0.02364500
  0
VERTEX
  8
0
 10
884.51416000
 20
340.54541000
  0
VERTEX
  8
0
 10
884.87353500
 20
340.53710900
  0
VERTEX
  8
0
 10
884.51416000
 20
340.54541000
 42
-0.01717300
  0
VERTEX
  8
0
 10
852.69799800
 20
342.14099100
 42
-0.03243300
  0
VERTEX
  8
0
 10
809.49877900
 20
348.63818400
 42
-0.02690700
  0
VERTEX
  8
0
 10
786.50659200
 20
354.95019500
  0
SEQEND
  0
POLYLINE
  8
0
 66
   1
 39
0.000000
 70
    0
  0
VERTEX
  8
0
 10
722.02880800
 20
48.40234400
  0
VERTEX
  8
0
 10
216.37255800
 20
48.40234400
  0
SEQEND
  0
POLYLINE
  8
0
 66
   1
 39
0.000000
 70
    0
  0
VERTEX
  8
0
 10
315.52294900
 20
458.14843800
 42
-0.02430800
  0
VERTEX
  8
0
 10
299.41503900
 20
466.46667500
 42
-0.06782800
  0
VERTEX
  8
0
 10
283.43042000
 20
478.89062500
 42
-0.00509900
  0
VERTEX
  8
0
 10
279.12744100
 20
483.37793000
  0
SEQEND
  0
POLYLINE
  8
0
 66
   1
 39
0.000000
 70
    0
  0
VERTEX
  8
0
 10
362.38867200
 20
466.16992200
 42
-0.13280800
  0
VERTEX
  8
0
 10
356.26391600
 20
497.85766600
 42
-0.05579100
  0
VERTEX
  8
0
 10
359.30517600
 20
514.14453100
  0
SEQEND
  0
POLYLINE
  8
0
 66
   1
 39
0.000000
 70
    0
  0
VERTEX
  8
0
 10
306.83398400
 20
196.01562500
 42
-0.03822800
  0
VERTEX
  8
0
 10
296.84643500
 20
200.16735800
 42
-0.13428100
  0
VERTEX
  8
0
 10
265.67993100
 20
228.47290000
 42
-0.03404900
  0
VERTEX
  8
0
 10
261.35449200
 20
236.42089900
 42
0.06274100
  0
VERTEX
  8
0
 10
257.49829100
 20
235.77795400
 42
0.16652000
  0
VERTEX
  8
0
 10
252.16162100
 20
231.96398900
 42
0.13986900
  0
VERTEX
  8
0
 10
250.68359400
 20
227.81616200
 42
0.18458100
  0
VERTEX
  8
0
 10
253.03808600
 20
220.22241200
 42
0.06426200
  0
VERTEX
  8
0
 10
255.74365200
 20
217.56347700
  0
SEQEND
  0
POLYLINE
  8
0
 66
   1
 39
0.000000
 70
    0
  0
VERTEX
  8
0
 10
300.33740200
 20
169.52441400
 42
-0.07329100
  0
VERTEX
  8
0
 10
293.53540000
 20
170.94763200
 42
-0.11252700
  0
VERTEX
  8
0
 10
287.70996100
 20
174.73645000
 42
-0.08765100
  0
VERTEX
  8
0
 10
285.59228500
 20
177.86425800
 42
-0.20828300
  0
VERTEX
  8
0
 10
285.52294900
 20
185.10144100
 42
-0.09423500
  0
VERTEX
  8
0
 10
288.29541000
 20
189.25097700
 42
-0.05294600
  0
VERTEX
  8
0
 10
292.15087900
 20
192.41992200
 42
-0.04923000
  0
VERTEX
  8
0
 10
297.45776300
 20
194.57849100
 42
-0.10283700
  0
VERTEX
  8
0
 10
311.84936500
 20
195.77392600
 42
-0.08991800
  0
VERTEX
  8
0
 10
329.71777300
 20
190.21777400
 42
-0.00255300
  0
VERTEX
  8
0
 10
331.04980400
 20
189.51428200
 42
-0.06357600
  0
VERTEX
  8
0
 10
341.26074200
 20
182.25683600
  0
SEQEND
  0
POLYLINE
  8
0
 66
   1
 39
0.000000
 70
    0
  0
VERTEX
  8
0
 10
315.00537100
 20
161.78808600
 42
-0.06219100
  0
VERTEX
  8
0
 10
309.97656200
 20
161.74218800
 42
-0.10583000
  0
VERTEX
  8
0
 10
304.48388700
 20
163.59912100
 42
-0.30846400
  0
VERTEX
  8
0
 10
300.27856400
 20
172.63684100
 42
-0.15713800
  0
VERTEX
  8
0
 10
303.53466800
 20
178.97399900
 42
-0.08525700
  0
VERTEX
  8
0
 10
309.35693300
 20
183.08056700
 42
-0.09032300
  0
VERTEX
  8
0
 10
320.09594700
 20
185.98278800
 42
-0.07009900
  0
VERTEX
  8
0
 10
331.20263700
 20
185.35815400
 42
-0.15326900
  0
VERTEX
  8
0
 10
358.82959000
 20
170.25524900
 42
-0.02860200
  0
VERTEX
  8
0
 10
361.52734400
 20
167.11132800
  0
SEQEND
  0
POLYLINE
  8
0
 66
   1
 39
0.000000
 70
    0
  0
VERTEX
  8
0
 10
756.58740200
 20
510.41467300
 42
0.17678100
  0
VERTEX
  8
0
 10
621.65600600
 20
524.35766600
 42
0.05948500
  0
VERTEX
  8
0
 10
576.81054700
 20
507.17968800
 42
0.06598400
  0
VERTEX
  8
0
 10
539.68798800
 20
480.62780800
 42
0.11274300
  0
VERTEX
  8
0
 10
497.82861300
 20
418.60009800
 42
0.07658400
  0
VERTEX
  8
0
 10
484.95800800
 20
360.55432100
 42
0.07922200
  0
VERTEX
  8
0
 10
490.47802700
 20
301.30847200
 42
0.17819300
  0
VERTEX
  8
0
 10
565.27001900
 20
190.00793500
 42
0.00104400
  0
VERTEX
  8
0
 10
566.23925800
 20
189.30957000
 42
0.04926200
  0
VERTEX
  8
0
 10
603.02246100
 20
167.30688500
 42
0.02773600
  0
VERTEX
  8
0
 10
622.61084000
 20
159.36523400
 42
0.08036100
  0
VERTEX
  8
0
 10
706.05395500
 20
144.24585000
 42
0.05828600
  0
VERTEX
  8
0
 10
764.82910100
 20
149.99902400
  0
SEQEND
  0
POLYLINE
  8
0
 66
   1
 39
0.000000
 70
    0
  0
VERTEX
  8
0
 10
778.16845700
 20
342.29394500
 42
0.03376800
  0
VERTEX
  8
0
 10
806.74047800
 20
335.87463400
 42
0.04085300
  0
VERTEX
  8
0
 10
852.91113300
 20
332.55212400
 42
0.02198600
  0
VERTEX
  8
0
 10
884.81347600
 20
334.26953100
  0
SEQEND
  0
POLYLINE
  8
0
 66
   1
 39
0.000000
 70
    0
  0
VERTEX
  8
0
 10
886.15014600
 20
329.72168000
 42
0.00425500
  0
VERTEX
  8
0
 10
874.27661100
 20
327.75000000
 42
-0.00434200
  0
VERTEX
  8
0
 10
854.48584000
 20
324.46752900
 42
-0.01454200
  0
VERTEX
  8
0
 10
838.36816400
 20
322.41601600
 42
-0.00932300
  0
VERTEX
  8
0
 10
823.99072200
 20
321.28198300
 42
0.01249700
  0
VERTEX
  8
0
 10
809.65136700
 20
320.05932600
 42
0.02835700
  0
VERTEX
  8
0
 10
794.00756800
 20
317.42627000
 42
0.08653800
  0
VERTEX
  8
0
 10
774.14379900
 20
309.11975100
 42
0.09251800
  0
VERTEX
  8
0
 10
754.98046900
 20
291.15234400
 42
-0.08507000
  0
VERTEX
  8
0
 10
752.52929700
 20
285.59777800
 42
-0.09406900
  0
VERTEX
  8
0
 10
741.92651300
 20
274.72741700
 42
-0.22044500
  0
VERTEX
  8
0
 10
715.34448200
 20
269.99072300
 42
-0.09111900
  0
VERTEX
  8
0
 10
709.64819300
 20
272.66784700
 42
-0.25580100
  0
VERTEX
  8
0
 10
705.46557600
 20
281.35144100
 42
-0.15164600
  0
VERTEX
  8
0
 10
707.06665000
 20
285.69628900
 42
-0.09677900
  0
VERTEX
  8
0
 10
709.55419900
 20
287.89135800
 42
-0.16011500
  0
VERTEX
  8
0
 10
718.55957000
 20
289.83496100
 42
-0.14474500
  0
VERTEX
  8
0
 10
725.34350600
 20
287.02673300
 42
-0.24424500
  0
VERTEX
  8
0
 10
728.28198200
 20
280.29809600
 42
-0.27149600
  0
VERTEX
  8
0
 10
725.36474600
 20
276.01110800
 42
-0.08912700
  0
VERTEX
  8
0
 10
719.45898400
 20
274.40625000
  0
SEQEND
  0
POLYLINE
  8
0
 66
   1
 39
0.000000
 70
    0
  0
VERTEX
  8
0
 10
220.75439400
 20
99.22558600
 42
-0.03512100
  0
VERTEX
  8
0
 10
201.82592800
 20
101.59314000
 42
-0.04019700
  0
VERTEX
  8
0
 10
183.47998000
 20
106.76757800
 42
-0.03180700
  0
VERTEX
  8
0
 10
168.79687500
 20
113.08129900
 42
-0.03692100
  0
VERTEX
  8
0
 10
155.10156200
 20
121.35742200
 42
-0.05321300
  0
VERTEX
  8
0
 10
137.04296900
 20
137.00598200
 42
-0.05839100
  0
VERTEX
  8
0
 10
122.89892600
 20
156.25000000
 42
-0.06636100
  0
VERTEX
  8
0
 10
111.99096700
 20
182.51477100
 42
-0.07036700
  0
VERTEX
  8
0
 10
108.57031200
 20
210.78125000
 42
-0.04465800
  0
VERTEX
  8
0
 10
110.40844700
 20
228.71154800
 42
-0.04947300
  0
VERTEX
  8
0
 10
115.55322200
 20
245.94677700
 42
-0.05316600
  0
VERTEX
  8
0
 10
124.77758800
 20
263.44091800
 42
-0.05702900
  0
VERTEX
  8
0
 10
137.59667900
 20
278.49414100
 42
-0.04242200
  0
VERTEX
  8
0
 10
150.47241200
 20
288.74157700
 42
-0.04690800
  0
VERTEX
  8
0
 10
164.96875000
 20
296.54150400
 42
-0.06023500
  0
VERTEX
  8
0
 10
190.16357400
 20
304.03173800
 42
-0.04809800
  0
VERTEX
  8
0
 10
215.65527300
 20
305.89062500
 42
-0.04114600
  0
VERTEX
  8
0
 10
243.26757800
 20
302.96875000
 42
-0.01642500
  0
VERTEX
  8
0
 10
263.49755800
 20
297.06628400
 42
-0.02009400
  0
VERTEX
  8
0
 10
283.28369100
 20
289.68652400
 42
-0.02968700
  0
VERTEX
  8
0
 10
321.29248000
 20
271.30761700
 42
-0.01929200
  0
VERTEX
  8
0
 10
352.66943300
 20
252.14648400
 42
-0.01101600
  0
VERTEX
  8
0
 10
380.07959000
 20
233.05273400
  0
VERTEX
  8
0
 10
383.00878900
 20
230.91162100
  0
VERTEX
  8
0
 10
385.93408200
 20
228.76562500
  0
VERTEX
  8
0
 10
388.85546900
 20
226.61425800
  0
VERTEX
  8
0
 10
391.77294900
 20
224.45703100
  0
VERTEX
  8
0
 10
394.68603500
 20
222.29492200
  0
VERTEX
  8
0
 10
397.59521500
 20
220.12793000
  0
VERTEX
  8
0
 10
400.50048800
 20
217.95507800
  0
VERTEX
  8
0
 10
403.40136700
 20
215.77734400
  0
VERTEX
  8
0
 10
406.29834000
 20
213.59423800
  0
VERTEX
  8
0
 10
409.93505800
 20
210.85253900
  0
VERTEX
  8
0
 10
413.57763700
 20
208.11718800
  0
VERTEX
  8
0
 10
417.22412100
 20
205.38769500
  0
VERTEX
  8
0
 10
420.87548800
 20
202.66503900
  0
VERTEX
  8
0
 10
424.53173800
 20
199.94824200
  0
VERTEX
  8
0
 10
428.19335900
 20
197.23779300
  0
VERTEX
  8
0
 10
431.95239200
 20
194.46521000
 42
0.01049600
  0
VERTEX
  8
0
 10
457.96337900
 20
176.12255900
 42
0.00434300
  0
VERTEX
  8
0
 10
469.34545900
 20
167.16796900
 42
0.01753800
  0
VERTEX
  8
0
 10
505.87255800
 20
140.82666000
 42
0.02260100
  0
VERTEX
  8
0
 10
542.78955100
 20
118.47656300
 42
0.03767800
  0
VERTEX
  8
0
 10
594.06835900
 20
95.33825700
 42
0.02982500
  0
VERTEX
  8
0
 10
625.63891600
 20
85.95556700
 42
0.03229400
  0
VERTEX
  8
0
 10
661.48071300
 20
79.73376500
 42
0.01895700
  0
VERTEX
  8
0
 10
679.17431600
 20
78.50390600
 42
0.03701400
  0
VERTEX
  8
0
 10
716.42089800
 20
78.95764200
 42
0.02255900
  0
VERTEX
  8
0
 10
735.40576200
 20
81.46533200
 42
0.03820400
  0
VERTEX
  8
0
 10
767.30444300
 20
89.31640600
 42
0.03831600
  0
VERTEX
  8
0
 10
790.64355400
 20
99.02392600
 42
0.04185900
  0
VERTEX
  8
0
 10
807.81396500
 20
109.66308600
 42
0.03395000
  0
VERTEX
  8
0
 10
816.92553700
 20
117.43115200
 42
0.12738500
  0
VERTEX
  8
0
 10
828.95043900
 20
137.18750000
 42
0.12132200
  0
VERTEX
  8
0
 10
830.06250000
 20
159.62744200
  0
SEQEND
  0
POLYLINE
  8
0
 66
   1
 39
0.000000
 70
    0
  0
VERTEX
  8
0
 10
827.46191400
 20
83.19140600
 42
-0.07130200
  0
VERTEX
  8
0
 10
820.76196300
 20
74.57080100
 42
-0.05641900
  0
VERTEX
  8
0
 10
810.05908200
 20
66.34924300
 42
-0.07177000
  0
VERTEX
  8
0
 10
791.08471700
 20
58.35327200
 42
-0.05024400
  0
VERTEX
  8
0
 10
769.68994100
 20
55.00732400
 42
-0.03605400
  0
VERTEX
  8
0
 10
747.62158200
 20
55.39001500
 42
-0.02072300
  0
VERTEX
  8
0
 10
726.05102500
 20
58.22802700
  0
SEQEND
  0
POLYLINE
  8
0
 66
   1
 39
0.000000
 70
    0
  0
VERTEX
  8
0
 10
902.29687500
 20
196.16308600
 42
0.03336800
  0
VERTEX
  8
0
 10
902.07153300
 20
203.57727100
 42
0.05645300
  0
VERTEX
  8
0
 10
898.42358400
 20
220.70190400
 42
0.06659000
  0
VERTEX
  8
0
 10
894.23608400
 20
229.24682600
 42
0.11302300
  0
VERTEX
  8
0
 10
886.87475600
 20
236.20214900
 42
0.01144100
  0
VERTEX
  8
0
 10
886.23437500
 20
236.55957000
 42
0.17415100
  0
VERTEX
  8
0
 10
865.79907200
 20
239.46374500
 42
0.07420300
  0
VERTEX
  8
0
 10
861.38989200
 20
237.84472700
 42
0.10828400
  0
VERTEX
  8
0
 10
858.09594700
 20
233.93225100
 42
0.14071400
  0
VERTEX
  8
0
 10
857.05712900
 20
228.92443900
 42
0.09076900
  0
VERTEX
  8
0
 10
858.37475600
 20
223.89111300
 42
0.04260800
  0
VERTEX
  8
0
 10
860.97021500
 20
219.38183600
  0
SEQEND
  0
POLYLINE
  8
0
 66
   1
 39
0.000000
 70
    0
  0
VERTEX
  8
0
 10
861.38989200
 20
237.84472700
 42
-0.06125300
  0
VERTEX
  8
0
 10
870.26611300
 20
233.03051800
 42
-0.11044500
  0
VERTEX
  8
0
 10
883.93627900
 20
217.80029300
 42
-0.07717600
  0
VERTEX
  8
0
 10
889.64917000
 20
202.50293000
 42
-0.04135500
  0
VERTEX
  8
0
 10
891.23999000
 20
189.38574200
  0
SEQEND
  0
POLYLINE
  8
0
 66
   1
 39
0.000000
 70
    0
  0
VERTEX
  8
0
 10
923.85156200
 20
346.03515600
 42
-0.04552500
  0
VERTEX
  8
0
 10
928.89697200
 20
349.04455600
 42
-0.10444600
  0
VERTEX
  8
0
 10
935.02807600
 20
350.53710900
 42
-0.15587900
  0
VERTEX
  8
0
 10
940.00244100
 20
349.11425800
 42
-0.14088600
  0
VERTEX
  8
0
 10
943.77001900
 20
344.66784700
 42
-0.21455100
  0
VERTEX
  8
0
 10
943.77417000
 20
329.55163600
 42
-0.14099900
  0
VERTEX
  8
0
 10
940.00292900
 20
325.09729000
 42
-0.15587000
  0
VERTEX
  8
0
 10
935.03466800
 20
323.67456100
 42
-0.10450200
  0
VERTEX
  8
0
 10
928.89965800
 20
325.16687000
 42
-0.04553400
  0
VERTEX
  8
0
 10
923.85546900
 20
328.17578100
  0
SEQEND
  0
POLYLINE
  8
0
 66
   1
 39
0.000000
 70
    0
  0
VERTEX
  8
0
 10
926.63476500
 20
347.86181700
 42
0.04737200
  0
VERTEX
  8
0
 10
928.59155300
 20
351.40454100
 42
0.09426400
  0
VERTEX
  8
0
 10
929.48291000
 20
355.35229500
 42
0.21569200
  0
VERTEX
  8
0
 10
927.20410100
 20
360.88391100
 42
0.11387200
  0
VERTEX
  8
0
 10
922.03710900
 20
363.89990200
 42
0.07490300
  0
VERTEX
  8
0
 10
915.00000000
 20
364.97851600
 42
0.08342500
  0
VERTEX
  8
0
 10
907.25952100
 20
363.65734900
 42
0.11556200
  0
VERTEX
  8
0
 10
902.59277300
 20
360.69482400
 42
0.20505800
  0
VERTEX
  8
0
 10
900.51733400
 20
355.35229500
 42
0.09432200
  0
VERTEX
  8
0
 10
901.40869100
 20
351.40441900
 42
0.04730900
  0
VERTEX
  8
0
 10
903.36572200
 20
347.86181700
  0
SEQEND
  0
POLYLINE
  8
0
 66
   1
 39
0.000000
 70
    0
  0
VERTEX
  8
0
 10
926.63476500
 20
326.34863300
 42
-0.04732400
  0
VERTEX
  8
0
 10
928.59179700
 20
322.80700700
 42
-0.09437800
  0
VERTEX
  8
0
 10
929.48291000
 20
318.86010800
 42
-0.21563400
  0
VERTEX
  8
0
 10
927.20361300
 20
313.32910200
 42
-0.11383900
  0
VERTEX
  8
0
 10
922.03710900
 20
310.31311000
 42
-0.07483400
  0
VERTEX
  8
0
 10
915.00000000
 20
309.23339900
 42
-0.08395800
  0
VERTEX
  8
0
 10
907.22436500
 20
310.57055700
 42
-0.11501700
  0
VERTEX
  8
0
 10
902.59277300
 20
313.51843300
 42
-0.20496600
  0
VERTEX
  8
0
 10
900.51733400
 20
318.86010800
 42
-0.09442600
  0
VERTEX
  8
0
 10
901.40844700
 20
322.80712900
 42
-0.04729200
  0
VERTEX
  8
0
 10
903.36572200
 20
326.34863300
  0
SEQEND
  0
POLYLINE
  8
0
 66
   1
 39
0.000000
 70
    0
  0
VERTEX
  8
0
 10
914.99853500
 20
348.85400400
 42
-0.18937600
  0
VERTEX
  8
0
 10
924.28198200
 20
345.20703100
 42
-0.20826550
  0
VERTEX
  8
0
 10
927.81266620
 20
337.11663189
 42
-0.20826550
  0
VERTEX
  8
0
 10
924.29541000
 20
329.02038600
 42
-0.18981300
  0
VERTEX
  8
0
 10
915.00000000
 20
325.35986300
 42
-0.18891200
  0
VERTEX
  8
0
 10
905.73242200
 20
328.99133300
 42
-0.20841503
  0
VERTEX
  8
0
 10
902.18735525
 20
337.08240275
 42
-0.20841503
  0
VERTEX
  8
0
 10
905.69995100
 20
345.18762200
 42
-0.18996800
  0
VERTEX
  8
0
 10
915.00195300
 20
348.85400400
  0
SEQEND
  0
POLYLINE
  8
0
 66
   1
 39
0.000000
 70
    0
  0
VERTEX
  8
0
 10
739.36840800
 20
453.52734400
 42
0.16183100
  0
VERTEX
  8
0
 10
664.08422800
 20
481.06311000
 42
0.10059300
  0
VERTEX
  8
0
 10
612.52905300
 20
472.17480500
 42
0.06488300
  0
VERTEX
  8
0
 10
584.89892600
 20
456.82910200
 42
0.06515800
  0
VERTEX
  8
0
 10
562.93408200
 20
435.67089900
 42
0.12651900
  0
VERTEX
  8
0
 10
538.36084000
 20
381.25927700
 42
0.07407000
  0
VERTEX
  8
0
 10
537.40576200
 20
326.27661100
 42
0.07649300
  0
VERTEX
  8
0
 10
552.77807600
 20
273.46240200
 42
0.04712200
  0
VERTEX
  8
0
 10
565.64892600
 20
251.22070300
 42
0.05143100
  0
VERTEX
  8
0
 10
582.65966800
 20
231.89453100
 42
0.15158600
  0
VERTEX
  8
0
 10
679.29248000
 20
187.76611300
 42
0.08185400
  0
VERTEX
  8
0
 10
739.54467800
 20
189.92675800
  0
SEQEND
  0
POLYLINE
  8
0
 66
   1
 39
0.000000
 70
    0
  0
VERTEX
  8
0
 10
734.74560500
 20
482.91406300
 42
0.16239000
  0
VERTEX
  8
0
 10
641.67626900
 20
501.74450700
 42
0.06296200
  0
VERTEX
  8
0
 10
604.31689400
 20
492.28125000
 42
0.06489800
  0
VERTEX
  8
0
 10
571.65625000
 20
474.14086900
 42
0.06517800
  0
VERTEX
  8
0
 10
545.69433600
 20
449.12817400
 42
0.12654300
  0
VERTEX
  8
0
 10
516.65185500
 20
384.77294900
 42
0.07409000
  0
VERTEX
  8
0
 10
515.58862300
 20
323.42700200
 42
0.07651000
  0
VERTEX
  8
0
 10
532.73291000
 20
264.53076200
 42
0.06346200
  0
VERTEX
  8
0
 10
553.71826200
 20
230.84765600
 42
0.03557400
  0
VERTEX
  8
0
 10
567.66406200
 20
216.03418000
 42
0.15194700
  0
VERTEX
  8
0
 10
676.40649400
 20
166.27917500
 42
0.07857000
  0
VERTEX
  8
0
 10
741.38989200
 20
168.18261700
  0
SEQEND
  0
POLYLINE
  8
0
 66
   1
 39
0.000000
 70
    0
  0
VERTEX
  8
0
 10
870.93920900
 20
540.48095700
 42
-0.10769400
  0
VERTEX
  8
0
 10
868.66210900
 20
507.63220200
 42
-0.11056100
  0
VERTEX
  8
0
 10
852.11865200
 20
477.83984400
 42
-0.03319100
  0
VERTEX
  8
0
 10
845.42626900
 20
472.51147500
 42
-0.05597300
  0
VERTEX
  8
0
 10
838.57421900
 20
468.81665000
 42
-0.08496000
  0
VERTEX
  8
0
 10
832.04541000
 20
467.40307600
 42
-0.12975000
  0
VERTEX
  8
0
 10
825.51806600
 20
468.82421900
 42
-0.07372600
  0
VERTEX
  8
0
 10
821.71386700
 20
471.53747600
 42
-0.11922500
  0
VERTEX
  8
0
 10
814.29931600
 20
483.18750000
 42
0.15620500
  0
VERTEX
  8
0
 10
833.82788100
 20
484.08837900
 42
0.16311700
  0
VERTEX
  8
0
 10
849.03637700
 20
496.37207000
 42
0.14201900
  0
VERTEX
  8
0
 10
854.83105400
 20
520.46142600
 42
0.12574100
  0
VERTEX
  8
0
 10
835.15771500
 20
560.81823700
 42
0.06475900
  0
VERTEX
  8
0
 10
818.22265600
 20
576.26171900
 42
0.06450100
  0
VERTEX
  8
0
 10
797.17041000
 20
587.25390600
 42
0.03045800
  0
VERTEX
  8
0
 10
766.29663100
 20
596.85461400
 42
0.05157600
  0
VERTEX
  8
0
 10
704.29052700
 20
605.43847700
 42
-0.07199500
  0
VERTEX
  8
0
 10
764.65527300
 20
590.24816900
 42
-0.07557600
  0
VERTEX
  8
0
 10
818.00122100
 20
558.19140600
 42
-0.18323300
  0
VERTEX
  8
0
 10
832.59667900
 20
523.49072300
 42
-0.17865700
  0
VERTEX
  8
0
 10
820.79834000
 20
487.99450700
 42
-0.17935700
  0
VERTEX
  8
0
 10
803.86962900
 20
483.54980500
 42
-0.18325800
  0
VERTEX
  8
0
 10
795.10766600
 20
486.33154300
 42
-0.18861900
  0
VERTEX
  8
0
 10
790.47607400
 20
494.27246100
 42
-0.18873900
  0
VERTEX
  8
0
 10
792.70654300
 20
501.96276900
 42
-0.18040100
  0
VERTEX
  8
0
 10
799.50244100
 20
506.20947300
 42
0.19950100
  0
VERTEX
  8
0
 10
809.97387700
 20
525.26367200
 42
0.23427600
  0
VERTEX
  8
0
 10
801.32861300
 20
548.57849100
 42
0.06750800
  0
VERTEX
  8
0
 10
779.79589800
 20
563.97204600
 42
0.06943100
  0
VERTEX
  8
0
 10
755.07983400
 20
572.91919000
 42
0.07004600
  0
VERTEX
  8
0
 10
660.78491200
 20
580.03344700
 42
0.04625200
  0
VERTEX
  8
0
 10
603.36596700
 20
570.93945300
 42
0.05664600
  0
VERTEX
  8
0
 10
541.00195300
 20
547.49231000
 42
0.03567600
  0
VERTEX
  8
0
 10
509.14697200
 20
528.21923800
  0
SEQEND
  0
POLYLINE
  8
0
 66
   1
 39
0.000000
 70
    0
  0
VERTEX
  8
0
 10
821.98535100
 20
443.75244200
 42
-0.00231900
  0
VERTEX
  8
0
 10
812.83032200
 20
444.20336900
 42
-0.03523400
  0
VERTEX
  8
0
 10
803.58007800
 20
445.35888700
 42
-0.04840500
  0
VERTEX
  8
0
 10
795.82788100
 20
447.68457000
 42
-0.10026200
  0
VERTEX
  8
0
 10
787.31298800
 20
453.36230500
 42
-0.04437000
  0
VERTEX
  8
0
 10
785.95190400
 20
455.58215300
 42
-0.30069800
  0
VERTEX
  8
0
 10
787.25903300
 20
466.17028800
 42
-0.13779100
  0
VERTEX
  8
0
 10
793.07421900
 20
470.06298800
 42
-0.11624400
  0
VERTEX
  8
0
 10
801.15380800
 20
470.74804700
 42
0.12457000
  0
VERTEX
  8
0
 10
804.94433600
 20
460.29419000
 42
0.14976700
  0
VERTEX
  8
0
 10
813.60668900
 20
453.32141100
 42
0.06778900
  0
VERTEX
  8
0
 10
822.41210900
 20
451.11840800
 42
0.04058000
  0
VERTEX
  8
0
 10
831.36425800
 20
450.86108400
 42
0.02358200
  0
VERTEX
  8
0
 10
840.04028300
 20
451.72753900
  0
SEQEND
  0
POLYLINE
  8
0
 66
   1
 39
0.000000
 70
    0
  0
VERTEX
  8
0
 10
800.66699200
 20
506.56640600
 42
0.16630200
  0
VERTEX
  8
0
 10
667.33398400
 20
549.92297400
 42
0.11735600
  0
VERTEX
  8
0
 10
567.30371100
 20
524.51464900
 42
0.06598600
  0
VERTEX
  8
0
 10
525.87231400
 20
494.88061500
 42
0.11274000
  0
VERTEX
  8
0
 10
479.15332000
 20
425.65185600
 42
0.07653500
  0
VERTEX
  8
0
 10
464.99218700
 20
361.80810600
 42
0.07918200
  0
VERTEX
  8
0
 10
471.05615200
 20
296.60437000
 42
0.17806200
  0
VERTEX
  8
0
 10
553.37817400
 20
174.16613800
 42
0.00099600
  0
VERTEX
  8
0
 10
554.35498000
 20
173.46191400
 42
0.04919700
  0
VERTEX
  8
0
 10
594.52929700
 20
149.46130400
 42
0.02765600
  0
VERTEX
  8
0
 10
615.85888700
 20
140.81884800
 42
0.07426000
  0
VERTEX
  8
0
 10
698.81860300
 20
124.74609400
 42
0.07659900
  0
VERTEX
  8
0
 10
782.81250000
 20
134.00390600
  0
SEQEND
  0
POLYLINE
  8
0
 66
   1
 39
0.000000
 70
    0
  0
VERTEX
  8
0
 10
415.98681600
 20
413.21582000
  0
VERTEX
  8
0
 10
412.46435500
 20
412.48974600
 42
0.07478000
  0
VERTEX
  8
0
 10
405.59204100
 20
409.95971700
 42
0.08731300
  0
VERTEX
  8
0
 10
399.87988300
 20
405.37670900
 42
0.06650400
  0
VERTEX
  8
0
 10
396.04150400
 20
399.61511200
 42
0.06566600
  0
VERTEX
  8
0
 10
392.95947200
 20
390.43005400
 42
0.04729700
  0
VERTEX
  8
0
 10
391.77490200
 20
378.38830600
 42
0.04121900
  0
VERTEX
  8
0
 10
392.83154300
 20
365.01660200
  0
SEQEND
  0
POLYLINE
  8
0
 66
   1
 39
0.000000
 70
    0
  0
VERTEX
  8
0
 10
405.01049800
 20
333.91101100
 42
0.00055900
  0
VERTEX
  8
0
 10
397.67114200
 20
352.12622100
 42
-0.01686000
  0
VERTEX
  8
0
 10
390.95214800
 20
370.51001000
 42
-0.02634800
  0
VERTEX
  8
0
 10
385.95947200
 20
388.98071300
 42
-0.04653800
  0
VERTEX
  8
0
 10
383.70117200
 20
407.98046900
 42
-0.03930800
  0
VERTEX
  8
0
 10
384.61108400
 20
414.13220200
 42
-0.07938000
  0
VERTEX
  8
0
 10
386.94018500
 20
419.89819300
 42
-0.06805800
  0
VERTEX
  8
0
 10
389.53808600
 20
423.12207000
 42
-0.07496800
  0
VERTEX
  8
0
 10
395.34716800
 20
426.76037600
 42
-0.15943300
  0
VERTEX
  8
0
 10
416.81298800
 20
428.77929700
  0
VERTEX
  8
0
 10
419.63525400
 20
428.14111300
  0
SEQEND
  0
POLYLINE
  8
0
 66
   1
 39
0.000000
 70
    0
  0
VERTEX
  8
0
 10
302.32373000
 20
381.22265600
  0
VERTEX
  8
0
 10
302.17724600
 20
386.06054700
 42
-0.18281700
  0
VERTEX
  8
0
 10
305.29321300
 20
395.11767600
 42
-0.10403700
  0
VERTEX
  8
0
 10
312.08227500
 20
400.50170900
 42
-0.18199800
  0
VERTEX
  8
0
 10
333.08935500
 20
402.67480500
 42
-0.06184100
  0
VERTEX
  8
0
 10
348.94042900
 20
394.78259300
 42
-0.05251200
  0
VERTEX
  8
0
 10
362.59179700
 20
383.50537100
 42
-0.03790000
  0
VERTEX
  8
0
 10
375.35034200
 20
368.34729000
 42
-0.00958200
  0
VERTEX
  8
0
 10
383.33251900
 20
356.79711900
 42
-0.00269200
  0
VERTEX
  8
0
 10
389.32006800
 20
347.66113300
 42
0.00915400
  0
VERTEX
  8
0
 10
395.20947200
 20
338.92321800
  0
SEQEND
  0
POLYLINE
  8
0
 66
   1
 39
0.000000
 70
    0
  0
VERTEX
  8
0
 10
81.92871100
 20
43.82128900
  0
VERTEX
  8
0
 10
83.36962900
 20
41.71484400
 42
0.01045800
  0
VERTEX
  8
0
 10
85.98144500
 20
38.06604000
 42
0.17532400
  0
VERTEX
  8
0
 10
102.72485300
 20
27.06030300
 42
0.09098300
  0
VERTEX
  8
0
 10
105.41088800
 20
26.91796900
 42
0.36933700
  0
VERTEX
  8
0
 10
106.52124000
 20
28.14685100
 42
0.07646800
  0
VERTEX
  8
0
 10
106.40234400
 20
29.08691400
 42
0.06924200
  0
VERTEX
  8
0
 10
105.03491200
 20
32.17590300
 42
0.05020400
  0
VERTEX
  8
0
 10
100.62182600
 20
37.91796900
 42
0.10936500
  0
VERTEX
  8
0
 10
93.90039000
 20
42.50439500
  0
SEQEND
  0
POLYLINE
  8
0
 66
   1
 39
0.000000
 70
    0
  0
VERTEX
  8
0
 10
103.96240200
 20
33.82910200
 42
0.05198900
  0
VERTEX
  8
0
 10
107.71069300
 20
29.67138700
 42
0.07062500
  0
VERTEX
  8
0
 10
116.02685500
 20
24.07653800
 42
0.07651500
  0
VERTEX
  8
0
 10
119.96411100
 20
22.86486800
 42
0.18964800
  0
VERTEX
  8
0
 10
123.71020500
 20
23.73815900
 42
0.05335500
  0
VERTEX
  8
0
 10
124.18066400
 20
24.14257800
 42
0.32689400
  0
VERTEX
  8
0
 10
124.46435500
 20
26.40246600
 42
0.08050500
  0
VERTEX
  8
0
 10
122.38281200
 20
29.04126000
 42
0.03246200
  0
VERTEX
  8
0
 10
119.20263700
 20
31.59899900
 42
0.00987600
  0
VERTEX
  8
0
 10
116.13330100
 20
33.66601600
  0
SEQEND
  0
POLYLINE
  8
0
 66
   1
 39
0.000000
 70
    0
  0
VERTEX
  8
0
 10
145.64209000
 20
32.53613300
 42
-0.11734900
  0
VERTEX
  8
0
 10
144.30419900
 20
31.02856500
 42
-0.17994100
  0
VERTEX
  8
0
 10
137.45117200
 20
29.23986800
 42
-0.07797100
  0
VERTEX
  8
0
 10
131.83398400
 20
30.71167000
 42
-0.05894800
  0
VERTEX
  8
0
 10
124.60180600
 20
34.94567900
 42
-0.03118700
  0
VERTEX
  8
0
 10
116.58593700
 20
41.83276400
 42
0.01644000
  0
VERTEX
  8
0
 10
110.54199200
 20
47.34350600
 42
0.06640900
  0
VERTEX
  8
0
 10
104.89501900
 20
50.99316400
 42
0.11118300
  0
VERTEX
  8
0
 10
93.20654300
 20
53.44238300
  0
SEQEND
  0
POLYLINE
  8
0
 66
   1
 39
0.000000
 70
    0
  0
VERTEX
  8
0
 10
113.55029300
 20
57.05517600
 42
-0.01558000
  0
VERTEX
  8
0
 10
117.20141600
 20
56.51928700
 42
-0.07606800
  0
VERTEX
  8
0
 10
124.51245100
 20
54.02624500
 42
-0.07939200
  0
VERTEX
  8
0
 10
132.77856400
 20
47.88574200
 42
-0.07975600
  0
VERTEX
  8
0
 10
134.40649400
 20
45.57812500
 42
-0.40555500
  0
VERTEX
  8
0
 10
133.85376000
 20
43.88366700
 42
-0.07106700
  0
VERTEX
  8
0
 10
132.92626900
 20
43.55224600
 42
-0.07496300
  0
VERTEX
  8
0
 10
129.80297800
 20
43.39050300
 42
-0.04590100
  0
VERTEX
  8
0
 10
124.57983400
 20
44.39294400
 42
-0.08835400
  0
VERTEX
  8
0
 10
121.35766600
 20
45.97973600
 42
-0.06814500
  0
VERTEX
  8
0
 10
120.30761700
 20
46.99804700
  0
SEQEND
  0
POLYLINE
  8
0
 66
   1
 39
0.000000
 70
    0
  0
VERTEX
  8
0
 10
130.28125000
 20
43.36425800
 42
-0.09127900
  0
VERTEX
  8
0
 10
133.58447200
 20
42.87182600
 42
-0.12126500
  0
VERTEX
  8
0
 10
136.39331000
 20
41.06506400
 42
-0.05413800
  0
VERTEX
  8
0
 10
138.79589800
 20
37.90148900
 42
0.06920600
  0
VERTEX
  8
0
 10
141.27514600
 20
34.83288600
 42
0.09483500
  0
VERTEX
  8
0
 10
143.12841800
 20
33.66015600
 42
0.14071600
  0
VERTEX
  8
0
 10
146.33813500
 20
33.35546900
 42
0.20764000
  0
VERTEX
  8
0
 10
147.72216800
 20
34.29101600
 42
-0.11335500
  0
VERTEX
  8
0
 10
150.22216800
 20
30.29760800
 42
-0.21920400
  0
VERTEX
  8
0
 10
149.76098600
 20
25.60888700
 42
-0.08750500
  0
VERTEX
  8
0
 10
147.68505800
 20
23.16528300
 42
-0.25318600
  0
VERTEX
  8
0
 10
134.77343700
 20
20.60095200
 42
-0.03768800
  0
VERTEX
  8
0
 10
131.98120100
 20
21.70092800
 42
-0.04348200
  0
VERTEX
  8
0
 10
127.82128900
 20
24.18066400
 42
-0.02069000
  0
VERTEX
  8
0
 10
124.04541000
 20
27.14648400
  0
SEQEND
  0
POLYLINE
  8
0
 66
   1
 39
0.000000
 70
    0
  0
VERTEX
  8
0
 10
87.26220700
 20
72.62597700
  0
VERTEX
  8
0
 10
88.72021500
 20
72.53369200
 42
-0.01806900
  0
VERTEX
  8
0
 10
93.32763700
 20
72.07580600
 42
-0.06259200
  0
VERTEX
  8
0
 10
103.96044900
 20
69.24523900
 42
-0.02798400
  0
VERTEX
  8
0
 10
112.41357400
 20
65.25390600
 42
-0.03621700
  0
VERTEX
  8
0
 10
115.28466800
 20
63.41577200
 42
-0.08273100
  0
VERTEX
  8
0
 10
117.09033200
 20
61.53076200
 42
-0.36972200
  0
VERTEX
  8
0
 10
116.82324200
 20
59.10534700
 42
-0.09696700
  0
VERTEX
  8
0
 10
113.55029300
 20
57.05517600
 42
-0.12235900
  0
VERTEX
  8
0
 10
107.95751900
 20
56.36499000
 42
-0.06715700
  0
VERTEX
  8
0
 10
102.50439400
 20
57.78588900
 42
-0.01416300
  0
VERTEX
  8
0
 10
99.05615200
 20
59.31494200
  0
SEQEND
  0
POLYLINE
  8
0
 66
   1
 39
0.000000
 70
    0
  0
VERTEX
  8
0
 10
75.09228500
 20
74.70214900
 42
-0.09780100
  0
VERTEX
  8
0
 10
77.62353500
 20
76.56909200
 42
-0.40341800
  0
VERTEX
  8
0
 10
86.88281200
 20
73.43481500
 42
-0.31417000
  0
VERTEX
  8
0
 10
85.60302700
 20
63.74365200
 42
-0.09391100
  0
VERTEX
  8
0
 10
83.19799800
 20
61.94091800
 42
-0.10552100
  0
VERTEX
  8
0
 10
80.28271500
 20
61.20996100
  0
SEQEND
  0
POLYLINE
  8
0
 66
   1
 39
0.000000
 70
    0
  0
VERTEX
  8
0
 10
84.71582000
 20
62.90771500
 42
-0.25973200
  0
VERTEX
  8
0
 10
90.23803700
 20
59.37854000
 42
-0.37692400
  0
VERTEX
  8
0
 10
87.78100600
 20
48.74255400
 42
-0.17257400
  0
VERTEX
  8
0
 10
83.29931600
 20
47.44824200
 42
-0.15792300
  0
VERTEX
  8
0
 10
79.52270500
 20
48.92761200
 42
-0.13773000
  0
VERTEX
  8
0
 10
77.19726500
 20
52.25097700
  0
SEQEND
  0
POLYLINE
  8
0
 66
   1
 39
0.000000
 70
    0
  0
VERTEX
  8
0
 10
81.83837900
 20
47.70117200
 42
-0.18763100
  0
VERTEX
  8
0
 10
81.18115200
 20
41.71972700
 42
-0.08782900
  0
VERTEX
  8
0
 10
79.35376000
 20
39.34387200
 42
-0.10199900
  0
VERTEX
  8
0
 10
76.77783200
 20
37.81152400
 42
-0.21520000
  0
VERTEX
  8
0
 10
71.20751900
 20
38.26599100
 42
-0.19799000
  0
VERTEX
  8
0
 10
67.73291000
 20
42.81543000
 42
-0.22248500
  0
VERTEX
  8
0
 10
69.06884700
 20
49.90429700
  0
SEQEND
  0
POLYLINE
  8
0
 66
   1
 39
0.000000
 70
    0
  0
VERTEX
  8
0
 10
60.89941400
 20
72.34423800
 42
-0.30642800
  0
VERTEX
  8
0
 10
64.86938500
 20
80.57067900
 42
-0.39405300
  0
VERTEX
  8
0
 10
73.77490200
 20
78.53881800
 42
-0.11310900
  0
VERTEX
  8
0
 10
75.02685500
 20
75.31543000
 42
-0.21104500
  0
VERTEX
  8
0
 10
73.21972600
 20
68.88769500
  0
SEQEND
  0
POLYLINE
  8
0
 66
   1
 39
0.000000
 70
    0
  0
VERTEX
  8
0
 10
60.13085900
 20
57.84960900
 42
-0.31550400
  0
VERTEX
  8
0
 10
53.67114200
 20
61.31713900
 42
-0.35296800
  0
VERTEX
  8
0
 10
55.73437500
 20
70.91760300
 42
-0.14142500
  0
VERTEX
  8
0
 10
59.17822200
 20
72.37158200
 42
-0.19668800
  0
VERTEX
  8
0
 10
63.73364200
 20
71.11230500
 42
-0.17194400
  0
VERTEX
  8
0
 10
66.29248000
 20
67.13867200
  0
SEQEND
  0
POLYLINE
  8
0
 66
   1
 39
0.000000
 70
    0
  0
VERTEX
  8
0
 10
67.59912100
 20
43.40332000
 42
-0.21444800
  0
VERTEX
  8
0
 10
61.57666000
 20
42.88964900
 42
-0.20281500
  0
VERTEX
  8
0
 10
57.15429700
 20
47.06835900
 42
-0.19112100
  0
VERTEX
  8
0
 10
56.92407200
 20
53.49365200
 42
-0.18542900
  0
VERTEX
  8
0
 10
61.01904300
 20
58.40136700
 42
-0.04328600
  0
VERTEX
  8
0
 10
62.30517600
 20
58.95117200
  0
SEQEND
  0
POLYLINE
  8
0
 66
   1
 39
0.000000
 70
    0
  0
VERTEX
  8
0
 10
54.56201200
 20
115.74609400
 42
-0.02749600
  0
VERTEX
  8
0
 10
61.30566400
 20
102.80017100
 42
-0.06148100
  0
VERTEX
  8
0
 10
66.44921900
 20
86.31469700
 42
-0.04809900
  0
VERTEX
  8
0
 10
66.86669900
 20
81.32910200
  0
SEQEND
  0
POLYLINE
  8
0
 66
   1
 39
0.000000
 70
    0
  0
VERTEX
  8
0
 10
49.09033200
 20
106.29296900
 42
-0.01979000
  0
VERTEX
  8
0
 10
53.78979500
 20
94.99194300
 42
-0.02919200
  0
VERTEX
  8
0
 10
57.36181600
 20
83.28564500
 42
-0.03641200
  0
VERTEX
  8
0
 10
59.17822200
 20
72.37158200
  0
SEQEND
  0
POLYLINE
  8
0
 66
   1
 39
0.000000
 70
    0
  0
VERTEX
  8
0
 10
216.90380800
 20
79.53222700
 42
-0.05888900
  0
VERTEX
  8
0
 10
213.30029300
 20
73.27172900
 42
-0.15579200
  0
VERTEX
  8
0
 10
201.55810500
 20
64.85766600
 42
-0.06515700
  0
VERTEX
  8
0
 10
192.43798800
 20
63.17382800
  0
SEQEND
  0
POLYLINE
  8
0
 66
   1
 39
0.000000
 70
    0
  0
VERTEX
  8
0
 10
197.38916000
 20
62.69531300
 42
-0.04940000
  0
VERTEX
  8
0
 10
207.57495100
 20
60.05114800
 42
-0.10491700
  0
VERTEX
  8
0
 10
217.37622100
 20
53.88208000
 42
-0.07943200
  0
VERTEX
  8
0
 10
220.87744100
 20
49.19335900
  0
SEQEND
  0
POLYLINE
  8
0
 66
   1
 39
0.000000
 70
    0
  0
VERTEX
  8
0
 10
251.30419900
 20
59.53857400
 42
0.07015200
  0
VERTEX
  8
0
 10
238.08642600
 20
63.16308600
 42
0.06993900
  0
VERTEX
  8
0
 10
224.99609400
 20
62.84863300
 42
0.06008200
  0
VERTEX
  8
0
 10
229.96948200
 20
66.37182600
 42
0.16583300
  0
VERTEX
  8
0
 10
236.23315400
 20
77.68273900
 42
0.06638800
  0
VERTEX
  8
0
 10
236.61523400
 20
86.25927700
  0
SEQEND
  0
POLYLINE
  8
0
 66
   1
 39
0.000000
 70
    0
  0
VERTEX
  8
0
 10
37.25244100
 20
140.33789100
  0
VERTEX
  8
0
 10
52.81298800
 20
118.18701200
 42
0.02941500
  0
VERTEX
  8
0
 10
64.69091800
 20
103.25293000
 42
0.22724100
  0
VERTEX
  8
0
 10
201.71826200
 20
46.87146000
 42
0.02008100
  0
VERTEX
  8
0
 10
214.30200200
 20
48.09252900
 42
0.06205500
  0
VERTEX
  8
0
 10
243.58886700
 20
55.91076700
 42
0.06469400
  0
VERTEX
  8
0
 10
262.59082000
 20
66.64062500
 42
0.05027600
  0
VERTEX
  8
0
 10
274.08203100
 20
77.21484400
 42
0.16295500
  0
VERTEX
  8
0
 10
285.70092800
 20
110.72119200
 42
0.15600900
  0
VERTEX
  8
0
 10
275.26904300
 20
144.14550800
 42
0.15840900
  0
VERTEX
  8
0
 10
251.41113300
 20
158.41980000
 42
0.15266500
  0
VERTEX
  8
0
 10
223.69482400
 20
156.25293000
 42
0.17068600
  0
VERTEX
  8
0
 10
207.34863300
 20
141.65283200
 42
0.17005800
  0
VERTEX
  8
0
 10
203.85693300
 20
120.39062500
 42
0.15068100
  0
VERTEX
  8
0
 10
212.86084000
 20
103.53222700
 42
0.13946500
  0
VERTEX
  8
0
 10
233.57861300
 20
96.32641600
 42
0.13555900
  0
VERTEX
  8
0
 10
255.02685500
 20
100.94238300
 42
0.29974700
  0
VERTEX
  8
0
 10
266.84716800
 20
119.94433600
 42
0.19159800
  0
VERTEX
  8
0
 10
259.46582000
 20
136.79773000
 42
0.18317400
  0
VERTEX
  8
0
 10
242.64794900
 20
144.25048800
 42
0.31508000
  0
VERTEX
  8
0
 10
223.14550800
 20
132.07421900
 42
0.18855100
  0
VERTEX
  8
0
 10
222.89135700
 20
119.75561500
 42
0.18246700
  0
VERTEX
  8
0
 10
230.95654300
 20
110.43408200
 42
0.40821300
  0
VERTEX
  8
0
 10
248.75634700
 20
115.59033200
 42
0.26342400
  0
VERTEX
  8
0
 10
248.56103500
 20
128.30957000
  0
SEQEND
  0
POLYLINE
  8
0
 66
   1
 39
0.000000
 70
    0
  0
VERTEX
  8
0
 10
236.04101500
 20
76.80957000
 42
-0.04214200
  0
VERTEX
  8
0
 10
240.71850600
 20
81.29431200
 42
-0.18746500
  0
VERTEX
  8
0
 10
249.55615200
 20
84.12011700
 42
0.00431600
  0
VERTEX
  8
0
 10
255.15673800
 20
83.82580600
 42
0.11123600
  0
VERTEX
  8
0
 10
259.05029300
 20
84.52539100
 42
0.08388200
  0
VERTEX
  8
0
 10
261.42260700
 20
86.03527800
 42
0.08363300
  0
VERTEX
  8
0
 10
264.39599600
 20
89.79150400
 42
-0.08329100
  0
VERTEX
  8
0
 10
266.53320300
 20
83.73645000
 42
-0.06096800
  0
VERTEX
  8
0
 10
266.86279300
 20
77.32373100
 42
-0.10522600
  0
VERTEX
  8
0
 10
265.67211900
 20
73.18676800
 42
-0.08847500
  0
VERTEX
  8
0
 10
260.62500000
 20
66.76855500
 42
-0.03303400
  0
VERTEX
  8
0
 10
255.37011700
 20
62.67431700
 42
-0.04348900
  0
VERTEX
  8
0
 10
250.41845700
 20
59.91162100
  0
SEQEND
  0
POLYLINE
  8
0
 66
   1
 39
0.000000
 70
    0
  0
VERTEX
  8
0
 10
263.48144500
 20
88.33496100
 42
-0.10739500
  0
VERTEX
  8
0
 10
259.21411100
 20
77.41320800
 42
-0.12285700
  0
VERTEX
  8
0
 10
250.55371100
 20
69.50793500
 42
-0.06961200
  0
VERTEX
  8
0
 10
240.80004900
 20
65.87744200
 42
-0.04321400
  0
VERTEX
  8
0
 10
229.45556600
 20
64.38330100
  0
SEQEND
  0
POLYLINE
  8
0
 66
   1
 39
0.000000
 70
    1
  0
VERTEX
  8
0
 10
528.89013700
 20
63.95263700
  0
VERTEX
  8
0
 10
545.36767600
 20
65.19287100
  0
VERTEX
  8
0
 10
561.84545900
 20
66.43359400
 42
-0.03250800
  0
VERTEX
  8
0
 10
526.03100600
 20
81.06530800
 42
-0.04022100
  0
VERTEX
  8
0
 10
467.52001900
 20
115.60278300
 42
-0.02208500
  0
VERTEX
  8
0
 10
427.88623000
 20
146.22351100
 42
0.02386800
  0
VERTEX
  8
0
 10
382.51831000
 20
182.50268600
 42
0.03833400
  0
VERTEX
  8
0
 10
288.08056600
 20
240.42187500
 42
0.06885800
  0
VERTEX
  8
0
 10
258.39550800
 20
255.71215800
 42
0.06477500
  0
VERTEX
  8
0
 10
225.68408200
 20
262.64306700
 42
0.15822100
  0
VERTEX
  8
0
 10
189.40039000
 20
249.78613300
 42
0.09777100
  0
VERTEX
  8
0
 10
173.84423800
 20
232.14355500
 42
0.30961200
  0
VERTEX
  8
0
 10
178.70190400
 20
164.64514200
 42
0.09620400
  0
VERTEX
  8
0
 10
196.56347600
 20
149.39746100
  0
VERTEX
  8
0
 10
203.99951200
 20
158.20312500
  0
VERTEX
  8
0
 10
204.34716800
 20
158.60839900
 42
-0.05818600
  0
VERTEX
  8
0
 10
213.82031200
 20
167.38964900
 42
-0.10215800
  0
VERTEX
  8
0
 10
229.97900400
 20
174.73828100
 42
-0.07337700
  0
VERTEX
  8
0
 10
244.24121100
 20
175.73144500
 42
-0.05526200
  0
VERTEX
  8
0
 10
258.84521500
 20
172.95752000
 42
-0.04534100
  0
VERTEX
  8
0
 10
275.05126900
 20
166.32714900
 42
-0.09237200
  0
VERTEX
  8
0
 10
292.01611300
 20
153.54785200
 42
-0.16169500
  0
VERTEX
  8
0
 10
306.73535100
 20
120.53710900
 42
-0.15531500
  0
VERTEX
  8
0
 10
299.38378900
 20
86.17785700
 42
-0.07905100
  0
VERTEX
  8
0
 10
288.26171900
 20
72.26257300
 42
-0.07882500
  0
VERTEX
  8
0
 10
272.79736300
 20
62.09960900
  0
VERTEX
  8
0
 10
488.48095700
 20
62.81445300
 42
0.01242200
  0
VERTEX
  8
0
 10
528.89428700
 20
63.95312500
 42
-0.01242200
  0
VERTEX
  8
0
 10
488.48095700
 20
62.81445300
  0
VERTEX
  8
0
 10
272.79736300
 20
62.09960900
 42
0.07882500
  0
VERTEX
  8
0
 10
288.26171900
 20
72.26257300
 42
0.07905100
  0
VERTEX
  8
0
 10
299.38378900
 20
86.17785700
 42
0.15531500
  0
VERTEX
  8
0
 10
306.73535100
 20
120.53710900
 42
0.16169500
  0
VERTEX
  8
0
 10
292.01611300
 20
153.54785200
 42
0.09237200
  0
VERTEX
  8
0
 10
275.05126900
 20
166.32714900
 42
0.04534100
  0
VERTEX
  8
0
 10
258.84521500
 20
172.95752000
 42
0.05526200
  0
VERTEX
  8
0
 10
244.24121100
 20
175.73144500
 42
0.07337700
  0
VERTEX
  8
0
 10
229.97900400
 20
174.73828100
 42
0.10215800
  0
VERTEX
  8
0
 10
213.82031200
 20
167.38964900
 42
0.05818600
  0
VERTEX
  8
0
 10
204.34716800
 20
158.60839900
  0
VERTEX
  8
0
 10
203.99951200
 20
158.20312500
  0
VERTEX
  8
0
 10
196.56347600
 20
149.39746100
 42
-0.09620400
  0
VERTEX
  8
0
 10
178.70190400
 20
164.64514200
 42
-0.30961200
  0
VERTEX
  8
0
 10
173.84423800
 20
232.14355500
 42
-0.09777100
  0
VERTEX
  8
0
 10
189.40039000
 20
249.78613300
 42
-0.15822100
  0
VERTEX
  8
0
 10
225.68408200
 20
262.64306700
 42
-0.06477500
  0
VERTEX
  8
0
 10
258.39550800
 20
255.71215800
 42
-0.06885800
  0
VERTEX
  8
0
 10
288.08056600
 20
240.42187500
 42
-0.03833400
  0
VERTEX
  8
0
 10
382.51831000
 20
182.50268600
 42
-0.02386800
  0
VERTEX
  8
0
 10
427.88623000
 20
146.22351100
 42
0.02208500
  0
VERTEX
  8
0
 10
467.52001900
 20
115.60278300
 42
0.04022100
  0
VERTEX
  8
0
 10
526.03100600
 20
81.06530800
 42
0.03250800
  0
VERTEX
  8
0
 10
561.84545900
 20
66.43359400
  0
VERTEX
  8
0
 10
545.36767600
 20
65.19287100
  0
VERTEX
  8
0
 10
528.89013700
 20
63.95263700
  0
SEQEND
  0
POLYLINE
  8
0
 66
   1
 39
0.000000
 70
    0
  0
VERTEX
  8
0
 10
938.52832000
 20
638.35156300
 42
-0.21284000
  0
VERTEX
  8
0
 10
953.22802700
 20
647.06372100
 42
-0.10092000
  0
VERTEX
  8
0
 10
965.27294900
 20
646.03064000
 42
-0.06673000
  0
VERTEX
  8
0
 10
975.91943300
 20
641.27661100
 42
0.12735900
  0
VERTEX
  8
0
 10
972.68432600
 20
636.19177300
 42
0.05647200
  0
VERTEX
  8
0
 10
971.48413100
 20
630.28588900
 42
0.00255200
  0
VERTEX
  8
0
 10
971.13330100
 20
626.04711900
 42
-0.02241800
  0
VERTEX
  8
0
 10
970.41430600
 20
620.19604500
 42
-0.10786600
  0
VERTEX
  8
0
 10
967.83276300
 20
613.76989800
 42
-0.07755000
  0
VERTEX
  8
0
 10
964.85156200
 20
610.58056700
  0
SEQEND
  0
POLYLINE
  8
0
 66
   1
 39
0.000000
 70
    0
  0
VERTEX
  8
0
 10
965.64111300
 20
610.21484400
 42
-0.05324700
  0
VERTEX
  8
0
 10
970.49243100
 20
612.52294900
 42
-0.03755300
  0
VERTEX
  8
0
 10
975.68066400
 20
613.91748100
 42
-0.09366100
  0
VERTEX
  8
0
 10
980.54663100
 20
606.75976600
 42
-0.12153700
  0
VERTEX
  8
0
 10
982.71875000
 20
593.98510800
 42
-0.05758600
  0
VERTEX
  8
0
 10
981.17285100
 20
585.88134800
 42
-0.05502200
  0
VERTEX
  8
0
 10
976.79370100
 20
575.90063500
 42
-0.16104700
  0
VERTEX
  8
0
 10
939.52197200
 20
542.67578100
 42
-0.06793000
  0
VERTEX
  8
0
 10
915.00000000
 20
535.95214900
 42
-0.06793000
  0
VERTEX
  8
0
 10
890.47802700
 20
542.67578100
 42
-0.16102900
  0
VERTEX
  8
0
 10
853.20751900
 20
575.89770500
 42
-0.05505100
  0
VERTEX
  8
0
 10
848.82714800
 20
585.88134800
 42
-0.06585400
  0
VERTEX
  8
0
 10
847.22998000
 20
595.07739300
 42
-0.13377600
  0
VERTEX
  8
0
 10
850.31127900
 20
608.50769100
 42
-0.07318700
  0
VERTEX
  8
0
 10
854.31982400
 20
613.91748100
 42
-0.07474400
  0
VERTEX
  8
0
 10
863.58642600
 20
610.67382800
 42
-0.07522600
  0
VERTEX
  8
0
 10
867.44824200
 20
607.82202200
 42
-0.08657900
  0
VERTEX
  8
0
 10
870.05932600
 20
604.10327200
 42
-0.04630600
  0
VERTEX
  8
0
 10
871.60449200
 20
599.83007800
 42
-0.02202900
  0
VERTEX
  8
0
 10
872.64941400
 20
594.93640100
 42
0.05794200
  0
VERTEX
  8
0
 10
875.51123000
 20
585.06091300
 42
-0.01002200
  0
VERTEX
  8
0
 10
877.74267600
 20
579.43676800
  0
SEQEND
  0
POLYLINE
  8
0
 66
   1
 39
0.000000
 70
    0
  0
VERTEX
  8
0
 10
733.53881800
 20
483.52636700
 42
0.29827800
  0
VERTEX
  8
0
 10
718.96362300
 20
478.63085900
 42
-0.15572500
  0
VERTEX
  8
0
 10
712.28027300
 20
473.66601600
 42
-0.14908200
  0
VERTEX
  8
0
 10
703.95947200
 20
473.38281300
  0
SEQEND
  0
POLYLINE
  8
0
 66
   1
 39
0.000000
 70
    0
  0
VERTEX
  8
0
 10
719.14843700
 20
490.68957500
 42
0.29922100
  0
VERTEX
  8
0
 10
705.20410100
 20
484.25341800
 42
-0.15635900
  0
VERTEX
  8
0
 10
699.10668900
 20
478.59643600
 42
-0.14897000
  0
VERTEX
  8
0
 10
690.87304700
 20
477.41943400
  0
SEQEND
  0
POLYLINE
  8
0
 66
   1
 39
0.000000
 70
    0
  0
VERTEX
  8
0
 10
729.18530300
 20
541.81250000
 42
0.29928800
  0
VERTEX
  8
0
 10
715.37255800
 20
535.10156300
 42
-0.15651000
  0
VERTEX
  8
0
 10
709.39038100
 20
529.32544000
 42
-0.14894300
  0
VERTEX
  8
0
 10
701.18310500
 20
527.98681700
  0
SEQEND
  0
POLYLINE
  8
0
 66
   1
 39
0.000000
 70
    0
  0
VERTEX
  8
0
 10
713.11718700
 20
545.69433600
 42
0.29958500
  0
VERTEX
  8
0
 10
699.88208000
 20
537.93652400
 42
-0.15693000
  0
VERTEX
  8
0
 10
694.37548800
 20
531.71447800
 42
-0.14898000
  0
VERTEX
  8
0
 10
686.30297800
 20
529.74609400
  0
SEQEND
  0
POLYLINE
  8
0
 66
   1
 39
0.000000
 70
    0
  0
VERTEX
  8
0
 10
696.66210900
 20
548.27490200
 42
0.29988500
  0
VERTEX
  8
0
 10
684.03564400
 20
539.58691400
 42
-0.15732300
  0
VERTEX
  8
0
 10
679.00122100
 20
532.98596200
 42
-0.14908200
  0
VERTEX
  8
0
 10
671.09790000
 20
530.44482400
  0
SEQEND
  0
POLYLINE
  8
0
 66
   1
 39
0.000000
 70
    0
  0
VERTEX
  8
0
 10
680.40234400
 20
549.64453100
 42
0.30035000
  0
VERTEX
  8
0
 10
668.43359400
 20
540.09863300
 42
-0.15769000
  0
VERTEX
  8
0
 10
663.88549800
 20
533.16198700
 42
-0.14920800
  0
VERTEX
  8
0
 10
656.18701200
 20
530.07421900
  0
SEQEND
  0
POLYLINE
  8
0
 66
   1
 39
0.000000
 70
    0
  0
VERTEX
  8
0
 10
663.71582000
 20
549.89746100
 42
0.30091200
  0
VERTEX
  8
0
 10
652.63061500
 20
539.36279300
 42
-0.15802100
  0
VERTEX
  8
0
 10
648.70727500
 20
532.06494200
 42
-0.14950300
  0
VERTEX
  8
0
 10
641.30981400
 20
528.33300800
  0
SEQEND
  0
POLYLINE
  8
0
 66
   1
 39
0.000000
 70
    0
  0
VERTEX
  8
0
 10
647.38330100
 20
548.78613300
 42
0.30139100
  0
VERTEX
  8
0
 10
637.02685500
 20
537.55468800
 42
-0.15825600
  0
VERTEX
  8
0
 10
633.59716800
 20
530.02014200
 42
-0.14969600
  0
VERTEX
  8
0
 10
626.46484400
 20
525.81738300
  0
SEQEND
  0
POLYLINE
  8
0
 66
   1
 39
0.000000
 70
    0
  0
VERTEX
  8
0
 10
631.30029300
 20
546.57128900
 42
0.30204900
  0
VERTEX
  8
0
 10
621.93139600
 20
534.52880900
 42
-0.15849900
  0
VERTEX
  8
0
 10
619.15307600
 20
526.73925800
 42
-0.15008500
  0
VERTEX
  8
0
 10
612.40234400
 20
521.96191400
  0
SEQEND
  0
POLYLINE
  8
0
 66
   1
 39
0.000000
 70
    0
  0
VERTEX
  8
0
 10
615.46508800
 20
543.17041000
 42
0.30271700
  0
VERTEX
  8
0
 10
607.04467800
 20
530.46679700
 42
-0.15861300
  0
VERTEX
  8
0
 10
604.87255800
 20
522.49462900
 42
-0.15047400
  0
VERTEX
  8
0
 10
598.50756800
 20
517.22558600
  0
SEQEND
  0
POLYLINE
  8
0
 66
   1
 39
0.000000
 70
    0
  0
VERTEX
  8
0
 10
600.03784200
 20
538.58789100
 42
0.30344400
  0
VERTEX
  8
0
 10
592.61303700
 20
525.29882800
 42
-0.15866900
  0
VERTEX
  8
0
 10
591.05786100
 20
517.19067400
 42
-0.15090300
  0
VERTEX
  8
0
 10
585.11401300
 20
511.46093800
  0
SEQEND
  0
POLYLINE
  8
0
 66
   1
 39
0.000000
 70
    0
  0
VERTEX
  8
0
 10
585.08154300
 20
532.93798800
 42
0.30408200
  0
VERTEX
  8
0
 10
578.69140600
 20
519.13671900
 42
-0.15864900
  0
VERTEX
  8
0
 10
577.75952100
 20
510.94006400
 42
-0.15133600
  0
VERTEX
  8
0
 10
572.26904300
 20
504.78320300
  0
SEQEND
  0
POLYLINE
  8
0
 66
   1
 39
0.000000
 70
    0
  0
VERTEX
  8
0
 10
570.34936500
 20
526.10693400
 42
0.30424000
  0
VERTEX
  8
0
 10
565.14209000
 20
511.82812500
 42
-0.15855600
  0
VERTEX
  8
0
 10
564.90380800
 20
503.58825700
 42
-0.15186800
  0
VERTEX
  8
0
 10
559.94921900
 20
497.00000000
  0
SEQEND
  0
POLYLINE
  8
0
 66
   1
 39
0.000000
 70
    0
  0
VERTEX
  8
0
 10
556.09497100
 20
518.01220700
 42
0.30426700
  0
VERTEX
  8
0
 10
552.07934600
 20
503.36523400
 42
-0.15838800
  0
VERTEX
  8
0
 10
552.52197200
 20
495.13830600
 42
-0.15233400
  0
VERTEX
  8
0
 10
548.12670900
 20
488.16992200
  0
SEQEND
  0
POLYLINE
  8
0
 66
   1
 39
0.000000
 70
    0
  0
VERTEX
  8
0
 10
542.97216800
 20
509.05517600
 42
0.30418600
  0
VERTEX
  8
0
 10
540.08740200
 20
494.15234400
 42
-0.15813100
  0
VERTEX
  8
0
 10
541.15356400
 20
485.98632800
 42
-0.15283200
  0
VERTEX
  8
0
 10
537.29834000
 20
478.70898400
  0
SEQEND
  0
POLYLINE
  8
0
 66
   1
 39
0.000000
 70
    0
  0
VERTEX
  8
0
 10
530.37353500
 20
498.80810600
 42
0.30394800
  0
VERTEX
  8
0
 10
528.95898400
 20
483.70019500
 42
-0.15774200
  0
VERTEX
  8
0
 10
530.82006800
 20
475.68042000
 42
-0.15337000
  0
VERTEX
  8
0
 10
527.69580100
 20
468.06347700
  0
SEQEND
  0
POLYLINE
  8
0
 66
   1
 39
0.000000
 70
    0
  0
VERTEX
  8
0
 10
519.04345700
 20
487.90918000
 42
0.15100900
  0
VERTEX
  8
0
 10
516.61450200
 20
480.35791000
 42
0.14758700
  0
VERTEX
  8
0
 10
518.81689400
 20
472.74316400
 42
-0.15735400
  0
VERTEX
  8
0
 10
521.30053700
 20
464.89440900
 42
-0.15377900
  0
VERTEX
  8
0
 10
518.78271500
 20
457.05664100
  0
SEQEND
  0
POLYLINE
  8
0
 66
   1
 39
0.000000
 70
    0
  0
VERTEX
  8
0
 10
508.38818300
 20
475.89990200
 42
0.15138300
  0
VERTEX
  8
0
 10
506.60058600
 20
468.17138700
 42
0.14717200
  0
VERTEX
  8
0
 10
509.43457000
 20
460.76464900
 42
-0.31737000
  0
VERTEX
  8
0
 10
510.71142600
 20
445.12890600
  0
SEQEND
  0
POLYLINE
  8
0
 66
   1
 39
0.000000
 70
    0
  0
VERTEX
  8
0
 10
498.85107400
 20
463.01074200
 42
0.15174700
  0
VERTEX
  8
0
 10
497.74292000
 20
455.15393100
 42
0.14669200
  0
VERTEX
  8
0
 10
501.21337900
 20
448.01660200
 42
-0.31765000
  0
VERTEX
  8
0
 10
503.85498000
 20
432.54785200
  0
SEQEND
  0
POLYLINE
  8
0
 66
   1
 39
0.000000
 70
    0
  0
VERTEX
  8
0
 10
490.58642600
 20
449.49951200
 42
0.15198800
  0
VERTEX
  8
0
 10
490.15722600
 20
441.57324200
 42
0.14624200
  0
VERTEX
  8
0
 10
494.22509700
 20
434.75695800
 42
-0.31786300
  0
VERTEX
  8
0
 10
498.18505800
 20
419.56347700
  0
SEQEND
  0
POLYLINE
  8
0
 66
   1
 39
0.000000
 70
    0
  0
VERTEX
  8
0
 10
483.20654300
 20
435.03613300
 42
0.15217700
  0
VERTEX
  8
0
 10
483.45605400
 20
427.09777800
 42
0.14571400
  0
VERTEX
  8
0
 10
488.09082000
 20
420.64502000
 42
-0.31782300
  0
VERTEX
  8
0
 10
493.33203100
 20
405.83300800
  0
SEQEND
  0
POLYLINE
  8
0
 66
   1
 39
0.000000
 70
    0
  0
VERTEX
  8
0
 10
477.32910100
 20
420.69287100
 42
0.15226300
  0
VERTEX
  8
0
 10
478.18383800
 20
412.79162600
 42
0.14530900
  0
VERTEX
  8
0
 10
483.29541000
 20
406.70507800
 42
-0.31754300
  0
VERTEX
  8
0
 10
489.65087900
 20
392.32324200
  0
SEQEND
  0
POLYLINE
  8
0
 66
   1
 39
0.000000
 70
    0
  0
VERTEX
  8
0
 10
472.74902300
 20
405.59570300
 42
0.15224900
  0
VERTEX
  8
0
 10
474.10668900
 20
397.75988800
 42
0.14494300
  0
VERTEX
  8
0
 10
479.59912100
 20
392.00293000
 42
-0.31691000
  0
VERTEX
  8
0
 10
486.85742200
 20
378.04101600
  0
SEQEND
  0
POLYLINE
  8
0
 66
   1
 39
0.000000
 70
    0
  0
VERTEX
  8
0
 10
468.80419900
 20
390.20996100
 42
0.15224200
  0
VERTEX
  8
0
 10
470.78930600
 20
382.50219700
 42
0.14450100
  0
VERTEX
  8
0
 10
476.72119100
 20
377.19824200
 42
-0.31618400
  0
VERTEX
  8
0
 10
485.07910100
 20
363.84668000
  0
SEQEND
  0
POLYLINE
  8
0
 66
   1
 39
0.000000
 70
    0
  0
VERTEX
  8
0
 10
466.31689400
 20
374.36914100
 42
0.15215100
  0
VERTEX
  8
0
 10
468.88110300
 20
366.82678200
 42
0.14412300
  0
VERTEX
  8
0
 10
475.20312500
 20
361.97363300
 42
-0.31548100
  0
VERTEX
  8
0
 10
484.55224600
 20
349.27636700
  0
SEQEND
  0
POLYLINE
  8
0
 66
   1
 39
0.000000
 70
    0
  0
VERTEX
  8
0
 10
464.83544900
 20
358.02783200
 42
0.15193700
  0
VERTEX
  8
0
 10
468.03100600
 20
350.72143600
 42
0.14376000
  0
VERTEX
  8
0
 10
474.74462900
 20
346.40722700
 42
-0.31474400
  0
VERTEX
  8
0
 10
485.13720700
 20
334.52294900
  0
SEQEND
  0
POLYLINE
  8
0
 66
   1
 39
0.000000
 70
    0
  0
VERTEX
  8
0
 10
464.95556600
 20
341.49218800
 42
0.15171800
  0
VERTEX
  8
0
 10
468.63793900
 20
334.41101100
 42
0.14352000
  0
VERTEX
  8
0
 10
475.62646500
 20
330.54785200
 42
-0.31423000
  0
VERTEX
  8
0
 10
486.79834000
 20
319.37109400
  0
SEQEND
  0
POLYLINE
  8
0
 66
   1
 39
0.000000
 70
    0
  0
VERTEX
  8
0
 10
466.24218700
 20
324.84472700
 42
0.15149900
  0
VERTEX
  8
0
 10
470.40283200
 20
318.02539100
 42
0.14327200
  0
VERTEX
  8
0
 10
477.64013700
 20
314.63916000
 42
-0.31375500
  0
VERTEX
  8
0
 10
489.55468700
 20
304.23339900
  0
SEQEND
  0
POLYLINE
  8
0
 66
   1
 39
0.000000
 70
    0
  0
VERTEX
  8
0
 10
468.70507800
 20
308.13330100
 42
0.15113100
  0
VERTEX
  8
0
 10
473.40673800
 20
301.66491700
 42
0.14307500
  0
VERTEX
  8
0
 10
480.90087900
 20
298.86230500
 42
-0.31319200
  0
VERTEX
  8
0
 10
493.62744100
 20
289.43603500
  0
SEQEND
  0
POLYLINE
  8
0
 66
   1
 39
0.000000
 70
    0
  0
VERTEX
  8
0
 10
472.52392600
 20
291.32959000
 42
0.15069400
  0
VERTEX
  8
0
 10
477.75268500
 20
285.26867700
 42
0.14293000
  0
VERTEX
  8
0
 10
485.45459000
 20
283.08789100
 42
-0.31276100
  0
VERTEX
  8
0
 10
498.92919900
 20
274.73144500
  0
SEQEND
  0
POLYLINE
  8
0
 66
   1
 39
0.000000
 70
    0
  0
VERTEX
  8
0
 10
477.45166000
 20
275.42480500
 42
0.15029900
  0
VERTEX
  8
0
 10
483.15014600
 20
269.79345700
 42
0.14285700
  0
VERTEX
  8
0
 10
491.00732400
 20
268.22265600
 42
-0.31247200
  0
VERTEX
  8
0
 10
505.11474600
 20
260.94921900
  0
SEQEND
  0
POLYLINE
  8
0
 66
   1
 39
0.000000
 70
    0
  0
VERTEX
  8
0
 10
483.67138700
 20
260.17285200
 42
0.14991700
  0
VERTEX
  8
0
 10
489.74584900
 20
254.94091800
 42
0.14289200
  0
VERTEX
  8
0
 10
497.70019500
 20
253.90527400
 42
-0.31228200
  0
VERTEX
  8
0
 10
512.28222600
 20
247.60546900
  0
SEQEND
  0
POLYLINE
  8
0
 66
   1
 39
0.000000
 70
    0
  0
VERTEX
  8
0
 10
491.05664000
 20
245.38134800
 42
0.14944200
  0
VERTEX
  8
0
 10
497.53076200
 20
240.64294400
 42
0.14294000
  0
VERTEX
  8
0
 10
505.54736300
 20
240.23303200
 42
-0.31172800
  0
VERTEX
  8
0
 10
520.59228500
 20
235.09765600
  0
SEQEND
  0
POLYLINE
  8
0
 66
   1
 39
0.000000
 70
    0
  0
VERTEX
  8
0
 10
500.01904300
 20
230.43798800
 42
0.14892800
  0
VERTEX
  8
0
 10
506.84692400
 20
226.21704100
 42
0.14314400
  0
VERTEX
  8
0
 10
514.87451200
 20
226.42871100
 42
-0.31102500
  0
VERTEX
  8
0
 10
530.28320300
 20
222.47753900
  0
SEQEND
  0
POLYLINE
  8
0
 66
   1
 39
0.000000
 70
    0
  0
VERTEX
  8
0
 10
509.87841800
 20
216.55273400
 42
0.14851800
  0
VERTEX
  8
0
 10
517.03881800
 20
212.91552700
 42
0.14327700
  0
VERTEX
  8
0
 10
525.02099600
 20
213.79199200
 42
-0.31033700
  0
VERTEX
  8
0
 10
540.71240200
 20
211.12890600
  0
SEQEND
  0
POLYLINE
  8
0
 66
   1
 39
0.000000
 70
    0
  0
VERTEX
  8
0
 10
519.88818300
 20
204.36230500
 42
0.29564400
  0
VERTEX
  8
0
 10
535.20410100
 20
202.75293000
 42
-0.30982600
  0
VERTEX
  8
0
 10
551.05615200
 20
201.28759800
  0
SEQEND
  0
POLYLINE
  8
0
 66
   1
 39
0.000000
 70
    0
  0
VERTEX
  8
0
 10
531.45361300
 20
192.55419900
 42
0.29584000
  0
VERTEX
  8
0
 10
546.85083000
 20
192.08300800
 42
-0.30936800
  0
VERTEX
  8
0
 10
562.76977500
 20
191.79003900
  0
SEQEND
  0
POLYLINE
  8
0
 66
   1
 39
0.000000
 70
    0
  0
VERTEX
  8
0
 10
543.43896500
 20
181.88952600
 42
0.29623000
  0
VERTEX
  8
0
 10
558.82763700
 20
182.48425300
 42
-0.30899100
  0
VERTEX
  8
0
 10
574.72802700
 20
183.29492200
  0
SEQEND
  0
POLYLINE
  8
0
 66
   1
 39
0.000000
 70
    0
  0
VERTEX
  8
0
 10
556.76147400
 20
172.05090300
 42
0.29654500
  0
VERTEX
  8
0
 10
572.09252900
 20
173.47375500
 42
-0.30881800
  0
VERTEX
  8
0
 10
587.92358400
 20
175.14355500
  0
SEQEND
  0
POLYLINE
  8
0
 66
   1
 39
0.000000
 70
    0
  0
VERTEX
  8
0
 10
570.56811500
 20
162.62414600
 42
0.29693900
  0
VERTEX
  8
0
 10
585.76342800
 20
165.11621100
 42
-0.15471500
  0
VERTEX
  8
0
 10
593.16894500
 20
168.93908700
 42
-0.14949800
  0
VERTEX
  8
0
 10
601.43554700
 20
167.88232400
  0
SEQEND
  0
POLYLINE
  8
0
 66
   1
 39
0.000000
 70
    0
  0
VERTEX
  8
0
 10
585.05249000
 20
154.37402400
 42
0.29752800
  0
VERTEX
  8
0
 10
600.02026300
 20
157.95996100
 42
-0.15517000
  0
VERTEX
  8
0
 10
607.12524400
 20
162.31018100
 42
-0.14930100
  0
VERTEX
  8
0
 10
615.44360300
 20
161.85400400
  0
SEQEND
  0
POLYLINE
  8
0
 66
   1
 39
0.000000
 70
    0
  0
VERTEX
  8
0
 10
599.72460900
 20
147.44043000
 42
0.29807400
  0
VERTEX
  8
0
 10
614.41821300
 20
151.98681700
 42
-0.15555500
  0
VERTEX
  8
0
 10
621.21997100
 20
156.79113800
 42
-0.14911900
  0
VERTEX
  8
0
 10
629.54687500
 20
156.87695300
  0
SEQEND
  0
POLYLINE
  8
0
 66
   1
 39
0.000000
 70
    0
  0
VERTEX
  8
0
 10
615.04785100
 20
141.45507800
 42
0.29856400
  0
VERTEX
  8
0
 10
629.43066400
 20
146.88769500
 42
-0.15589900
  0
VERTEX
  8
0
 10
635.92358400
 20
152.09509300
 42
-0.14902800
  0
VERTEX
  8
0
 10
644.22607400
 20
152.68310600
  0
SEQEND
  0
POLYLINE
  8
0
 66
   1
 39
0.000000
 70
    0
  0
VERTEX
  8
0
 10
630.43652300
 20
136.39563000
 42
0.29913700
  0
VERTEX
  8
0
 10
644.44335900
 20
142.70898400
 42
-0.15633500
  0
VERTEX
  8
0
 10
650.59448200
 20
148.30908200
 42
-0.14899500
  0
VERTEX
  8
0
 10
658.83984400
 20
149.40918000
  0
SEQEND
  0
POLYLINE
  8
0
 66
   1
 39
0.000000
 70
    0
  0
VERTEX
  8
0
 10
646.40527300
 20
132.13867200
 42
0.29933300
  0
VERTEX
  8
0
 10
660.02563500
 20
139.22705100
 42
-0.15664300
  0
VERTEX
  8
0
 10
665.84570300
 20
145.16333000
 42
-0.14897700
  0
VERTEX
  8
0
 10
674.01171900
 20
146.72265600
  0
SEQEND
  0
POLYLINE
  8
0
 66
   1
 39
0.000000
 70
    0
  0
VERTEX
  8
0
 10
663.36669900
 20
128.66601600
 42
0.29965600
  0
VERTEX
  8
0
 10
676.45703100
 20
136.66601600
 42
-0.15704600
  0
VERTEX
  8
0
 10
681.84985300
 20
142.98449700
 42
-0.14901600
  0
VERTEX
  8
0
 10
689.88427700
 20
145.09521500
  0
SEQEND
  0
POLYLINE
  8
0
 66
   1
 39
0.000000
 70
    0
  0
VERTEX
  8
0
 10
679.39404300
 20
126.35791000
 42
0.29990300
  0
VERTEX
  8
0
 10
691.98486300
 20
135.09570300
 42
-0.15732300
  0
VERTEX
  8
0
 10
696.99194300
 20
141.71716300
 42
-0.14910200
  0
VERTEX
  8
0
 10
704.88427700
 20
144.29052700
  0
SEQEND
  0
POLYLINE
  8
0
 66
   1
 39
0.000000
 70
    0
  0
VERTEX
  8
0
 10
695.42309600
 20
125.03222700
 42
0.30028700
  0
VERTEX
  8
0
 10
707.44091800
 20
134.52050800
 42
-0.15763200
  0
VERTEX
  8
0
 10
712.02417000
 20
141.43444800
 42
-0.14921700
  0
VERTEX
  8
0
 10
719.73876900
 20
144.48339900
  0
SEQEND
  0
POLYLINE
  8
0
 66
   1
 39
0.000000
 70
    0
  0
VERTEX
  8
0
 10
711.78149400
 20
124.65576200
 42
0.30060600
  0
VERTEX
  8
0
 10
723.26318300
 20
134.77099600
 42
-0.15787200
  0
VERTEX
  8
0
 10
727.46337900
 20
141.91723600
 42
-0.14941800
  0
VERTEX
  8
0
 10
734.99902300
 20
145.37011700
  0
SEQEND
  0
POLYLINE
  8
0
 66
   1
 39
0.000000
 70
    0
  0
VERTEX
  8
0
 10
727.86376900
 20
125.17334000
 42
0.30108700
  0
VERTEX
  8
0
 10
738.68701200
 20
135.96777400
 42
-0.15813400
  0
VERTEX
  8
0
 10
742.42968700
 20
143.35632300
 42
-0.14957300
  0
VERTEX
  8
0
 10
749.73242200
 20
147.26367200
  0
SEQEND
  0
POLYLINE
  8
0
 66
   1
 39
0.000000
 70
    0
  0
VERTEX
  8
0
 10
743.95898400
 20
126.69433600
 42
0.30127000
  0
VERTEX
  8
0
 10
754.43408200
 20
137.81835900
 42
-0.15823600
  0
VERTEX
  8
0
 10
757.94238300
 20
145.31762700
 42
-0.14969300
  0
VERTEX
  8
0
 10
765.11840800
 20
149.44726600
  0
SEQEND
  0
POLYLINE
  8
0
 66
   1
 39
0.000000
 70
    0
  0
VERTEX
  8
0
 10
759.98291000
 20
129.03955100
 42
0.30131100
  0
VERTEX
  8
0
 10
770.45800800
 20
140.16308600
 42
-0.03173500
  0
VERTEX
  8
0
 10
770.77636700
 20
141.84179700
  0
SEQEND
  0
POLYLINE
  8
0
 66
   1
 39
0.000000
 70
    0
  0
VERTEX
  8
0
 10
703.91918900
 20
496.25244200
 42
0.29961300
  0
VERTEX
  8
0
 10
690.77758800
 20
488.33984400
 42
-0.15698900
  0
VERTEX
  8
0
 10
685.34472600
 20
482.05481000
 42
-0.14901200
  0
VERTEX
  8
0
 10
677.29687500
 20
479.99414100
  0
SEQEND
  0
POLYLINE
  8
0
 66
   1
 39
0.000000
 70
    0
  0
VERTEX
  8
0
 10
688.33740200
 20
500.13378900
 42
0.30009200
  0
VERTEX
  8
0
 10
676.03710900
 20
491.00244200
 42
-0.15752100
  0
VERTEX
  8
0
 10
671.24584900
 20
484.22741700
 42
-0.14918300
  0
VERTEX
  8
0
 10
663.44140600
 20
481.40820300
  0
SEQEND
  0
POLYLINE
  8
0
 66
   1
 39
0.000000
 70
    0
  0
VERTEX
  8
0
 10
672.46923800
 20
502.23291000
 42
0.30077700
  0
VERTEX
  8
0
 10
661.27905300
 20
491.80957000
 42
-0.15800200
  0
VERTEX
  8
0
 10
657.28222600
 20
484.55078100
 42
-0.14944900
  0
VERTEX
  8
0
 10
649.84765600
 20
480.89160200
  0
SEQEND
  0
POLYLINE
  8
0
 66
   1
 39
0.000000
 70
    0
  0
VERTEX
  8
0
 10
656.30126900
 20
502.80127000
 42
0.30167800
  0
VERTEX
  8
0
 10
646.37060500
 20
491.20800800
 42
-0.15835400
  0
VERTEX
  8
0
 10
643.22851500
 20
483.55322300
 42
-0.14994500
  0
VERTEX
  8
0
 10
636.26001000
 20
479.09130900
  0
SEQEND
  0
POLYLINE
  8
0
 66
   1
 39
0.000000
 70
    0
  0
VERTEX
  8
0
 10
640.60937500
 20
501.54443400
 42
0.30257600
  0
VERTEX
  8
0
 10
631.94873000
 20
489.00000000
 42
-0.15859900
  0
VERTEX
  8
0
 10
629.62670900
 20
481.06872600
 42
-0.15041700
  0
VERTEX
  8
0
 10
623.16406200
 20
475.91796900
  0
SEQEND
  0
POLYLINE
  8
0
 66
   1
 39
0.000000
 70
    0
  0
VERTEX
  8
0
 10
624.97216800
 20
498.71582000
 42
0.30353700
  0
VERTEX
  8
0
 10
617.72851500
 20
485.33203100
 42
-0.15866500
  0
VERTEX
  8
0
 10
616.28320300
 20
477.20532200
 42
-0.15098900
  0
VERTEX
  8
0
 10
610.41699200
 20
471.39843800
  0
SEQEND
  0
POLYLINE
  8
0
 66
   1
 39
0.000000
 70
    0
  0
VERTEX
  8
0
 10
609.78637700
 20
494.29687500
 42
0.30420500
  0
VERTEX
  8
0
 10
604.08081000
 20
480.20507800
 42
-0.15859500
  0
VERTEX
  8
0
 10
603.55053700
 20
471.97644100
 42
-0.15165700
  0
VERTEX
  8
0
 10
598.36596700
 20
465.56445300
  0
SEQEND
  0
POLYLINE
  8
0
 66
   1
 39
0.000000
 70
    0
  0
VERTEX
  8
0
 10
595.38842800
 20
488.36718800
 42
0.30426400
  0
VERTEX
  8
0
 10
591.27221700
 20
473.74902400
 42
-0.15837400
  0
VERTEX
  8
0
 10
591.65844700
 20
465.51916500
 42
-0.15234200
  0
VERTEX
  8
0
 10
587.21508800
 20
458.58105500
  0
SEQEND
  0
POLYLINE
  8
0
 66
   1
 39
0.000000
 70
    0
  0
VERTEX
  8
0
 10
581.73486300
 20
480.86230500
 42
0.30414400
  0
VERTEX
  8
0
 10
579.17919900
 20
465.90136700
 42
-0.15804600
  0
VERTEX
  8
0
 10
580.42456000
 20
457.76159700
 42
-0.15297600
  0
VERTEX
  8
0
 10
576.73046900
 20
450.40234400
  0
SEQEND
  0
POLYLINE
  8
0
 66
   1
 39
0.000000
 70
    0
  0
VERTEX
  8
0
 10
568.89086900
 20
471.89306700
 42
0.30377800
  0
VERTEX
  8
0
 10
568.09301700
 20
456.74121100
 42
-0.15755300
  0
VERTEX
  8
0
 10
570.28002900
 20
448.80505400
 42
-0.15361000
  0
VERTEX
  8
0
 10
567.46899400
 20
441.06787100
  0
SEQEND
  0
POLYLINE
  8
0
 66
   1
 39
0.000000
 70
    0
  0
VERTEX
  8
0
 10
557.17602500
 20
461.64599600
 42
0.15135600
  0
VERTEX
  8
0
 10
555.28222600
 20
453.94397000
 42
0.14722500
  0
VERTEX
  8
0
 10
558.01025400
 20
446.50097700
 42
-0.31732000
  0
VERTEX
  8
0
 10
559.07592800
 20
430.85058600
  0
SEQEND
  0
POLYLINE
  8
0
 66
   1
 39
0.000000
 70
    0
  0
VERTEX
  8
0
 10
546.32617200
 20
449.94531300
 42
0.15175600
  0
VERTEX
  8
0
 10
545.33447200
 20
442.07348600
 42
0.14665400
  0
VERTEX
  8
0
 10
548.90673800
 20
434.98632800
 42
-0.31770200
  0
VERTEX
  8
0
 10
551.77612300
 20
419.55859400
  0
SEQEND
  0
POLYLINE
  8
0
 66
   1
 39
0.000000
 70
    0
  0
VERTEX
  8
0
 10
537.16162100
 20
437.39746100
 42
0.15211200
  0
VERTEX
  8
0
 10
537.11499000
 20
429.45813000
 42
0.14595200
  0
VERTEX
  8
0
 10
541.50488300
 20
422.84033200
 42
-0.31785200
  0
VERTEX
  8
0
 10
546.18090800
 20
407.84668000
  0
SEQEND
  0
POLYLINE
  8
0
 66
   1
 39
0.000000
 70
    0
  0
VERTEX
  8
0
 10
529.39550800
 20
423.64453100
 42
0.15225000
  0
VERTEX
  8
0
 10
530.21435500
 20
415.74035700
 42
0.14534100
  0
VERTEX
  8
0
 10
535.29541000
 20
409.63085900
 42
-0.31754200
  0
VERTEX
  8
0
 10
541.58349600
 20
395.22070300
  0
SEQEND
  0
POLYLINE
  8
0
 66
   1
 39
0.000000
 70
    0
  0
VERTEX
  8
0
 10
523.15673800
 20
409.06347700
 42
0.15229000
  0
VERTEX
  8
0
 10
524.84130800
 20
401.28881800
 42
0.14473700
  0
VERTEX
  8
0
 10
530.56152300
 20
395.76269500
 42
-0.31653700
  0
VERTEX
  8
0
 10
538.39697200
 20
382.10839900
  0
SEQEND
  0
POLYLINE
  8
0
 66
   1
 39
0.000000
 70
    0
  0
VERTEX
  8
0
 10
518.58349600
 20
394.06689500
 42
0.15216300
  0
VERTEX
  8
0
 10
521.09863300
 20
386.50988800
 42
0.14416100
  0
VERTEX
  8
0
 10
527.38623000
 20
381.61621100
 42
-0.31551000
  0
VERTEX
  8
0
 10
536.64794900
 20
368.85839900
  0
SEQEND
  0
POLYLINE
  8
0
 66
   1
 39
0.000000
 70
    0
  0
VERTEX
  8
0
 10
515.74804700
 20
378.54882800
 42
0.15199800
  0
VERTEX
  8
0
 10
518.89233400
 20
371.22241200
 42
0.14374900
  0
VERTEX
  8
0
 10
525.56542900
 20
366.86328100
 42
-0.31479400
  0
VERTEX
  8
0
 10
535.87158200
 20
354.90771500
  0
SEQEND
  0
POLYLINE
  8
0
 66
   1
 39
0.000000
 70
    0
  0
VERTEX
  8
0
 10
514.26855400
 20
363.16503900
 42
0.15177300
  0
VERTEX
  8
0
 10
517.86450200
 20
356.04260300
 42
0.14353700
  0
VERTEX
  8
0
 10
524.80126900
 20
352.09619200
 42
-0.31430800
  0
VERTEX
  8
0
 10
535.83837900
 20
340.79199200
  0
SEQEND
  0
POLYLINE
  8
0
 66
   1
 39
0.000000
 70
    0
  0
VERTEX
  8
0
 10
514.03710900
 20
347.02197300
 42
0.15145000
  0
VERTEX
  8
0
 10
518.20385700
 20
340.20800800
 42
0.14329800
  0
VERTEX
  8
0
 10
525.43896500
 20
336.82714900
 42
-0.31370200
  0
VERTEX
  8
0
 10
537.36181600
 20
326.43115200
  0
SEQEND
  0
POLYLINE
  8
0
 66
   1
 39
0.000000
 70
    0
  0
VERTEX
  8
0
 10
514.78955100
 20
331.46679700
 42
0.15111200
  0
VERTEX
  8
0
 10
519.48999000
 20
324.99939000
 42
0.14312900
  0
VERTEX
  8
0
 10
526.97705100
 20
322.19384800
 42
-0.31320400
  0
VERTEX
  8
0
 10
539.70068300
 20
312.76464900
  0
SEQEND
  0
POLYLINE
  8
0
 66
   1
 39
0.000000
 70
    0
  0
VERTEX
  8
0
 10
516.94384700
 20
315.70019500
 42
0.15071000
  0
VERTEX
  8
0
 10
522.13574200
 20
309.61059600
 42
0.14295300
  0
VERTEX
  8
0
 10
529.82617200
 20
307.38281300
 42
-0.31281800
  0
VERTEX
  8
0
 10
543.25244100
 20
298.95312500
  0
SEQEND
  0
POLYLINE
  8
0
 66
   1
 39
0.000000
 70
    0
  0
VERTEX
  8
0
 10
520.18603500
 20
300.44140600
 42
0.15037200
  0
VERTEX
  8
0
 10
525.80493100
 20
294.73437500
 42
0.14287600
  0
VERTEX
  8
0
 10
533.64111300
 20
293.05517600
 42
-0.31250900
  0
VERTEX
  8
0
 10
547.64697200
 20
285.59570300
  0
SEQEND
  0
POLYLINE
  8
0
 66
   1
 39
0.000000
 70
    0
  0
VERTEX
  8
0
 10
524.69628900
 20
285.38964900
 42
0.14998200
  0
VERTEX
  8
0
 10
530.70288100
 20
280.08349600
 42
0.14290500
  0
VERTEX
  8
0
 10
538.63720700
 20
278.94531300
 42
-0.31234100
  0
VERTEX
  8
0
 10
553.13598600
 20
272.46289100
  0
SEQEND
  0
POLYLINE
  8
0
 66
   1
 39
0.000000
 70
    0
  0
VERTEX
  8
0
 10
530.21435500
 20
270.60546900
 42
0.14942700
  0
VERTEX
  8
0
 10
536.67822200
 20
265.85607900
 42
0.14292200
  0
VERTEX
  8
0
 10
544.68603500
 20
265.42675800
 42
-0.31174400
  0
VERTEX
  8
0
 10
559.71923800
 20
260.25976600
  0
SEQEND
  0
POLYLINE
  8
0
 66
   1
 39
0.000000
 70
    0
  0
VERTEX
  8
0
 10
536.95947200
 20
256.32617200
 42
0.14889700
  0
VERTEX
  8
0
 10
543.84594700
 20
252.20239300
 42
0.14313100
  0
VERTEX
  8
0
 10
551.86889600
 20
252.52343800
 42
-0.31094600
  0
VERTEX
  8
0
 10
567.33251900
 20
248.78662100
  0
SEQEND
  0
POLYLINE
  8
0
 66
   1
 39
0.000000
 70
    0
  0
VERTEX
  8
0
 10
544.94238300
 20
242.93554700
 42
0.29551000
  0
VERTEX
  8
0
 10
560.18115200
 20
240.73925800
 42
-0.31011800
  0
VERTEX
  8
0
 10
575.96240200
 20
238.66113300
  0
SEQEND
  0
POLYLINE
  8
0
 66
   1
 39
0.000000
 70
    0
  0
VERTEX
  8
0
 10
554.36474600
 20
230.25476100
 42
0.29585400
  0
VERTEX
  8
0
 10
569.74755800
 20
229.57421900
 42
-0.30950700
  0
VERTEX
  8
0
 10
585.66088800
 20
229.07226600
  0
SEQEND
  0
POLYLINE
  8
0
 66
   1
 39
0.000000
 70
    0
  0
VERTEX
  8
0
 10
565.14526300
 20
218.56835900
 42
0.29634700
  0
VERTEX
  8
0
 10
580.51489200
 20
219.55664100
 42
-0.30893600
  0
VERTEX
  8
0
 10
596.38891600
 20
220.77099600
  0
SEQEND
  0
POLYLINE
  8
0
 66
   1
 39
0.000000
 70
    0
  0
VERTEX
  8
0
 10
577.16064400
 20
208.11865200
 42
0.29686500
  0
VERTEX
  8
0
 10
592.38501000
 20
210.38769500
 42
-0.30862700
  0
VERTEX
  8
0
 10
608.09692400
 20
212.92919900
  0
SEQEND
  0
POLYLINE
  8
0
 66
   1
 39
0.000000
 70
    0
  0
VERTEX
  8
0
 10
589.92456000
 20
198.88867200
 42
0.29743300
  0
VERTEX
  8
0
 10
604.93115200
 20
202.30273400
 42
-0.15504900
  0
VERTEX
  8
0
 10
612.08618100
 20
206.57128900
 42
-0.14933500
  0
VERTEX
  8
0
 10
620.39941400
 20
206.02002000
  0
SEQEND
  0
POLYLINE
  8
0
 66
   1
 39
0.000000
 70
    0
  0
VERTEX
  8
0
 10
603.51904300
 20
190.68737800
 42
0.29803000
  0
VERTEX
  8
0
 10
618.23144500
 20
195.17871100
 42
-0.15553800
  0
VERTEX
  8
0
 10
625.05322200
 20
199.95495600
 42
-0.14910600
  0
VERTEX
  8
0
 10
633.38085900
 20
200.00585900
  0
SEQEND
  0
POLYLINE
  8
0
 66
   1
 39
0.000000
 70
    0
  0
VERTEX
  8
0
 10
617.81103500
 20
183.16162100
 42
0.29880000
  0
VERTEX
  8
0
 10
632.05517600
 20
188.92968800
 42
-0.15609900
  0
VERTEX
  8
0
 10
638.41918900
 20
194.29126000
 42
-0.14903300
  0
VERTEX
  8
0
 10
646.70336900
 20
195.07714900
  0
SEQEND
  0
POLYLINE
  8
0
 66
   1
 39
0.000000
 70
    0
  0
VERTEX
  8
0
 10
632.57714800
 20
177.05859400
 42
0.29930800
  0
VERTEX
  8
0
 10
646.30102500
 20
183.93603500
 42
-0.15657000
  0
VERTEX
  8
0
 10
652.20898400
 20
189.78686500
 42
-0.14900700
  0
VERTEX
  8
0
 10
660.39794900
 20
191.22753900
  0
SEQEND
  0
POLYLINE
  8
0
 66
   1
 39
0.000000
 70
    0
  0
VERTEX
  8
0
 10
647.75170900
 20
172.31152400
 42
0.29959200
  0
VERTEX
  8
0
 10
660.97460900
 20
180.08300800
 42
-0.15695300
  0
VERTEX
  8
0
 10
666.47167900
 20
186.31372100
 42
-0.14897800
  0
VERTEX
  8
0
 10
674.54101500
 20
188.29492200
  0
SEQEND
  0
POLYLINE
  8
0
 66
   1
 39
0.000000
 70
    0
  0
VERTEX
  8
0
 10
663.35791000
 20
168.51953100
 42
0.29996100
  0
VERTEX
  8
0
 10
675.90234400
 20
177.31543000
 42
-0.15735400
  0
VERTEX
  8
0
 10
680.87500000
 20
183.96215800
 42
-0.14910800
  0
VERTEX
  8
0
 10
688.75390600
 20
186.57568400
  0
SEQEND
  0
POLYLINE
  8
0
 66
   1
 39
0.000000
 70
    0
  0
VERTEX
  8
0
 10
678.66259700
 20
166.04003900
 42
0.30041700
  0
VERTEX
  8
0
 10
690.40722600
 20
175.85742200
 42
-0.15776100
  0
VERTEX
  8
0
 10
694.79492200
 20
182.89379900
 42
-0.14929800
  0
VERTEX
  8
0
 10
702.42016600
 20
186.15234400
  0
SEQEND
  0
POLYLINE
  8
0
 66
   1
 39
0.000000
 70
    0
  0
VERTEX
  8
0
 10
694.84082000
 20
164.84326200
 42
0.30095300
  0
VERTEX
  8
0
 10
705.80419900
 20
175.49316400
 42
-0.15806900
  0
VERTEX
  8
0
 10
709.64282200
 20
182.83447300
 42
-0.14953300
  0
VERTEX
  8
0
 10
716.99658200
 20
186.64941400
  0
SEQEND
  0
POLYLINE
  8
0
 66
   1
 39
0.000000
 70
    0
  0
VERTEX
  8
0
 10
710.45898400
 20
164.80957000
 42
0.30157800
  0
VERTEX
  8
0
 10
720.56933600
 20
176.25195300
 42
-0.15833800
  0
VERTEX
  8
0
 10
723.83325200
 20
183.85742200
 42
-0.14983800
  0
VERTEX
  8
0
 10
730.87207000
 20
188.21093800
  0
SEQEND
  0
POLYLINE
  8
0
 66
   1
 39
0.000000
 70
    0
  0
VERTEX
  8
0
 10
724.77783200
 20
165.76074200
 42
0.30192000
  0
VERTEX
  8
0
 10
734.42626900
 20
177.58837900
 42
-0.18114000
  0
VERTEX
  8
0
 10
738.21240200
 20
186.27880900
  0
SEQEND
  0
POLYLINE
  8
0
 66
   1
 39
0.000000
 70
    0
  0
VERTEX
  8
0
 10
734.19140600
 20
476.40918000
 42
0.07708500
  0
VERTEX
  8
0
 10
731.11035100
 20
473.50439500
 42
-0.15570100
  0
VERTEX
  8
0
 10
724.42724600
 20
468.53918500
 42
-0.14907700
  0
VERTEX
  8
0
 10
716.10620100
 20
468.25585900
  0
SEQEND
  0
POLYLINE
  8
0
 66
   1
 39
0.000000
 70
    0
  0
VERTEX
  8
0
 10
744.38623000
 20
536.98828100
 42
0.29879000
  0
VERTEX
  8
0
 10
730.13012700
 20
531.24511700
 42
-0.15604100
  0
VERTEX
  8
0
 10
723.75390600
 20
525.89807100
 42
-0.14902800
  0
VERTEX
  8
0
 10
715.46777300
 20
525.13085900
  0
SEQEND
  0
POLYLINE
  8
0
 66
   1
 39
0.000000
 70
    0
  0
VERTEX
  8
0
 10
757.22070300
 20
531.87255900
 42
0.29088000
  0
VERTEX
  8
0
 10
742.97924800
 20
526.98144500
 42
-0.15566600
  0
VERTEX
  8
0
 10
736.26342800
 20
522.06018100
 42
-0.14907200
  0
VERTEX
  8
0
 10
727.94042900
 20
521.83105500
  0
SEQEND
  0
POLYLINE
  8
0
 66
   1
 39
0.000000
 70
    0
  0
VERTEX
  8
0
 10
771.19189400
 20
525.17395000
 42
0.29038100
  0
VERTEX
  8
0
 10
756.65258800
 20
521.21777400
 42
-0.15525000
  0
VERTEX
  8
0
 10
749.62353500
 20
516.74743700
 42
-0.14925500
  0
VERTEX
  8
0
 10
741.29931600
 20
517.06250000
  0
SEQEND
  0
POLYLINE
  8
0
 66
   1
 39
0.000000
 70
    0
  0
VERTEX
  8
0
 10
778.39209000
 20
521.22949200
 42
0.14756000
  0
VERTEX
  8
0
 10
771.88452100
 20
516.53173800
 42
-0.16341100
  0
VERTEX
  8
0
 10
764.82666000
 20
511.34960900
  0
SEQEND
  0
POLYLINE
  8
0
 66
   1
 39
0.000000
 70
    0
  0
VERTEX
  8
0
 10
790.93066400
 20
513.46289100
 42
0.14559700
  0
VERTEX
  8
0
 10
783.18066400
 20
511.48144500
 42
-0.16111400
  0
VERTEX
  8
0
 10
774.71606400
 20
509.24707000
  0
SEQEND
  0
POLYLINE
  8
0
 66
   1
 39
0.000000
 70
    0
  0
VERTEX
  8
0
 10
708.04589800
 20
56.70605500
 42
0.32168400
  0
VERTEX
  8
0
 10
718.81738300
 20
68.33593800
 42
-0.17391200
  0
VERTEX
  8
0
 10
722.49633800
 20
76.54699700
 42
-0.16505400
  0
VERTEX
  8
0
 10
730.48510700
 20
80.68652400
  0
SEQEND
  0
POLYLINE
  8
0
 66
   1
 39
0.000000
 70
    0
  0
VERTEX
  8
0
 10
686.31738300
 20
56.48584000
 42
0.32106900
  0
VERTEX
  8
0
 10
698.03222600
 20
67.19726600
 42
-0.17355700
  0
VERTEX
  8
0
 10
702.38916000
 20
75.08007800
 42
-0.16476600
  0
VERTEX
  8
0
 10
710.70019500
 20
78.55078100
  0
SEQEND
  0
POLYLINE
  8
0
 66
   1
 39
0.000000
 70
    0
  0
VERTEX
  8
0
 10
664.71630800
 20
57.74707000
 42
0.32056100
  0
VERTEX
  8
0
 10
677.22631800
 20
67.54248100
 42
-0.17321600
  0
VERTEX
  8
0
 10
682.17797800
 20
75.07592800
 42
-0.16454200
  0
VERTEX
  8
0
 10
690.73486300
 20
77.91308600
  0
SEQEND
  0
POLYLINE
  8
0
 66
   1
 39
0.000000
 70
    0
  0
VERTEX
  8
0
 10
643.44042900
 20
60.39355500
 42
0.32021300
  0
VERTEX
  8
0
 10
656.56616200
 20
69.38085900
 42
-0.17286200
  0
VERTEX
  8
0
 10
662.00024400
 20
76.58264200
 42
-0.16445000
  0
VERTEX
  8
0
 10
670.72802700
 20
78.86816400
  0
SEQEND
  0
POLYLINE
  8
0
 66
   1
 39
0.000000
 70
    0
  0
VERTEX
  8
0
 10
622.82373000
 20
64.51318400
 42
0.31984900
  0
VERTEX
  8
0
 10
636.57251000
 20
72.53857400
 42
-0.17239600
  0
VERTEX
  8
0
 10
642.51489200
 20
79.33667000
 42
-0.16442000
  0
VERTEX
  8
0
 10
651.38989200
 20
80.99853500
  0
SEQEND
  0
POLYLINE
  8
0
 66
   1
 39
0.000000
 70
    0
  0
VERTEX
  8
0
 10
602.76660100
 20
69.78320300
 42
0.31965600
  0
VERTEX
  8
0
 10
617.03637700
 20
76.87597700
 42
-0.17196000
  0
VERTEX
  8
0
 10
623.43090800
 20
83.25952200
 42
-0.16440400
  0
VERTEX
  8
0
 10
632.40332000
 20
84.32373100
  0
SEQEND
  0
POLYLINE
  8
0
 66
   1
 39
0.000000
 70
    0
  0
VERTEX
  8
0
 10
582.93310500
 20
76.40332000
 42
0.31945800
  0
VERTEX
  8
0
 10
597.61010700
 20
82.64160200
 42
-0.17156300
  0
VERTEX
  8
0
 10
604.37939400
 20
88.63378900
 42
-0.16450200
  0
VERTEX
  8
0
 10
613.40429700
 20
89.16406300
  0
SEQEND
  0
POLYLINE
  8
0
 66
   1
 39
0.000000
 70
    0
  0
VERTEX
  8
0
 10
563.36840800
 20
84.30456600
 42
0.31920300
  0
VERTEX
  8
0
 10
578.43701200
 20
89.55517600
 42
-0.17108900
  0
VERTEX
  8
0
 10
585.59350600
 20
95.08740200
 42
-0.16461500
  0
VERTEX
  8
0
 10
594.63891600
 20
95.02294900
  0
SEQEND
  0
POLYLINE
  8
0
 66
   1
 39
0.000000
 70
    0
  0
VERTEX
  8
0
 10
544.16943300
 20
93.31103500
 42
0.31872000
  0
VERTEX
  8
0
 10
559.49536100
 20
97.77050800
 42
-0.17073500
  0
VERTEX
  8
0
 10
566.93261700
 20
102.92517100
 42
-0.16470300
  0
VERTEX
  8
0
 10
575.96582000
 20
102.39453100
  0
SEQEND
  0
POLYLINE
  8
0
 66
   1
 39
0.000000
 70
    0
  0
VERTEX
  8
0
 10
525.60644500
 20
103.12793000
 42
0.31832200
  0
VERTEX
  8
0
 10
541.13525400
 20
106.85644500
 42
-0.17037400
  0
VERTEX
  8
0
 10
548.81469700
 20
111.64648400
 42
-0.16491200
  0
VERTEX
  8
0
 10
557.81420900
 20
110.68261700
  0
SEQEND
  0
POLYLINE
  8
0
 66
   1
 39
0.000000
 70
    0
  0
VERTEX
  8
0
 10
507.54150400
 20
113.81054700
 42
0.31794700
  0
VERTEX
  8
0
 10
523.23242200
 20
116.81530800
 42
-0.34212100
  0
VERTEX
  8
0
 10
540.07568300
 20
119.86718800
  0
SEQEND
  0
POLYLINE
  8
0
 66
   1
 39
0.000000
 70
    0
  0
VERTEX
  8
0
 10
490.18359400
 20
125.23327600
 42
0.31754100
  0
VERTEX
  8
0
 10
505.99121100
 20
127.56347700
 42
-0.34233000
  0
VERTEX
  8
0
 10
522.95263700
 20
129.89013700
  0
SEQEND
  0
POLYLINE
  8
0
 66
   1
 39
0.000000
 70
    0
  0
VERTEX
  8
0
 10
472.67431600
 20
137.45227100
 42
0.31733200
  0
VERTEX
  8
0
 10
488.55566400
 20
139.24035700
 42
-0.34244900
  0
VERTEX
  8
0
 10
505.59033200
 20
140.98339900
  0
SEQEND
  0
POLYLINE
  8
0
 66
   1
 39
0.000000
 70
    0
  0
VERTEX
  8
0
 10
456.05322200
 20
149.99511700
 42
0.31708300
  0
VERTEX
  8
0
 10
471.99218700
 20
151.09960900
 42
-0.34264500
  0
VERTEX
  8
0
 10
489.08691400
 20
152.12207000
  0
SEQEND
  0
POLYLINE
  8
0
 66
   1
 39
0.000000
 70
    0
  0
VERTEX
  8
0
 10
439.62255800
 20
162.48242200
 42
0.31698600
  0
VERTEX
  8
0
 10
455.57128900
 20
163.53808600
 42
-0.34267600
  0
VERTEX
  8
0
 10
472.66943300
 20
164.50048800
  0
SEQEND
  0
POLYLINE
  8
0
 66
   1
 39
0.000000
 70
    0
  0
VERTEX
  8
0
 10
423.19091800
 20
173.90429700
 42
0.31731300
  0
VERTEX
  8
0
 10
439.08349600
 20
175.58203100
 42
-0.34250000
  0
VERTEX
  8
0
 10
456.12988300
 20
177.20800800
  0
SEQEND
  0
POLYLINE
  8
0
 66
   1
 39
0.000000
 70
    0
  0
VERTEX
  8
0
 10
406.75195300
 20
186.10253900
 42
0.31711800
  0
VERTEX
  8
0
 10
422.67578100
 20
187.41296400
 42
-0.34257700
  0
VERTEX
  8
0
 10
439.75537100
 20
188.65429700
  0
SEQEND
  0
POLYLINE
  8
0
 66
   1
 39
0.000000
 70
    0
  0
VERTEX
  8
0
 10
390.19677700
 20
198.55127000
 42
0.31708300
  0
VERTEX
  8
0
 10
406.13183600
 20
199.73034700
 42
-0.34263800
  0
VERTEX
  8
0
 10
423.22119100
 20
200.82714900
  0
SEQEND
  0
POLYLINE
  8
0
 66
   1
 39
0.000000
 70
    0
  0
VERTEX
  8
0
 10
374.09277300
 20
210.48632800
 42
0.31708000
  0
VERTEX
  8
0
 10
390.02880800
 20
211.71630900
 42
-0.34262600
  0
VERTEX
  8
0
 10
407.11523400
 20
212.86279300
  0
SEQEND
  0
POLYLINE
  8
0
 66
   1
 39
0.000000
 70
    0
  0
VERTEX
  8
0
 10
358.00292900
 20
222.22131400
 42
0.31718500
  0
VERTEX
  8
0
 10
373.91796900
 20
223.65234400
 42
-0.34255800
  0
VERTEX
  8
0
 10
390.98779300
 20
225.01562500
  0
SEQEND
  0
POLYLINE
  8
0
 66
   1
 39
0.000000
 70
    0
  0
VERTEX
  8
0
 10
341.64306600
 20
233.52490200
 42
0.31732100
  0
VERTEX
  8
0
 10
357.53125000
 20
235.26953100
 42
-0.34247500
  0
VERTEX
  8
0
 10
374.57031200
 20
236.96582000
  0
SEQEND
  0
POLYLINE
  8
0
 66
   1
 39
0.000000
 70
    0
  0
VERTEX
  8
0
 10
324.93017600
 20
244.09924300
 42
0.31754700
  0
VERTEX
  8
0
 10
340.74365200
 20
246.39856000
 42
-0.34227900
  0
VERTEX
  8
0
 10
357.71044900
 20
248.69140600
  0
SEQEND
  0
POLYLINE
  8
0
 66
   1
 39
0.000000
 70
    0
  0
VERTEX
  8
0
 10
308.03955100
 20
253.78173800
 42
0.31791600
  0
VERTEX
  8
0
 10
323.72070300
 20
256.80993700
 42
-0.34209000
  0
VERTEX
  8
0
 10
340.55908200
 20
259.89355500
  0
SEQEND
  0
POLYLINE
  8
0
 66
   1
 39
0.000000
 70
    0
  0
VERTEX
  8
0
 10
290.25048800
 20
262.92334000
 42
0.31835800
  0
VERTEX
  8
0
 10
305.75732400
 20
266.74023400
 42
-0.17042000
  0
VERTEX
  8
0
 10
313.40747100
 20
271.57739300
 42
-0.16489100
  0
VERTEX
  8
0
 10
322.41259700
 20
270.66796900
  0
SEQEND
  0
POLYLINE
  8
0
 66
   1
 39
0.000000
 70
    0
  0
VERTEX
  8
0
 10
272.07177700
 20
270.90918000
 42
0.31882600
  0
VERTEX
  8
0
 10
287.34228500
 20
275.54980500
 42
-0.17078000
  0
VERTEX
  8
0
 10
294.71777300
 20
280.79187000
 42
-0.16471300
  0
VERTEX
  8
0
 10
303.75634700
 20
280.36718800
  0
SEQEND
  0
POLYLINE
  8
0
 66
   1
 39
0.000000
 70
    0
  0
VERTEX
  8
0
 10
253.68408200
 20
277.52624500
 42
0.31943000
  0
VERTEX
  8
0
 10
268.61279300
 20
283.15087900
 42
-0.17130400
  0
VERTEX
  8
0
 10
275.62744100
 20
288.86010800
 42
-0.16452500
  0
VERTEX
  8
0
 10
284.67041000
 20
289.02050800
  0
SEQEND
  0
POLYLINE
  8
0
 66
   1
 39
0.000000
 70
    0
  0
VERTEX
  8
0
 10
234.92578100
 20
282.57324200
 42
0.31958800
  0
VERTEX
  8
0
 10
249.34912100
 20
289.35888700
 42
-0.17183600
  0
VERTEX
  8
0
 10
255.88134700
 20
295.60461400
 42
-0.16446800
  0
VERTEX
  8
0
 10
264.87695300
 20
296.47705100
  0
SEQEND
  0
POLYLINE
  8
0
 66
   1
 39
0.000000
 70
    0
  0
VERTEX
  8
0
 10
216.37744100
 20
284.42089900
 42
0.32019700
  0
VERTEX
  8
0
 10
229.51367200
 20
293.38671900
 42
-0.17284500
  0
VERTEX
  8
0
 10
234.95556600
 20
300.58325200
 42
-0.16445800
  0
VERTEX
  8
0
 10
243.68603500
 20
302.85937500
  0
SEQEND
  0
POLYLINE
  8
0
 66
   1
 39
0.000000
 70
    0
  0
VERTEX
  8
0
 10
197.84912100
 20
283.41992200
 42
0.32107300
  0
VERTEX
  8
0
 10
209.55224600
 20
294.14550800
 42
-0.17355200
  0
VERTEX
  8
0
 10
213.90161100
 20
302.03271500
 42
-0.16474300
  0
VERTEX
  8
0
 10
222.20947200
 20
305.51171900
  0
SEQEND
  0
POLYLINE
  8
0
 66
   1
 39
0.000000
 70
    0
  0
VERTEX
  8
0
 10
180.14013700
 20
279.31054700
 42
0.32258800
  0
VERTEX
  8
0
 10
189.71728500
 20
291.91406300
 42
-0.17416500
  0
VERTEX
  8
0
 10
192.57055600
 20
300.43652400
 42
-0.16549400
  0
VERTEX
  8
0
 10
200.11328100
 20
305.32324200
  0
SEQEND
  0
POLYLINE
  8
0
 66
   1
 39
0.000000
 70
    0
  0
VERTEX
  8
0
 10
163.79589800
 20
271.73242200
 42
0.32448500
  0
VERTEX
  8
0
 10
170.57861300
 20
285.98828100
 42
-0.17431900
  0
VERTEX
  8
0
 10
171.61474600
 20
294.89477500
 42
-0.16669600
  0
VERTEX
  8
0
 10
177.99267600
 20
301.19726600
  0
SEQEND
  0
POLYLINE
  8
0
 66
   1
 39
0.000000
 70
    0
  0
VERTEX
  8
0
 10
150.33398400
 20
260.58886700
 42
0.32523100
  0
VERTEX
  8
0
 10
153.49755800
 20
276.02050800
 42
-0.17373000
  0
VERTEX
  8
0
 10
152.36547800
 20
284.89904800
 42
-0.16837500
  0
VERTEX
  8
0
 10
157.05029300
 20
292.52539100
  0
SEQEND
  0
POLYLINE
  8
0
 66
   1
 39
0.000000
 70
    0
  0
VERTEX
  8
0
 10
140.16357400
 20
247.10351600
 42
0.16093100
  0
VERTEX
  8
0
 10
142.42260700
 20
255.06897000
 42
0.15706700
  0
VERTEX
  8
0
 10
139.54980400
 20
262.83496100
 42
-0.17249600
  0
VERTEX
  8
0
 10
136.33081000
 20
271.18139700
 42
-0.16991900
  0
VERTEX
  8
0
 10
139.06103500
 20
279.70019500
  0
SEQEND
  0
POLYLINE
  8
0
 66
   1
 39
0.000000
 70
    0
  0
VERTEX
  8
0
 10
133.58154300
 20
231.55957000
 42
0.16187700
  0
VERTEX
  8
0
 10
133.88745100
 20
239.84143100
 42
0.15564300
  0
VERTEX
  8
0
 10
129.25488300
 20
246.71777400
 42
-0.35208800
  0
VERTEX
  8
0
 10
124.78662100
 20
263.00537100
  0
SEQEND
  0
POLYLINE
  8
0
 66
   1
 39
0.000000
 70
    0
  0
VERTEX
  8
0
 10
130.55419900
 20
215.04541000
 42
0.16212400
  0
VERTEX
  8
0
 10
128.95483400
 20
223.19433600
 42
0.15425000
  0
VERTEX
  8
0
 10
122.87646500
 20
228.85253900
 42
-0.34978200
  0
VERTEX
  8
0
 10
114.79882800
 20
243.73046900
  0
SEQEND
  0
POLYLINE
  8
0
 66
   1
 39
0.000000
 70
    0
  0
VERTEX
  8
0
 10
131.28906200
 20
197.51171900
 42
0.16174000
  0
VERTEX
  8
0
 10
127.91259700
 20
205.12304700
 42
0.15311400
  0
VERTEX
  8
0
 10
120.71826200
 20
209.32421900
 42
-0.34759700
  0
VERTEX
  8
0
 10
109.52099600
 20
222.09130900
  0
SEQEND
  0
POLYLINE
  8
0
 66
   1
 39
0.000000
 70
    0
  0
VERTEX
  8
0
 10
135.69384700
 20
180.11328100
 42
0.16088500
  0
VERTEX
  8
0
 10
130.74780300
 20
186.83947800
 42
0.15246000
  0
VERTEX
  8
0
 10
122.80615200
 20
189.42773400
 42
-0.34598700
  0
VERTEX
  8
0
 10
109.09912100
 20
199.54296900
  0
SEQEND
  0
POLYLINE
  8
0
 66
   1
 39
0.000000
 70
    0
  0
VERTEX
  8
0
 10
143.41357400
 20
164.02929700
 42
0.15973800
  0
VERTEX
  8
0
 10
137.21777300
 20
169.65258800
 42
0.15237700
  0
VERTEX
  8
0
 10
128.90576200
 20
170.63476600
 42
-0.34511400
  0
VERTEX
  8
0
 10
113.43164000
 20
177.86767600
  0
SEQEND
  0
POLYLINE
  8
0
 66
   1
 39
0.000000
 70
    0
  0
VERTEX
  8
0
 10
154.47656200
 20
150.16796900
 42
0.15838100
  0
VERTEX
  8
0
 10
147.25146500
 20
154.41455100
 42
0.15271900
  0
VERTEX
  8
0
 10
138.90087900
 20
153.69543500
 42
-0.34488700
  0
VERTEX
  8
0
 10
122.24853500
 20
157.64062500
  0
SEQEND
  0
POLYLINE
  8
0
 66
   1
 39
0.000000
 70
    0
  0
VERTEX
  8
0
 10
168.27636700
 20
138.64367700
 42
0.31659300
  0
VERTEX
  8
0
 10
152.29736300
 20
138.85827600
 42
-0.34316700
  0
VERTEX
  8
0
 10
135.17529300
 20
139.25634800
  0
SEQEND
  0
POLYLINE
  8
0
 66
   1
 39
0.000000
 70
    0
  0
VERTEX
  8
0
 10
184.10107400
 20
129.72375500
 42
0.31781700
  0
VERTEX
  8
0
 10
168.37646500
 20
126.91613800
 42
-0.34215900
  0
VERTEX
  8
0
 10
151.49365200
 20
124.07128900
  0
SEQEND
  0
POLYLINE
  8
0
 66
   1
 39
0.000000
 70
    0
  0
VERTEX
  8
0
 10
200.40673800
 20
123.95324700
 42
0.31921000
  0
VERTEX
  8
0
 10
185.34619100
 20
118.67822300
 42
-0.17112400
  0
VERTEX
  8
0
 10
178.19580100
 20
113.13708500
 42
-0.16463300
  0
VERTEX
  8
0
 10
169.14990200
 20
113.19091800
  0
SEQEND
  0
POLYLINE
  8
0
 66
   1
 39
0.000000
 70
    0
  0
VERTEX
  8
0
 10
205.10156200
 20
115.80615200
 42
0.07213700
  0
VERTEX
  8
0
 10
202.78076200
 20
112.72314500
 42
-0.17182500
  0
VERTEX
  8
0
 10
196.26879900
 20
106.45629900
 42
-0.16444500
  0
VERTEX
  8
0
 10
187.27636700
 20
105.55468800
  0
SEQEND
  0
POLYLINE
  8
0
 66
   1
 39
0.000000
 70
    0
  0
VERTEX
  8
0
 10
729.36425800
 20
58.73535200
 42
0.32243700
  0
VERTEX
  8
0
 10
739.15234400
 20
71.18017600
 42
-0.17414500
  0
VERTEX
  8
0
 10
742.15014600
 20
79.65417500
 42
-0.16541800
  0
VERTEX
  8
0
 10
749.77490200
 20
84.41406300
  0
SEQEND
  0
POLYLINE
  8
0
 66
   1
 39
0.000000
 70
    0
  0
VERTEX
  8
0
 10
750.21850600
 20
62.30615200
 42
0.32321100
  0
VERTEX
  8
0
 10
758.87548800
 20
75.54003900
 42
-0.17428800
  0
VERTEX
  8
0
 10
761.11718700
 20
84.23510800
 42
-0.16585400
  0
VERTEX
  8
0
 10
768.29467800
 20
89.63085900
  0
SEQEND
  0
POLYLINE
  8
0
 66
   1
 39
0.000000
 70
    0
  0
VERTEX
  8
0
 10
770.78027300
 20
67.88134800
 42
0.32410400
  0
VERTEX
  8
0
 10
778.14111300
 20
81.85546900
 42
-0.17434700
  0
VERTEX
  8
0
 10
779.54614200
 20
90.71484400
 42
-0.16643000
  0
VERTEX
  8
0
 10
786.17968700
 20
96.75293000
  0
SEQEND
  0
POLYLINE
  8
0
 66
   1
 39
0.000000
 70
    0
  0
VERTEX
  8
0
 10
791.66040000
 20
75.51562500
 42
0.32534300
  0
VERTEX
  8
0
 10
797.04638700
 20
90.33789100
 42
-0.17416700
  0
VERTEX
  8
0
 10
797.22827100
 20
99.29516600
 42
-0.16734400
  0
VERTEX
  8
0
 10
802.97778300
 20
106.16601600
  0
SEQEND
  0
POLYLINE
  8
0
 66
   1
 39
0.000000
 70
    0
  0
VERTEX
  8
0
 10
811.17041000
 20
85.71240200
 42
0.32519600
  0
VERTEX
  8
0
 10
814.22851500
 20
101.16503900
 42
-0.17368500
  0
VERTEX
  8
0
 10
813.03808600
 20
110.03552300
 42
-0.16839000
  0
VERTEX
  8
0
 10
817.67211900
 20
117.69238300
  0
SEQEND
  0
POLYLINE
  8
0
 66
   1
 39
0.000000
 70
    0
  0
VERTEX
  8
0
 10
829.09863300
 20
99.09228500
 42
0.16101200
  0
VERTEX
  8
0
 10
831.22509700
 20
107.09521500
 42
0.15696100
  0
VERTEX
  8
0
 10
828.22387700
 20
114.81250000
 42
-0.35142900
  0
VERTEX
  8
0
 10
827.45507800
 20
131.66699200
  0
SEQEND
  0
POLYLINE
  8
0
 66
   1
 39
0.000000
 70
    0
  0
VERTEX
  8
0
 10
843.54321300
 20
115.34277400
 42
0.16210400
  0
VERTEX
  8
0
 10
842.88891600
 20
123.61230500
 42
0.15489200
  0
VERTEX
  8
0
 10
837.49658200
 20
129.91601600
 42
-0.35090800
  0
VERTEX
  8
0
 10
831.17431600
 20
145.59619200
  0
SEQEND
  0
POLYLINE
  8
0
 66
   1
 39
0.000000
 70
    0
  0
VERTEX
  8
0
 10
8.56347600
 20
154.72900400
 42
-0.02233700
  0
VERTEX
  8
0
 10
6.59814400
 20
166.59069800
 42
-0.04105800
  0
VERTEX
  8
0
 10
6.13769500
 20
178.87353500
 42
-0.06626900
  0
VERTEX
  8
0
 10
8.33935500
 20
191.18591300
 42
-0.16462800
  0
VERTEX
  8
0
 10
19.23193300
 20
205.95092800
 42
-0.08067800
  0
VERTEX
  8
0
 10
26.18896500
 20
209.29296900
  0
SEQEND
  0
POLYLINE
  8
0
 66
   1
 39
0.000000
 70
    0
  0
VERTEX
  8
0
 10
9.83691400
 20
250.30127000
 42
-0.02258100
  0
VERTEX
  8
0
 10
14.39672800
 20
261.16088900
 42
-0.03833600
  0
VERTEX
  8
0
 10
20.34716800
 20
271.56982400
 42
-0.06111600
  0
VERTEX
  8
0
 10
29.00439400
 20
281.47924800
 42
-0.13239200
  0
VERTEX
  8
0
 10
44.92968700
 20
289.51684600
 42
-0.07613100
  0
VERTEX
  8
0
 10
52.75439400
 20
289.92578100
  0
SEQEND
  0
POLYLINE
  8
0
 66
   1
 39
0.000000
 70
    0
  0
VERTEX
  8
0
 10
29.19335900
 20
295.42578100
 42
-0.04402600
  0
VERTEX
  8
0
 10
36.06860300
 20
305.00219700
 42
-0.06420400
  0
VERTEX
  8
0
 10
44.83813500
 20
312.88049300
 42
-0.12009400
  0
VERTEX
  8
0
 10
59.67211900
 20
318.54296900
 42
-0.08903900
  0
VERTEX
  8
0
 10
75.52880800
 20
317.71777400
  0
SEQEND
  0
POLYLINE
  8
0
 66
   1
 39
0.000000
 70
    0
  0
VERTEX
  8
0
 10
53.09472600
 20
327.34423800
 42
-0.04297600
  0
VERTEX
  8
0
 10
62.17163100
 20
335.60595700
 42
-0.06115300
  0
VERTEX
  8
0
 10
72.75903300
 20
341.81506400
 42
-0.11174200
  0
VERTEX
  8
0
 10
88.97729500
 20
344.86169400
 42
-0.08717800
  0
VERTEX
  8
0
 10
105.11376900
 20
341.40869200
  0
SEQEND
  0
POLYLINE
  8
0
 66
   1
 39
0.000000
 70
    0
  0
VERTEX
  8
0
 10
89.67480400
 20
358.51269500
 42
-0.06477000
  0
VERTEX
  8
0
 10
105.78100600
 20
364.41748100
 42
-0.14388300
  0
VERTEX
  8
0
 10
128.56738300
 20
362.96228000
 42
-0.05995100
  0
VERTEX
  8
0
 10
138.22314400
 20
358.06494200
  0
SEQEND
  0
POLYLINE
  8
0
 66
   1
 39
0.000000
 70
    0
  0
VERTEX
  8
0
 10
128.77929700
 20
378.75781300
 42
-0.03947500
  0
VERTEX
  8
0
 10
141.98974600
 20
382.16662600
 42
-0.06660500
  0
VERTEX
  8
0
 10
155.62182600
 20
382.72082500
 42
-0.06442100
  0
VERTEX
  8
0
 10
164.42529300
 20
380.74316400
 42
-0.14063700
  0
VERTEX
  8
0
 10
180.14111300
 20
369.23437500
  0
SEQEND
  0
POLYLINE
  8
0
 66
   1
 39
0.000000
 70
    0
  0
VERTEX
  8
0
 10
175.29296900
 20
391.40332000
 42
-0.02152900
  0
VERTEX
  8
0
 10
186.42871100
 20
392.37622100
 42
-0.03673500
  0
VERTEX
  8
0
 10
197.77343700
 20
392.04345700
 42
-0.05046000
  0
VERTEX
  8
0
 10
208.54834000
 20
389.81872600
 42
-0.11696000
  0
VERTEX
  8
0
 10
222.50683600
 20
381.50183100
 42
-0.09264500
  0
VERTEX
  8
0
 10
227.35107400
 20
374.65625000
  0
VERTEX
  8
0
 10
228.44970700
 20
372.26855500
  0
SEQEND
  0
POLYLINE
  8
0
 66
   1
 39
0.000000
 70
    0
  0
VERTEX
  8
0
 10
232.49511700
 20
394.76269500
 42
-0.06100100
  0
VERTEX
  8
0
 10
244.00903300
 20
388.28186000
 42
-0.17235500
  0
VERTEX
  8
0
 10
256.80419900
 20
369.37451200
  0
SEQEND
  0
POLYLINE
  8
0
 66
   1
 39
0.000000
 70
    0
  0
VERTEX
  8
0
 10
268.10302700
 20
390.37597700
 42
-0.03875000
  0
VERTEX
  8
0
 10
280.83569300
 20
383.12353500
 42
-0.05303200
  0
VERTEX
  8
0
 10
292.03173800
 20
373.67041000
 42
-0.08311900
  0
VERTEX
  8
0
 10
303.68359400
 20
356.55859400
  0
SEQEND
  0
POLYLINE
  8
0
 66
   1
 39
0.000000
 70
    0
  0
VERTEX
  8
0
 10
315.29638700
 20
376.37695300
 42
-0.06032400
  0
VERTEX
  8
0
 10
329.95068300
 20
359.83496100
 42
-0.06094200
  0
VERTEX
  8
0
 10
340.06201200
 20
340.18652400
  0
SEQEND
  0
POLYLINE
  8
0
 66
   1
 39
0.000000
 70
    0
  0
VERTEX
  8
0
 10
353.33935500
 20
358.92871100
 42
-0.06619600
  0
VERTEX
  8
0
 10
363.61084000
 20
349.90051300
 42
-0.15390200
  0
VERTEX
  8
0
 10
370.95751900
 20
333.09436000
 42
-0.06221500
  0
VERTEX
  8
0
 10
370.80322200
 20
324.32373100
  0
SEQEND
  0
POLYLINE
  8
0
 66
   1
 39
0.000000
 70
    0
  0
VERTEX
  8
0
 10
390.13085900
 20
337.78808600
 42
-0.03772900
  0
VERTEX
  8
0
 10
398.66430600
 20
326.72460900
 42
-0.10839000
  0
VERTEX
  8
0
 10
410.61279300
 20
295.51562500
  0
SEQEND
  0
POLYLINE
  8
0
 66
   1
 39
0.000000
 70
    0
  0
VERTEX
  8
0
 10
432.45361300
 20
353.00244200
 42
0.10663900
  0
VERTEX
  8
0
 10
422.95703100
 20
335.97802700
 42
0.07011800
  0
VERTEX
  8
0
 10
421.00781200
 20
323.12548800
 42
0.04330200
  0
VERTEX
  8
0
 10
422.06054700
 20
309.30224600
 42
0.08692300
  0
VERTEX
  8
0
 10
433.17822200
 20
277.68066400
  0
SEQEND
  0
POLYLINE
  8
0
 66
   1
 39
0.000000
 70
    0
  0
VERTEX
  8
0
 10
435.71533200
 20
393.70752000
 42
0.06376300
  0
VERTEX
  8
0
 10
421.88134700
 20
381.50329600
 42
0.09526900
  0
VERTEX
  8
0
 10
412.54638700
 20
365.59179700
 42
0.05073300
  0
VERTEX
  8
0
 10
409.57666000
 20
343.70068400
  0
SEQEND
  0
POLYLINE
  8
0
 66
   1
 39
0.000000
 70
    0
  0
VERTEX
  8
0
 10
443.91503900
 20
429.44335900
 42
0.15567200
  0
VERTEX
  8
0
 10
423.32128900
 20
414.85437000
 42
0.05040300
  0
VERTEX
  8
0
 10
417.42846700
 20
405.13110400
 42
0.03192000
  0
VERTEX
  8
0
 10
414.08056600
 20
396.75732400
 42
0.02376200
  0
VERTEX
  8
0
 10
411.70605400
 20
388.14453100
  0
SEQEND
  0
POLYLINE
  8
0
 66
   1
 39
0.000000
 70
    0
  0
VERTEX
  8
0
 10
456.95019500
 20
461.32128900
 42
0.08371900
  0
VERTEX
  8
0
 10
446.18359400
 20
458.66406300
 42
0.10715000
  0
VERTEX
  8
0
 10
432.52612300
 20
448.86181700
 42
0.06626300
  0
VERTEX
  8
0
 10
423.95654300
 20
436.40185600
 42
0.03780500
  0
VERTEX
  8
0
 10
418.14306600
 20
422.44140600
  0
SEQEND
  0
POLYLINE
  8
0
 66
   1
 39
0.000000
 70
    0
  0
VERTEX
  8
0
 10
476.44091800
 20
493.43896500
 42
0.07183300
  0
VERTEX
  8
0
 10
465.02465800
 20
492.82067900
 42
0.12468800
  0
VERTEX
  8
0
 10
449.78735300
 20
485.54187000
 42
0.06279500
  0
VERTEX
  8
0
 10
441.79589800
 20
476.99121100
 42
0.04168500
  0
VERTEX
  8
0
 10
435.75048800
 20
466.96972700
  0
SEQEND
  0
POLYLINE
  8
0
 66
   1
 39
0.000000
 70
    0
  0
VERTEX
  8
0
 10
498.44873000
 20
520.46386700
 42
0.05476700
  0
VERTEX
  8
0
 10
488.49438500
 20
520.65100100
 42
0.11858400
  0
VERTEX
  8
0
 10
470.63012700
 20
514.59826700
 42
0.04120200
  0
VERTEX
  8
0
 10
464.75000000
 20
510.17309600
 42
0.05531500
  0
VERTEX
  8
0
 10
454.92529300
 20
499.25488300
  0
SEQEND
  0
POLYLINE
  8
0
 66
   1
 39
0.000000
 70
    0
  0
VERTEX
  8
0
 10
514.67626900
 20
536.45898400
 42
0.12002000
  0
VERTEX
  8
0
 10
495.97216800
 20
537.65869200
 42
0.07955400
  0
VERTEX
  8
0
 10
484.04980400
 20
533.43750000
 42
0.05792900
  0
VERTEX
  8
0
 10
471.75244100
 20
524.75488300
  0
SEQEND
  0
POLYLINE
  8
0
 66
   1
 39
0.000000
 70
    0
  0
VERTEX
  8
0
 10
540.93896500
 20
557.34863300
 42
0.05932300
  0
VERTEX
  8
0
 10
525.25097600
 20
558.72302300
 42
0.12644300
  0
VERTEX
  8
0
 10
501.54418900
 20
551.83752500
 42
0.05359900
  0
VERTEX
  8
0
 10
491.29638700
 20
544.18652400
  0
SEQEND
  0
POLYLINE
  8
0
 66
   1
 39
0.000000
 70
    0
  0
VERTEX
  8
0
 10
578.22192400
 20
579.09521500
 42
0.08344200
  0
VERTEX
  8
0
 10
567.55712900
 20
582.72106900
 42
0.10034300
  0
VERTEX
  8
0
 10
548.99292000
 20
582.00000000
 42
0.04379200
  0
VERTEX
  8
0
 10
537.95459000
 20
578.26379400
 42
0.03395500
  0
VERTEX
  8
0
 10
527.47119100
 20
572.78247100
 42
0.02245300
  0
VERTEX
  8
0
 10
517.79345700
 20
566.23877000
  0
SEQEND
  0
POLYLINE
  8
0
 66
   1
 39
0.000000
 70
    0
  0
VERTEX
  8
0
 10
623.90258800
 20
596.11328100
 42
0.03814500
  0
VERTEX
  8
0
 10
607.77368100
 20
601.20349100
 42
0.05758200
  0
VERTEX
  8
0
 10
590.97119100
 20
603.13403300
 42
0.05175700
  0
VERTEX
  8
0
 10
579.78710900
 20
601.96630900
 42
0.12576400
  0
VERTEX
  8
0
 10
556.22973600
 20
590.36279300
  0
SEQEND
  0
POLYLINE
  8
0
 66
   1
 39
0.000000
 70
    0
  0
VERTEX
  8
0
 10
664.31494100
 20
603.87475600
 42
0.04653900
  0
VERTEX
  8
0
 10
657.03027300
 20
610.24157700
 42
0.14650100
  0
VERTEX
  8
0
 10
632.38964800
 20
618.80175800
 42
0.05955500
  0
VERTEX
  8
0
 10
616.48388700
 20
617.59765600
  0
SEQEND
  0
POLYLINE
  8
0
 66
   1
 39
0.000000
 70
    0
  0
VERTEX
  8
0
 10
702.82080100
 20
606.99829100
 42
0.11531300
  0
VERTEX
  8
0
 10
696.77832000
 20
618.19751000
 42
0.13184000
  0
VERTEX
  8
0
 10
686.16381800
 20
625.21630900
 42
0.05334100
  0
VERTEX
  8
0
 10
678.02148400
 20
626.99877900
 42
0.03873000
  0
VERTEX
  8
0
 10
669.33496100
 20
627.27258300
 42
0.02549200
  0
VERTEX
  8
0
 10
660.84960900
 20
626.44751000
  0
SEQEND
  0
POLYLINE
  8
0
 66
   1
 39
0.000000
 70
    0
  0
VERTEX
  8
0
 10
751.48144500
 20
600.03955100
 42
0.07375400
  0
VERTEX
  8
0
 10
743.94799800
 20
613.16113300
 42
0.11848000
  0
VERTEX
  8
0
 10
729.79589800
 20
624.29296900
 42
0.04129700
  0
VERTEX
  8
0
 10
722.96704100
 20
626.77038600
 42
0.05907400
  0
VERTEX
  8
0
 10
708.53125000
 20
628.91430700
  0
SEQEND
  0
POLYLINE
  8
0
 66
   1
 39
0.000000
 70
    0
  0
VERTEX
  8
0
 10
797.18042000
 20
587.25000000
 42
0.05001700
  0
VERTEX
  8
0
 10
785.05883800
 20
604.29284700
 42
0.12153900
  0
VERTEX
  8
0
 10
754.96826200
 20
625.35620100
  0
SEQEND
  0
POLYLINE
  8
0
 66
   1
 39
0.000000
 70
    0
  0
VERTEX
  8
0
 10
827.63012700
 20
568.66406300
 42
0.07090200
  0
VERTEX
  8
0
 10
825.74902300
 20
583.92504900
 42
0.15137400
  0
VERTEX
  8
0
 10
814.05639600
 20
602.38317900
 42
0.07209600
  0
VERTEX
  8
0
 10
801.20214800
 20
610.47387700
  0
SEQEND
  0
POLYLINE
  8
0
 66
   1
 39
0.000000
 70
    0
  0
VERTEX
  8
0
 10
847.61425800
 20
541.81787100
 42
0.05359200
  0
VERTEX
  8
0
 10
849.69433600
 20
555.49939000
 42
0.11822100
  0
VERTEX
  8
0
 10
845.48754900
 20
577.19262700
 42
0.05095800
  0
VERTEX
  8
0
 10
840.07275400
 20
586.46215800
  0
SEQEND
  0
POLYLINE
  8
0
 66
   1
 39
0.000000
 70
    0
  0
VERTEX
  8
0
 10
854.17309600
 20
523.45752000
 42
0.07370400
  0
VERTEX
  8
0
 10
861.83276300
 20
533.57556200
 42
0.16067700
  0
VERTEX
  8
0
 10
864.58300800
 20
548.49963400
 42
0.08083500
  0
VERTEX
  8
0
 10
861.51904300
 20
558.48730500
  0
SEQEND
  0
POLYLINE
  8
0
 66
   1
 39
0.000000
 70
    0
  0
VERTEX
  8
0
 10
1028.84667900
 20
470.74804700
 42
-0.21644300
  0
VERTEX
  8
0
 10
1029.38085900
 20
478.59716800
 42
-0.12121000
  0
VERTEX
  8
0
 10
1033.28881800
 20
482.91528300
 42
-0.08205600
  0
VERTEX
  8
0
 10
1038.22705100
 20
485.18164100
 42
-0.34205700
  0
VERTEX
  8
0
 10
1058.13989200
 20
469.18945300
 42
-0.11403700
  0
VERTEX
  8
0
 10
1058.10253900
 20
458.06127900
 42
-0.11120600
  0
VERTEX
  8
0
 10
1053.24267600
 20
448.05029300
  0
SEQEND
  0
POLYLINE
  8
0
 66
   1
 39
0.000000
 70
    0
  0
VERTEX
  8
0
 10
1066.92797800
 20
153.89209000
  0
VERTEX
  8
0
 10
1076.70385700
 20
158.36425800
 42
0.06886700
  0
VERTEX
  8
0
 10
1084.07788100
 20
163.05468800
 42
0.15101500
  0
VERTEX
  8
0
 10
1091.81689400
 20
175.20947300
 42
0.06672000
  0
VERTEX
  8
0
 10
1092.51928700
 20
180.42138700
 42
0.05532200
  0
VERTEX
  8
0
 10
1091.93994100
 20
185.67590300
 42
0.12261900
  0
VERTEX
  8
0
 10
1086.83447200
 20
195.59716800
  0
SEQEND
  0
POLYLINE
  8
0
 66
   1
 39
0.000000
 70
    0
  0
VERTEX
  8
0
 10
1496.39135700
 20
448.96972700
 42
-0.16369700
  0
VERTEX
  8
0
 10
1489.85595700
 20
448.69116200
 42
-0.06404200
  0
VERTEX
  8
0
 10
1487.98413100
 20
449.50439500
 42
-0.11966500
  0
VERTEX
  8
0
 10
1485.69409200
 20
452.03674300
 42
-0.27339000
  0
VERTEX
  8
0
 10
1485.91113300
 20
457.92187500
 42
-0.11054300
  0
VERTEX
  8
0
 10
1488.34985300
 20
460.33447300
 42
-0.01686800
  0
VERTEX
  8
0
 10
1488.65478500
 20
460.50561500
 42
-0.24509200
  0
VERTEX
  8
0
 10
1500.43090800
 20
460.46362300
 42
-0.19525100
  0
VERTEX
  8
0
 10
1504.89135700
 20
455.17724600
 42
-0.16892600
  0
VERTEX
  8
0
 10
1504.78369100
 20
449.54052700
 42
-0.17767000
  0
VERTEX
  8
0
 10
1499.89282200
 20
443.79895000
 42
-0.19007900
  0
VERTEX
  8
0
 10
1486.16626000
 20
441.89453100
 42
-0.19085300
  0
VERTEX
  8
0
 10
1476.61792000
 20
448.64172400
 42
-0.26212700
  0
VERTEX
  8
0
 10
1475.84985300
 20
460.30810600
 42
-0.20066300
  0
VERTEX
  8
0
 10
1485.35717800
 20
468.77710000
 42
-0.30304600
  0
VERTEX
  8
0
 10
1512.03613300
 20
461.76855500
 42
-0.19529600
  0
VERTEX
  8
0
 10
1516.82739200
 20
447.44738800
 42
-0.14795000
  0
VERTEX
  8
0
 10
1511.38501000
 20
432.84045400
 42
-0.17799400
  0
VERTEX
  8
0
 10
1491.30834900
 20
420.02636700
 42
-0.05039000
  0
VERTEX
  8
0
 10
1484.00683600
 20
419.18420400
 42
-0.07445200
  0
VERTEX
  8
0
 10
1471.64428700
 20
420.85742200
 42
-0.07705700
  0
VERTEX
  8
0
 10
1463.46679700
 20
424.67724600
 42
-0.14153600
  0
VERTEX
  8
0
 10
1454.80908200
 20
434.98242200
 42
-0.15468800
  0
VERTEX
  8
0
 10
1453.32373000
 20
448.35937500
 42
-0.08360000
  0
VERTEX
  8
0
 10
1455.72973600
 20
454.54626500
 42
-0.09322200
  0
VERTEX
  8
0
 10
1462.37109400
 20
462.06359900
 42
-0.08824400
  0
VERTEX
  8
0
 10
1474.33105400
 20
468.37048300
 42
-0.02564300
  0
VERTEX
  8
0
 10
1479.17724600
 20
469.64941400
 42
-0.08066300
  0
VERTEX
  8
0
 10
1491.95288100
 20
470.23437500
  0
SEQEND
  0
POLYLINE
  8
0
 66
   1
 39
0.000000
 70
    0
  0
VERTEX
  8
0
 10
1470.76318300
 20
421.04345700
 42
-0.02913900
  0
VERTEX
  8
0
 10
1474.51806600
 20
426.89294400
 42
-0.06032300
  0
VERTEX
  8
0
 10
1479.25317400
 20
431.98169000
 42
-0.09198100
  0
VERTEX
  8
0
 10
1486.25512700
 20
435.96728500
 42
0.00905800
  0
VERTEX
  8
0
 10
1492.29760700
 20
438.18750000
 42
0.11625200
  0
VERTEX
  8
0
 10
1500.63916000
 20
443.91528300
 42
0.00963400
  0
VERTEX
  8
0
 10
1501.53100600
 20
444.93554700
  0
SEQEND
  0
POLYLINE
  8
0
 66
   1
 39
0.000000
 70
    0
  0
VERTEX
  8
0
 10
1470.81835900
 20
421.14257800
 42
0.06873000
  0
VERTEX
  8
0
 10
1473.95971700
 20
429.08606000
 42
0.15939100
  0
VERTEX
  8
0
 10
1473.06909200
 20
440.66613800
 42
0.07623100
  0
VERTEX
  8
0
 10
1469.67334000
 20
446.26660200
 42
-0.13134000
  0
VERTEX
  8
0
 10
1468.02880800
 20
452.63452200
 42
-0.13223800
  0
VERTEX
  8
0
 10
1469.72021500
 20
459.04248100
 42
-0.04914400
  0
VERTEX
  8
0
 10
1471.75781200
 20
461.90124500
 42
-0.06879800
  0
VERTEX
  8
0
 10
1474.55834900
 20
464.33740200
 42
-0.10435900
  0
VERTEX
  8
0
 10
1482.35351500
 20
467.36572300
  0
SEQEND
  0
POLYLINE
  8
0
 66
   1
 39
0.000000
 70
    0
  0
VERTEX
  8
0
 10
1481.16455100
 20
419.16113300
 42
0.14795600
  0
VERTEX
  8
0
 10
1482.62109400
 20
413.20727500
 42
0.10209200
  0
VERTEX
  8
0
 10
1486.74096700
 20
408.66906700
 42
0.15510800
  0
VERTEX
  8
0
 10
1500.00048800
 20
404.23925800
 42
0.18095400
  0
VERTEX
  8
0
 10
1518.83789000
 20
410.66284200
 42
0.11393800
  0
VERTEX
  8
0
 10
1524.06152300
 20
417.43188500
 42
0.16853600
  0
VERTEX
  8
0
 10
1524.88427700
 20
425.94238300
 42
0.12012300
  0
VERTEX
  8
0
 10
1521.51538100
 20
431.19763200
 42
0.09229900
  0
VERTEX
  8
0
 10
1513.62207000
 20
436.34130900
  0
SEQEND
  0
POLYLINE
  8
0
 66
   1
 39
0.000000
 70
    0
  0
VERTEX
  8
0
 10
1460.80786100
 20
426.59082000
 42
-0.05774600
  0
VERTEX
  8
0
 10
1458.44311500
 20
424.89221200
 42
-0.03085200
  0
VERTEX
  8
0
 10
1455.81591800
 20
423.63696300
 42
-0.05080800
  0
VERTEX
  8
0
 10
1452.86572200
 20
422.78039600
 42
-0.01996300
  0
VERTEX
  8
0
 10
1449.77148400
 20
422.34057600
 42
-0.04726900
  0
VERTEX
  8
0
 10
1446.65185500
 20
422.31970200
 42
-0.02185900
  0
VERTEX
  8
0
 10
1443.62524400
 20
422.72021500
 42
-0.09930200
  0
VERTEX
  8
0
 10
1438.32714800
 20
424.79443400
 42
-0.07026400
  0
VERTEX
  8
0
 10
1434.52221700
 20
427.86645500
 42
-0.08758300
  0
VERTEX
  8
0
 10
1431.85668900
 20
431.96630900
 42
-0.13775400
  0
VERTEX
  8
0
 10
1430.69384700
 20
441.00390600
 42
-0.12825500
  0
VERTEX
  8
0
 10
1434.42480400
 20
449.80517600
 42
-0.12457000
  0
VERTEX
  8
0
 10
1442.63476500
 20
456.26757800
 42
-0.05786900
  0
VERTEX
  8
0
 10
1447.97998000
 20
457.98950200
 42
-0.07529400
  0
VERTEX
  8
0
 10
1458.57641600
 20
458.47460900
  0
SEQEND
  0
POLYLINE
  8
0
 66
   1
 39
0.000000
 70
    0
  0
VERTEX
  8
0
 10
1446.04834000
 20
421.89257800
 42
0.03818400
  0
VERTEX
  8
0
 10
1445.47656200
 20
419.44043000
 42
0.20737600
  0
VERTEX
  8
0
 10
1448.01684600
 20
409.74169900
 42
0.09022000
  0
VERTEX
  8
0
 10
1452.84472600
 20
405.45825200
 42
0.06221300
  0
VERTEX
  8
0
 10
1459.33935500
 20
402.54638700
 42
0.15851900
  0
VERTEX
  8
0
 10
1480.94287100
 20
402.91784700
 42
0.09481600
  0
VERTEX
  8
0
 10
1488.53857400
 20
407.27343800
  0
SEQEND
  0
POLYLINE
  8
0
 66
   1
 39
0.000000
 70
    0
  0
VERTEX
  8
0
 10
1516.38476500
 20
377.04980500
  0
VERTEX
  8
0
 10
1512.88623000
 20
381.03906300
 42
0.10702300
  0
VERTEX
  8
0
 10
1506.27050800
 20
386.06970200
 42
0.09217300
  0
VERTEX
  8
0
 10
1498.57055600
 20
387.96142600
 42
0.08196900
  0
VERTEX
  8
0
 10
1488.68798800
 20
386.90417500
 42
0.06622000
  0
VERTEX
  8
0
 10
1472.79443300
 20
380.13891600
 42
0.02055000
  0
VERTEX
  8
0
 10
1464.58593700
 20
374.81079100
 42
0.04432100
  0
VERTEX
  8
0
 10
1451.04003900
 20
363.27539100
  0
SEQEND
  0
POLYLINE
  8
0
 66
   1
 39
0.000000
 70
    0
  0
VERTEX
  8
0
 10
1621.14209000
 20
395.73828100
 42
0.10950800
  0
VERTEX
  8
0
 10
1606.70141600
 20
409.03259300
 42
0.10594300
  0
VERTEX
  8
0
 10
1588.04272400
 20
415.10937500
 42
0.06283700
  0
VERTEX
  8
0
 10
1560.87695300
 20
414.44726600
 42
0.03995200
  0
VERTEX
  8
0
 10
1530.29809600
 20
407.29223600
 42
0.02369400
  0
VERTEX
  8
0
 10
1515.54248000
 20
401.78710900
  0
SEQEND
  0
POLYLINE
  8
0
 66
   1
 39
0.000000
 70
    0
  0
VERTEX
  8
0
 10
1597.60327100
 20
447.42382800
 42
-0.08006500
  0
VERTEX
  8
0
 10
1551.24780300
 20
425.20642100
 42
-0.03520600
  0
VERTEX
  8
0
 10
1524.01538100
 20
419.20898400
  0
SEQEND
  0
POLYLINE
  8
0
 66
   1
 39
0.000000
 70
    0
  0
VERTEX
  8
0
 10
973.70556600
 20
180.09179700
  0
VERTEX
  8
0
 10
974.29980400
 20
181.82080100
 42
-0.09327500
  0
VERTEX
  8
0
 10
981.63012700
 20
194.68444800
 42
-0.07723500
  0
VERTEX
  8
0
 10
992.83276300
 20
204.36474600
 42
-0.04107500
  0
VERTEX
  8
0
 10
1003.74560500
 20
209.99536100
 42
-0.04383200
  0
VERTEX
  8
0
 10
1025.68042000
 20
216.93957500
 42
-0.03287700
  0
VERTEX
  8
0
 10
1035.36376900
 20
218.43554700
 42
-0.16250500
  0
VERTEX
  8
0
 10
1033.92626900
 20
209.32617200
 42
-0.09079500
  0
VERTEX
  8
0
 10
1030.27246100
 20
204.73535200
 42
-0.05918500
  0
VERTEX
  8
0
 10
1023.39160100
 20
200.03515600
  0
SEQEND
  0
POLYLINE
  8
0
 66
   1
 39
0.000000
 70
    0
  0
VERTEX
  8
0
 10
964.13623000
 20
177.49609400
  0
VERTEX
  8
0
 10
964.00292900
 20
178.78662100
 42
-0.10722900
  0
VERTEX
  8
0
 10
965.65820300
 20
193.54223600
 42
-0.13262000
  0
VERTEX
  8
0
 10
977.90771500
 20
211.87414600
 42
-0.12961900
  0
VERTEX
  8
0
 10
995.80517600
 20
220.74682600
 42
-0.06449200
  0
VERTEX
  8
0
 10
1003.03564400
 20
221.28027400
 42
-0.12878400
  0
VERTEX
  8
0
 10
1004.41870100
 20
217.75927700
 42
-0.13445600
  0
VERTEX
  8
0
 10
1003.85668900
 20
214.01831100
 42
-0.06502100
  0
VERTEX
  8
0
 10
1002.50878900
 20
211.80224600
 42
-0.05653500
  0
VERTEX
  8
0
 10
998.48730400
 20
207.81201200
  0
SEQEND
  0
POLYLINE
  8
0
 66
   1
 39
0.000000
 70
    0
  0
VERTEX
  8
0
 10
1030.81103500
 20
217.88964900
  0
VERTEX
  8
0
 10
1031.05346700
 20
218.24414100
 42
0.18731800
  0
VERTEX
  8
0
 10
1034.00537100
 20
231.01538100
 42
0.08834000
  0
VERTEX
  8
0
 10
1031.60156200
 20
238.28222700
 42
0.06944900
  0
VERTEX
  8
0
 10
1027.22119100
 20
244.23535200
 42
0.04170200
  0
VERTEX
  8
0
 10
1018.63818300
 20
240.42260800
 42
0.05326300
  0
VERTEX
  8
0
 10
1011.18896500
 20
235.23999000
 42
0.07235200
  0
VERTEX
  8
0
 10
1005.81738300
 20
229.01648000
 42
0.11168400
  0
VERTEX
  8
0
 10
1003.03564400
 20
221.28027400
 42
0.16952800
  0
VERTEX
  8
0
 10
1001.27758800
 20
225.06506400
 42
0.13399300
  0
VERTEX
  8
0
 10
997.68432600
 20
227.18762200
 42
0.07286400
  0
VERTEX
  8
0
 10
992.83593700
 20
227.78002900
 42
0.03879500
  0
VERTEX
  8
0
 10
986.75048800
 20
227.16064500
 42
0.05650100
  0
VERTEX
  8
0
 10
977.41284200
 20
224.35913100
 42
0.10666300
  0
VERTEX
  8
0
 10
964.50854500
 20
215.20788600
 42
0.18573900
  0
VERTEX
  8
0
 10
953.22143500
 20
186.46044900
 42
0.06603200
  0
VERTEX
  8
0
 10
954.71972600
 20
174.54150400
  0
VERTEX
  8
0
 10
955.46899400
 20
171.68750000
  0
SEQEND
  0
POLYLINE
  8
0
 66
   1
 39
0.000000
 70
    0
  0
VERTEX
  8
0
 10
997.00341800
 20
227.27929700
 42
0.03617100
  0
VERTEX
  8
0
 10
999.43896500
 20
229.17895500
 42
0.21196300
  0
VERTEX
  8
0
 10
1004.98193300
 20
241.64404300
 42
0.08502800
  0
VERTEX
  8
0
 10
1003.59936500
 20
249.74853500
 42
0.06716700
  0
VERTEX
  8
0
 10
999.77172800
 20
257.23291000
 42
0.06844800
  0
VERTEX
  8
0
 10
989.11767600
 20
255.27478000
 42
0.07195800
  0
VERTEX
  8
0
 10
979.92285100
 20
250.69433600
 42
0.09557900
  0
VERTEX
  8
0
 10
973.55371100
 20
244.18322800
 42
0.14089400
  0
VERTEX
  8
0
 10
970.82812500
 20
235.49218800
  0
SEQEND
  0
POLYLINE
  8
0
 66
   1
 39
0.000000
 70
    0
  0
VERTEX
  8
0
 10
1035.36376900
 20
218.43554700
 42
-0.10349000
  0
VERTEX
  8
0
 10
1040.38769500
 20
224.79992700
 42
-0.21453400
  0
VERTEX
  8
0
 10
1063.01001000
 20
231.15039100
 42
-0.10006700
  0
VERTEX
  8
0
 10
1063.61279300
 20
221.71093800
 42
-0.08671700
  0
VERTEX
  8
0
 10
1060.73925800
 20
212.69921900
 42
-0.07615000
  0
VERTEX
  8
0
 10
1054.79272400
 20
204.60595700
 42
-0.06647900
  0
VERTEX
  8
0
 10
1046.24365200
 20
198.07470700
  0
SEQEND
  0
POLYLINE
  8
0
 66
   1
 39
0.000000
 70
    0
  0
VERTEX
  8
0
 10
958.12817400
 20
240.05761700
 42
0.11754700
  0
VERTEX
  8
0
 10
964.18481400
 20
248.04419000
 42
0.12071800
  0
VERTEX
  8
0
 10
965.83691400
 20
257.41381800
 42
0.21326200
  0
VERTEX
  8
0
 10
959.32739200
 20
269.73681700
 42
0.06849700
  0
VERTEX
  8
0
 10
954.14501900
 20
272.75781300
 42
-0.07442500
  0
VERTEX
  8
0
 10
950.63842800
 20
268.82348600
 42
-0.02181400
  0
VERTEX
  8
0
 10
944.04541000
 20
263.80542000
 42
0.03129500
  0
VERTEX
  8
0
 10
937.73999000
 20
258.81457500
 42
0.08672500
  0
VERTEX
  8
0
 10
934.53759700
 20
254.73510800
 42
0.17365200
  0
VERTEX
  8
0
 10
933.56103500
 20
248.21032700
 42
0.03079600
  0
VERTEX
  8
0
 10
933.98437500
 20
246.59960900
  0
SEQEND
  0
POLYLINE
  8
0
 66
   1
 39
0.000000
 70
    0
  0
VERTEX
  8
0
 10
928.01733400
 20
350.16601600
  0
VERTEX
  8
0
 10
939.52197200
 20
351.20996100
 42
0.08812600
  0
VERTEX
  8
0
 10
977.89453100
 20
363.11059600
 42
0.04802300
  0
VERTEX
  8
0
 10
990.79199200
 20
371.42285200
 42
0.03552600
  0
VERTEX
  8
0
 10
998.13842800
 20
378.12158200
 42
0.04439700
  0
VERTEX
  8
0
 10
1004.32568300
 20
385.90380900
 42
-0.13249800
  0
VERTEX
  8
0
 10
1010.43579100
 20
380.90063500
 42
-0.19033300
  0
VERTEX
  8
0
 10
1012.35156200
 20
373.23938000
 42
-0.07919800
  0
VERTEX
  8
0
 10
1010.49609400
 20
367.00317400
 42
-0.04604300
  0
VERTEX
  8
0
 10
1006.71484400
 20
360.68481500
 42
-0.02177500
  0
VERTEX
  8
0
 10
1002.16894500
 20
355.00390600
  0
SEQEND
  0
POLYLINE
  8
0
 66
   1
 39
0.000000
 70
    0
  0
VERTEX
  8
0
 10
990.79199200
 20
371.42285200
 42
-0.12081000
  0
VERTEX
  8
0
 10
992.81762700
 20
365.07263200
 42
-0.15436100
  0
VERTEX
  8
0
 10
991.24633800
 20
358.59509300
 42
-0.06046600
  0
VERTEX
  8
0
 10
989.31298800
 20
356.13024900
 42
-0.06530600
  0
VERTEX
  8
0
 10
983.72021500
 20
351.83911100
 42
-0.03740600
  0
VERTEX
  8
0
 10
976.79492200
 20
348.50036600
 42
-0.01982000
  0
VERTEX
  8
0
 10
969.63769500
 20
346.01025400
  0
SEQEND
  0
POLYLINE
  8
0
 66
   1
 39
0.000000
 70
    0
  0
VERTEX
  8
0
 10
1064.54052700
 20
350.46875000
 42
0.06059800
  0
VERTEX
  8
0
 10
1065.64404300
 20
346.29162600
 42
0.16965700
  0
VERTEX
  8
0
 10
1069.24414000
 20
342.14904800
 42
0.10443400
  0
VERTEX
  8
0
 10
1071.68945300
 20
341.36291500
 42
0.10697500
  0
VERTEX
  8
0
 10
1076.61450200
 20
341.90795900
 42
0.13645400
  0
VERTEX
  8
0
 10
1083.96069300
 20
346.87500000
 42
0.07145100
  0
VERTEX
  8
0
 10
1085.90722600
 20
349.96215800
 42
0.15327700
  0
VERTEX
  8
0
 10
1086.32861300
 20
353.58728000
 42
0.12231900
  0
VERTEX
  8
0
 10
1085.38696300
 20
355.62988300
 42
0.09208300
  0
VERTEX
  8
0
 10
1083.35107400
 20
357.38598600
 42
0.06862100
  0
VERTEX
  8
0
 10
1080.07763700
 20
358.73559600
 42
0.03949600
  0
VERTEX
  8
0
 10
1075.42309600
 20
359.55859400
  0
SEQEND
  0
POLYLINE
  8
0
 66
   1
 39
0.000000
 70
    0
  0
VERTEX
  8
0
 10
1064.98144500
 20
348.24023400
 42
-0.08080400
  0
VERTEX
  8
0
 10
1063.26147400
 20
344.48974600
 42
-0.24132100
  0
VERTEX
  8
0
 10
1057.58911100
 20
341.34716800
 42
-0.10378400
  0
VERTEX
  8
0
 10
1052.63256800
 20
342.22119200
 42
-0.07787500
  0
VERTEX
  8
0
 10
1048.03955100
 20
344.95507800
 42
-0.09154800
  0
VERTEX
  8
0
 10
1044.53784200
 20
349.20703100
 42
-0.14595200
  0
VERTEX
  8
0
 10
1043.71972600
 20
352.92749000
 42
-0.17704900
  0
VERTEX
  8
0
 10
1045.06225600
 20
355.90271000
 42
-0.10732300
  0
VERTEX
  8
0
 10
1048.32934600
 20
358.05468800
 42
-0.04476400
  0
VERTEX
  8
0
 10
1051.97265600
 20
359.09863300
  0
SEQEND
  0
POLYLINE
  8
0
 66
   1
 39
0.000000
 70
    0
  0
VERTEX
  8
0
 10
1065.52880800
 20
367.82080100
 42
0.06082100
  0
VERTEX
  8
0
 10
1064.42138700
 20
372.00512700
 42
0.16948700
  0
VERTEX
  8
0
 10
1060.82519500
 20
376.13903800
 42
0.10442400
  0
VERTEX
  8
0
 10
1058.37963800
 20
376.92517100
 42
0.10662200
  0
VERTEX
  8
0
 10
1053.46801700
 20
376.38476600
 42
0.13670500
  0
VERTEX
  8
0
 10
1046.10449200
 20
371.41296400
 42
0.07131300
  0
VERTEX
  8
0
 10
1044.15747100
 20
368.32629400
 42
0.15339400
  0
VERTEX
  8
0
 10
1043.73535100
 20
364.70141600
 42
0.12236300
  0
VERTEX
  8
0
 10
1044.67675800
 20
362.65942400
 42
0.09211800
  0
VERTEX
  8
0
 10
1046.71264600
 20
360.90405300
 42
0.06860300
  0
VERTEX
  8
0
 10
1049.98681600
 20
359.55542000
 42
0.03948600
  0
VERTEX
  8
0
 10
1054.64257800
 20
358.73339900
  0
SEQEND
  0
POLYLINE
  8
0
 66
   1
 39
0.000000
 70
    0
  0
VERTEX
  8
0
 10
1078.09472600
 20
359.19043000
 42
0.04482300
  0
VERTEX
  8
0
 10
1081.73828100
 20
360.23425300
 42
0.10708700
  0
VERTEX
  8
0
 10
1085.00048800
 20
362.38000500
 42
0.17735400
  0
VERTEX
  8
0
 10
1086.34863300
 20
365.36157200
 42
0.14555400
  0
VERTEX
  8
0
 10
1085.53930600
 20
369.06030300
 42
0.09217800
  0
VERTEX
  8
0
 10
1082.02441400
 20
373.33398400
 42
0.07788300
  0
VERTEX
  8
0
 10
1077.43457000
 20
376.06628400
 42
0.10380700
  0
VERTEX
  8
0
 10
1072.47924800
 20
376.94067400
 42
0.24128100
  0
VERTEX
  8
0
 10
1066.80981400
 20
373.80200200
 42
0.08097200
  0
VERTEX
  8
0
 10
1065.08837900
 20
370.04980500
  0
SEQEND
  0
POLYLINE
  8
0
 66
   1
 39
0.000000
 70
    0
  0
VERTEX
  8
0
 10
1083.91455100
 20
371.43505900
 42
0.11186100
  0
VERTEX
  8
0
 10
1091.33911100
 20
378.75195300
 42
0.09239600
  0
VERTEX
  8
0
 10
1094.13989200
 20
385.98913600
 42
0.06048400
  0
VERTEX
  8
0
 10
1094.63769500
 20
393.73339900
 42
0.06974000
  0
VERTEX
  8
0
 10
1083.21826200
 20
391.08435100
 42
0.14274500
  0
VERTEX
  8
0
 10
1072.30615200
 20
382.77539100
 42
0.07003400
  0
VERTEX
  8
0
 10
1068.44726500
 20
375.65332000
  0
SEQEND
  0
POLYLINE
  8
0
 66
   1
 39
0.000000
 70
    0
  0
VERTEX
  8
0
 10
1093.15869100
 20
382.43115200
 42
-0.05141700
  0
VERTEX
  8
0
 10
1100.40942400
 20
386.36230500
 42
-0.13982200
  0
VERTEX
  8
0
 10
1117.38305600
 20
388.34375000
 42
-0.05187200
  0
VERTEX
  8
0
 10
1125.21484400
 20
386.21582000
 42
-0.12115500
  0
VERTEX
  8
0
 10
1120.62768500
 20
376.50097700
 42
-0.06583300
  0
VERTEX
  8
0
 10
1115.62060500
 20
371.76928700
 42
-0.05101600
  0
VERTEX
  8
0
 10
1107.57568300
 20
367.12402400
  0
SEQEND
  0
POLYLINE
  8
0
 66
   1
 39
0.000000
 70
    0
  0
VERTEX
  8
0
 10
1130.11596700
 20
356.45117200
 42
-0.06616700
  0
VERTEX
  8
0
 10
1122.57031200
 20
352.04040500
 42
-0.06436400
  0
VERTEX
  8
0
 10
1109.94677700
 20
348.56970200
 42
-0.09653000
  0
VERTEX
  8
0
 10
1085.91455100
 20
349.83691400
 42
0.07070800
  0
VERTEX
  8
0
 10
1099.96752900
 20
349.44384800
 42
0.15545300
  0
VERTEX
  8
0
 10
1114.83251900
 20
356.11145000
 42
0.07099100
  0
VERTEX
  8
0
 10
1120.63574200
 20
363.01562500
 42
0.08120500
  0
VERTEX
  8
0
 10
1107.57568300
 20
367.12402400
 42
0.05460200
  0
VERTEX
  8
0
 10
1096.89379900
 20
367.47668500
 42
0.03698700
  0
VERTEX
  8
0
 10
1086.32617200
 20
365.87988300
  0
SEQEND
  0
POLYLINE
  8
0
 66
   1
 39
0.000000
 70
    0
  0
VERTEX
  8
0
 10
1079.57983400
 20
343.23339900
 42
0.04689200
  0
VERTEX
  8
0
 10
1093.57983400
 20
340.61132800
 42
0.05538200
  0
VERTEX
  8
0
 10
1117.04077100
 20
341.06250000
 42
0.03181200
  0
VERTEX
  8
0
 10
1125.46777300
 20
342.71362300
 42
0.04092400
  0
VERTEX
  8
0
 10
1133.09814400
 20
345.40332000
 42
0.06428300
  0
VERTEX
  8
0
 10
1139.99926700
 20
349.62597700
 42
0.07982900
  0
VERTEX
  8
0
 10
1145.34204100
 20
355.53930700
 42
0.11755700
  0
VERTEX
  8
0
 10
1147.39135700
 20
361.30773900
 42
0.07379200
  0
VERTEX
  8
0
 10
1147.29541000
 20
363.70849600
 42
0.29054000
  0
VERTEX
  8
0
 10
1140.58911100
 20
370.65112300
 42
0.11911500
  0
VERTEX
  8
0
 10
1133.95654300
 20
370.65210000
 42
0.06851100
  0
VERTEX
  8
0
 10
1131.19140600
 20
369.56787100
 42
0.14095100
  0
VERTEX
  8
0
 10
1127.51245100
 20
365.85400400
 42
0.26664000
  0
VERTEX
  8
0
 10
1127.64868100
 20
359.23169000
 42
0.05896600
  0
VERTEX
  8
0
 10
1129.15039000
 20
357.29394500
 42
0.24451500
  0
VERTEX
  8
0
 10
1136.81567400
 20
354.80358900
 42
0.08792600
  0
VERTEX
  8
0
 10
1142.47705100
 20
356.81152400
  0
SEQEND
  0
POLYLINE
  8
0
 66
   1
 39
0.000000
 70
    0
  0
VERTEX
  8
0
 10
1139.99926700
 20
349.62597700
 42
0.08072900
  0
VERTEX
  8
0
 10
1153.65942400
 20
356.47998100
 42
0.09769000
  0
VERTEX
  8
0
 10
1165.12060500
 20
369.36425800
 42
-0.08634700
  0
VERTEX
  8
0
 10
1168.25415000
 20
367.04724100
 42
-0.21167700
  0
VERTEX
  8
0
 10
1170.63647400
 20
360.40991200
 42
-0.09766700
  0
VERTEX
  8
0
 10
1169.30859400
 20
355.56103500
 42
-0.09358400
  0
VERTEX
  8
0
 10
1165.83618100
 20
350.98144500
 42
-0.05840400
  0
VERTEX
  8
0
 10
1161.15429700
 20
347.64794900
  0
SEQEND
  0
POLYLINE
  8
0
 66
   1
 39
0.000000
 70
    0
  0
VERTEX
  8
0
 10
1170.52661100
 20
362.26660200
 42
-0.04124200
  0
VERTEX
  8
0
 10
1171.10156200
 20
364.96521000
 42
-0.23858500
  0
VERTEX
  8
0
 10
1178.47216800
 20
372.70690900
 42
-0.06964700
  0
VERTEX
  8
0
 10
1185.19555600
 20
374.08642600
 42
-0.11127500
  0
VERTEX
  8
0
 10
1186.91503900
 20
368.80053700
 42
-0.08643800
  0
VERTEX
  8
0
 10
1186.47314400
 20
363.25964400
 42
-0.06764700
  0
VERTEX
  8
0
 10
1184.05932600
 20
357.33764700
 42
-0.03630800
  0
VERTEX
  8
0
 10
1180.47631800
 20
352.04052700
  0
SEQEND
  0
POLYLINE
  8
0
 66
   1
 39
0.000000
 70
    0
  0
VERTEX
  8
0
 10
1186.98046900
 20
367.37597700
 42
-0.11493900
  0
VERTEX
  8
0
 10
1202.20385700
 20
373.86816400
 42
-0.07717000
  0
VERTEX
  8
0
 10
1212.29907200
 20
374.06481900
 42
-0.18787900
  0
VERTEX
  8
0
 10
1222.35668900
 20
368.49194300
 42
-0.07895100
  0
VERTEX
  8
0
 10
1225.55053700
 20
363.11425800
 42
0.05365000
  0
VERTEX
  8
0
 10
1218.92944300
 20
362.74743700
 42
0.12267500
  0
VERTEX
  8
0
 10
1212.83935500
 20
360.12402400
 42
0.02130200
  0
VERTEX
  8
0
 10
1209.20727500
 20
357.10473600
 42
-0.11594600
  0
VERTEX
  8
0
 10
1202.00976500
 20
353.12390100
 42
-0.02590600
  0
VERTEX
  8
0
 10
1197.43896500
 20
352.08984400
  0
SEQEND
  0
POLYLINE
  8
0
 66
   1
 39
0.000000
 70
    0
  0
VERTEX
  8
0
 10
1200.59716800
 20
344.54394500
 42
-0.17409000
  0
VERTEX
  8
0
 10
1200.59472600
 20
338.68457000
 42
-0.12710000
  0
VERTEX
  8
0
 10
1197.82714800
 20
334.66308600
 42
-0.06955000
  0
VERTEX
  8
0
 10
1191.93359400
 20
330.83203100
 42
-0.09622400
  0
VERTEX
  8
0
 10
1180.99316400
 20
328.09326200
  0
SEQEND
  0
POLYLINE
  8
0
 66
   1
 39
0.000000
 70
    0
  0
VERTEX
  8
0
 10
1200.59472600
 20
338.68457000
 42
-0.05626000
  0
VERTEX
  8
0
 10
1207.68115200
 20
341.70275900
 42
-0.15222600
  0
VERTEX
  8
0
 10
1223.05517600
 20
341.51989800
 42
-0.05597300
  0
VERTEX
  8
0
 10
1230.22656200
 20
338.26660200
 42
-0.14931400
  0
VERTEX
  8
0
 10
1227.40966800
 20
333.12255900
 42
-0.08790400
  0
VERTEX
  8
0
 10
1222.56250000
 20
329.82092300
 42
-0.05376800
  0
VERTEX
  8
0
 10
1216.33764600
 20
327.79126000
 42
-0.04087100
  0
VERTEX
  8
0
 10
1209.87426700
 20
326.97168000
  0
SEQEND
  0
POLYLINE
  8
0
 66
   1
 39
0.000000
 70
    0
  0
VERTEX
  8
0
 10
1176.48095700
 20
320.74023400
 42
0.03467100
  0
VERTEX
  8
0
 10
1191.09912100
 20
317.79455600
 42
0.06350700
  0
VERTEX
  8
0
 10
1206.01123000
 20
317.75488300
 42
0.02960200
  0
VERTEX
  8
0
 10
1211.52075200
 20
318.78430200
 42
0.04806000
  0
VERTEX
  8
0
 10
1216.80444300
 20
320.65380900
 42
0.10065400
  0
VERTEX
  8
0
 10
1213.27270500
 20
324.84790000
 42
0.13435100
  0
VERTEX
  8
0
 10
1204.70483400
 20
328.50329600
 42
0.07451800
  0
VERTEX
  8
0
 10
1195.12182600
 20
328.38269100
 42
0.03613700
  0
VERTEX
  8
0
 10
1185.10253900
 20
325.99853500
  0
SEQEND
  0
POLYLINE
  8
0
 66
   1
 39
0.000000
 70
    0
  0
VERTEX
  8
0
 10
1180.67285100
 20
297.86621100
 42
0.06784300
  0
VERTEX
  8
0
 10
1185.72558600
 20
293.09582500
 42
0.20950000
  0
VERTEX
  8
0
 10
1202.95288100
 20
289.45690900
 42
0.13611500
  0
VERTEX
  8
0
 10
1208.90063500
 20
292.51879900
 42
0.12506600
  0
VERTEX
  8
0
 10
1211.48144500
 20
296.49316400
 42
-0.06805600
  0
VERTEX
  8
0
 10
1206.11840800
 20
297.26257300
 42
-0.15575700
  0
VERTEX
  8
0
 10
1202.39282200
 20
299.74255400
 42
-0.03163100
  0
VERTEX
  8
0
 10
1200.41430600
 20
302.56567400
 42
0.15248300
  0
VERTEX
  8
0
 10
1195.80786100
 20
306.60791000
 42
0.03642300
  0
VERTEX
  8
0
 10
1191.29028300
 20
308.23046900
  0
SEQEND
  0
POLYLINE
  8
0
 66
   1
 39
0.000000
 70
    0
  0
VERTEX
  8
0
 10
1150.34643500
 20
306.56250000
 42
0.04394100
  0
VERTEX
  8
0
 10
1150.97021500
 20
299.30932600
 42
0.08373500
  0
VERTEX
  8
0
 10
1153.40283200
 20
292.44787600
 42
0.07386600
  0
VERTEX
  8
0
 10
1156.40551700
 20
288.54101600
 42
0.11661800
  0
VERTEX
  8
0
 10
1162.88085900
 20
284.69238300
 42
0.05344300
  0
VERTEX
  8
0
 10
1164.48437500
 20
290.37182600
 42
0.11544600
  0
VERTEX
  8
0
 10
1164.01171900
 20
298.04345700
  0
SEQEND
  0
POLYLINE
  8
0
 66
   1
 39
0.000000
 70
    0
  0
VERTEX
  8
0
 10
1124.26733400
 20
294.69238300
  0
VERTEX
  8
0
 10
1125.04296900
 20
293.82568400
 42
0.15723300
  0
VERTEX
  8
0
 10
1131.57861300
 20
289.98779300
 42
0.01135100
  0
VERTEX
  8
0
 10
1131.75073200
 20
289.95605500
 42
0.20733700
  0
VERTEX
  8
0
 10
1142.88281200
 20
292.79101600
 42
0.11674700
  0
VERTEX
  8
0
 10
1146.47265600
 20
297.22888200
 42
0.07838300
  0
VERTEX
  8
0
 10
1148.11181600
 20
302.69653300
 42
0.03381600
  0
VERTEX
  8
0
 10
1148.35839800
 20
306.36035200
  0
SEQEND
  0
POLYLINE
  8
0
 66
   1
 39
0.000000
 70
    0
  0
VERTEX
  8
0
 10
1140.19995100
 20
291.04296900
 42
0.07739900
  0
VERTEX
  8
0
 10
1138.67626900
 20
286.23620600
 42
0.15035000
  0
VERTEX
  8
0
 10
1139.72827100
 20
279.07800300
 42
0.17684400
  0
VERTEX
  8
0
 10
1144.90966800
 20
273.99047900
 42
0.07450300
  0
VERTEX
  8
0
 10
1152.42041000
 20
271.85156300
 42
-0.04939700
  0
VERTEX
  8
0
 10
1151.76513700
 20
274.49658200
 42
-0.18903500
  0
VERTEX
  8
0
 10
1152.84326200
 20
279.11364800
 42
-0.01759200
  0
VERTEX
  8
0
 10
1154.81958000
 20
281.77832000
 42
0.15105600
  0
VERTEX
  8
0
 10
1156.43701200
 20
285.90564000
 42
0.04280100
  0
VERTEX
  8
0
 10
1156.40551700
 20
288.54101600
  0
SEQEND
  0
POLYLINE
  8
0
 66
   1
 39
0.000000
 70
    0
  0
VERTEX
  8
0
 10
1154.54223600
 20
315.25000000
 42
0.06104500
  0
VERTEX
  8
0
 10
1155.65502900
 20
311.05371100
 42
0.16924500
  0
VERTEX
  8
0
 10
1159.24560500
 20
306.93066400
 42
0.10443000
  0
VERTEX
  8
0
 10
1161.69116200
 20
306.14514200
 42
0.10655100
  0
VERTEX
  8
0
 10
1166.59228500
 20
306.68518100
 42
0.13671000
  0
VERTEX
  8
0
 10
1173.96240200
 20
311.66027800
 42
0.07146100
  0
VERTEX
  8
0
 10
1175.90869100
 20
314.74670400
 42
0.15331500
  0
VERTEX
  8
0
 10
1176.33007800
 20
318.37109400
 42
0.12231100
  0
VERTEX
  8
0
 10
1175.38842800
 20
320.41345200
 42
0.09201400
  0
VERTEX
  8
0
 10
1173.35253900
 20
322.16943400
 42
0.06862100
  0
VERTEX
  8
0
 10
1170.07910100
 20
323.51892100
 42
0.03949700
  0
VERTEX
  8
0
 10
1165.42456000
 20
324.34179700
  0
SEQEND
  0
POLYLINE
  8
0
 66
   1
 39
0.000000
 70
    0
  0
VERTEX
  8
0
 10
1154.98291000
 20
313.02343800
 42
-0.08056700
  0
VERTEX
  8
0
 10
1153.26928700
 20
309.28112800
 42
-0.24170500
  0
VERTEX
  8
0
 10
1147.59082000
 20
306.13183600
 42
-0.10377800
  0
VERTEX
  8
0
 10
1142.63403300
 20
307.00683600
 42
-0.07786900
  0
VERTEX
  8
0
 10
1138.04101500
 20
309.74121100
 42
-0.09178300
  0
VERTEX
  8
0
 10
1134.53710900
 20
313.99768100
 42
-0.14569600
  0
VERTEX
  8
0
 10
1133.72119100
 20
317.71215800
 42
-0.17716500
  0
VERTEX
  8
0
 10
1135.06372100
 20
320.68750000
 42
-0.10738100
  0
VERTEX
  8
0
 10
1138.33081000
 20
322.83886700
 42
-0.04476100
  0
VERTEX
  8
0
 10
1141.97436500
 20
323.88232400
  0
SEQEND
  0
POLYLINE
  8
0
 66
   1
 39
0.000000
 70
    0
  0
VERTEX
  8
0
 10
1155.53076200
 20
332.60449200
 42
0.06139500
  0
VERTEX
  8
0
 10
1154.41210900
 20
336.81176800
 42
0.16895900
  0
VERTEX
  8
0
 10
1150.82714800
 20
340.92260800
 42
0.10441000
  0
VERTEX
  8
0
 10
1148.38134700
 20
341.70849600
 42
0.10651900
  0
VERTEX
  8
0
 10
1143.47876000
 20
341.17016600
 42
0.13680800
  0
VERTEX
  8
0
 10
1136.10644500
 20
336.19543500
 42
0.07138800
  0
VERTEX
  8
0
 10
1134.15942400
 20
333.10913100
 42
0.15338400
  0
VERTEX
  8
0
 10
1133.73730400
 20
329.48437500
 42
0.12238200
  0
VERTEX
  8
0
 10
1134.67871100
 20
327.44226100
 42
0.09209600
  0
VERTEX
  8
0
 10
1136.71459900
 20
325.68652400
 42
0.06867000
  0
VERTEX
  8
0
 10
1139.98876900
 20
324.33715800
 42
0.03948500
  0
VERTEX
  8
0
 10
1144.64453100
 20
323.51416000
  0
SEQEND
  0
POLYLINE
  8
0
 66
   1
 39
0.000000
 70
    0
  0
VERTEX
  8
0
 10
1168.09667900
 20
323.97363300
 42
0.04476100
  0
VERTEX
  8
0
 10
1171.74023400
 20
325.01709000
 42
0.10739100
  0
VERTEX
  8
0
 10
1175.00708000
 20
327.16833500
 42
0.17708700
  0
VERTEX
  8
0
 10
1176.35034200
 20
330.14428700
 42
0.14531700
  0
VERTEX
  8
0
 10
1175.54248000
 20
333.83960000
 42
0.09227900
  0
VERTEX
  8
0
 10
1172.02612300
 20
338.11816400
 42
0.07793400
  0
VERTEX
  8
0
 10
1167.43652300
 20
340.85095200
 42
0.10380300
  0
VERTEX
  8
0
 10
1162.48095700
 20
341.72522000
 42
0.24117200
  0
VERTEX
  8
0
 10
1156.81323200
 20
338.58837900
 42
0.08106100
  0
VERTEX
  8
0
 10
1155.09008800
 20
334.83447300
  0
SEQEND
  0
POLYLINE
  8
0
 66
   1
 39
0.000000
 70
    0
  0
VERTEX
  8
0
 10
996.71093700
 20
435.55322300
  0
VERTEX
  8
0
 10
996.12939400
 20
435.17675800
 42
-0.07151000
  0
VERTEX
  8
0
 10
990.02148400
 20
432.32299800
 42
-0.06967300
  0
VERTEX
  8
0
 10
983.14990200
 20
431.17529300
 42
-0.09730200
  0
VERTEX
  8
0
 10
974.65161100
 20
432.71533200
 42
-0.06874600
  0
VERTEX
  8
0
 10
966.11376900
 20
437.49731500
 42
-0.14860700
  0
VERTEX
  8
0
 10
949.83374000
 20
459.92565900
 42
-0.05523600
  0
VERTEX
  8
0
 10
947.10498000
 20
471.98974600
 42
-0.03241000
  0
VERTEX
  8
0
 10
946.59228500
 20
482.82226600
  0
VERTEX
  8
0
 10
946.59667900
 20
483.03027400
  0
SEQEND
  0
POLYLINE
  8
0
 66
   1
 39
0.000000
 70
    0
  0
VERTEX
  8
0
 10
961.80712900
 20
428.88085900
 42
0.07431100
  0
VERTEX
  8
0
 10
962.65234400
 20
422.82470700
 42
0.17558000
  0
VERTEX
  8
0
 10
967.20336900
 20
416.64331100
 42
0.02086800
  0
VERTEX
  8
0
 10
970.51293900
 20
414.62866200
 42
-0.00262100
  0
VERTEX
  8
0
 10
973.94995100
 20
412.70495600
 42
-0.09280800
  0
VERTEX
  8
0
 10
978.94799800
 20
408.49011200
 42
-0.03166600
  0
VERTEX
  8
0
 10
981.20361300
 20
405.34179700
 42
0.14057100
  0
VERTEX
  8
0
 10
988.85913100
 20
410.09228500
 42
0.15724000
  0
VERTEX
  8
0
 10
992.17846700
 20
417.44189500
 42
0.25504500
  0
VERTEX
  8
0
 10
987.68872100
 20
428.45288100
 42
0.07207200
  0
VERTEX
  8
0
 10
983.14990200
 20
431.17529300
  0
SEQEND
  0
POLYLINE
  8
0
 66
   1
 39
0.000000
 70
    0
  0
VERTEX
  8
0
 10
957.62109400
 20
423.24609400
 42
0.06789400
  0
VERTEX
  8
0
 10
960.39404300
 20
426.10449200
 42
0.20637900
  0
VERTEX
  8
0
 10
962.11669900
 20
433.54309100
 42
0.03990700
  0
VERTEX
  8
0
 10
960.83251900
 20
438.38671900
 42
0.02733700
  0
VERTEX
  8
0
 10
958.93725600
 20
442.93615700
 42
0.04508200
  0
VERTEX
  8
0
 10
956.40625000
 20
447.16503900
  0
SEQEND
  0
POLYLINE
  8
0
 66
   1
 39
0.000000
 70
    0
  0
VERTEX
  8
0
 10
935.09155300
 20
487.62402400
 42
0.02899200
  0
VERTEX
  8
0
 10
936.28588800
 20
470.70422400
 42
0.04310900
  0
VERTEX
  8
0
 10
939.94384700
 20
453.92150900
 42
0.05384000
  0
VERTEX
  8
0
 10
947.01953100
 20
437.56787100
 42
0.06073000
  0
VERTEX
  8
0
 10
957.62109400
 20
423.24609400
 42
-0.06890100
  0
VERTEX
  8
0
 10
951.74975600
 20
422.47729500
 42
-0.06340300
  0
VERTEX
  8
0
 10
945.92382800
 20
423.19726600
 42
-0.09374900
  0
VERTEX
  8
0
 10
940.10644500
 20
426.00915500
 42
-0.07274000
  0
VERTEX
  8
0
 10
935.52392600
 20
430.56420900
 42
-0.05334800
  0
VERTEX
  8
0
 10
931.68554700
 20
437.01782200
 42
-0.04652900
  0
VERTEX
  8
0
 10
925.27978500
 20
455.30127000
 42
-0.09148100
  0
VERTEX
  8
0
 10
923.78125000
 20
479.61132800
  0
SEQEND
  0
POLYLINE
  8
0
 66
   1
 39
0.000000
 70
    0
  0
VERTEX
  8
0
 10
933.08813500
 20
420.63769500
 42
0.19852400
  0
VERTEX
  8
0
 10
934.84301700
 20
413.49365200
 42
0.05228200
  0
VERTEX
  8
0
 10
939.26147400
 20
408.62841800
 42
-0.01994100
  0
VERTEX
  8
0
 10
942.66577100
 20
405.33447300
 42
-0.02923500
  0
VERTEX
  8
0
 10
944.69897400
 20
402.93737800
 42
-0.06178500
  0
VERTEX
  8
0
 10
946.26464800
 20
400.21191400
 42
0.09034800
  0
VERTEX
  8
0
 10
952.11254900
 20
402.86474600
 42
0.20100200
  0
VERTEX
  8
0
 10
956.53955100
 20
409.80200200
 42
0.13230700
  0
VERTEX
  8
0
 10
955.93676700
 20
416.34777800
 42
0.10946300
  0
VERTEX
  8
0
 10
952.05883800
 20
422.35839900
  0
SEQEND
  0
POLYLINE
  8
0
 66
   1
 39
0.000000
 70
    0
  0
VERTEX
  8
0
 10
956.08764600
 20
482.20996100
  0
VERTEX
  8
0
 10
955.37524400
 20
482.20507800
 42
-0.08996000
  0
VERTEX
  8
0
 10
940.49780300
 20
484.76513700
 42
-0.06829800
  0
VERTEX
  8
0
 10
935.08935500
 20
487.62402400
 42
-0.13997400
  0
VERTEX
  8
0
 10
928.88818300
 20
495.46203600
 42
-0.07376900
  0
VERTEX
  8
0
 10
926.99633800
 20
503.06347700
 42
-0.05248400
  0
VERTEX
  8
0
 10
927.07299800
 20
512.37793000
 42
-0.02988700
  0
VERTEX
  8
0
 10
928.63159200
 20
521.30468800
  0
VERTEX
  8
0
 10
929.01904300
 20
522.93994200
  0
SEQEND
  0
POLYLINE
  8
0
 66
   1
 39
0.000000
 70
    0
  0
VERTEX
  8
0
 10
998.68457000
 20
83.47949200
  0
VERTEX
  8
0
 10
998.90893500
 20
83.21289100
 42
-0.11365100
  0
VERTEX
  8
0
 10
1002.02099600
 20
77.11950700
 42
-0.13787900
  0
VERTEX
  8
0
 10
1001.82836900
 20
70.28002900
 42
-0.16954700
  0
VERTEX
  8
0
 10
996.22167900
 20
62.72009300
 42
-0.06959300
  0
VERTEX
  8
0
 10
991.34936500
 20
60.31933600
 42
0.03944100
  0
VERTEX
  8
0
 10
1006.18017600
 20
51.80688500
 42
0.03218600
  0
VERTEX
  8
0
 10
1022.59326200
 20
45.29162600
 42
0.08870000
  0
VERTEX
  8
0
 10
1069.78662100
 20
38.80444300
 42
0.05497800
  0
VERTEX
  8
0
 10
1091.71044900
 20
42.12207000
 42
0.04849900
  0
VERTEX
  8
0
 10
1106.50537100
 20
47.63964900
 42
0.06405500
  0
VERTEX
  8
0
 10
1119.69726500
 20
56.31738300
  0
VERTEX
  8
0
 10
1120.25488300
 20
56.79785200
  0
SEQEND
  0
POLYLINE
  8
0
 66
   1
 39
0.000000
 70
    0
  0
VERTEX
  8
0
 10
1013.69531200
 20
88.73925800
 42
-0.15203500
  0
VERTEX
  8
0
 10
1010.81127900
 20
85.25024400
 42
-0.09943300
  0
VERTEX
  8
0
 10
1006.60791000
 20
83.57043500
 42
-0.07944400
  0
VERTEX
  8
0
 10
999.30615200
 20
83.39941400
 42
-0.01982100
  0
VERTEX
  8
0
 10
995.89453100
 20
84.00170900
 42
-0.06213400
  0
VERTEX
  8
0
 10
989.27392600
 20
86.33203100
 42
-0.08398800
  0
VERTEX
  8
0
 10
977.57959000
 20
96.60034200
 42
-0.07185000
  0
VERTEX
  8
0
 10
970.55786100
 20
108.54235800
 42
-0.05571000
  0
VERTEX
  8
0
 10
966.93408200
 20
121.29943900
 42
-0.02399600
  0
VERTEX
  8
0
 10
965.43359400
 20
134.01269500
  0
SEQEND
  0
POLYLINE
  8
0
 66
   1
 39
0.000000
 70
    0
  0
VERTEX
  8
0
 10
1106.52099600
 20
299.00976600
 42
0.16168100
  0
VERTEX
  8
0
 10
1111.37963800
 20
309.79699700
 42
0.15230400
  0
VERTEX
  8
0
 10
1109.74731400
 20
317.86389200
 42
0.08485100
  0
VERTEX
  8
0
 10
1105.68701200
 20
322.97522000
 42
0.04849500
  0
VERTEX
  8
0
 10
1099.51904300
 20
327.50305200
 42
0.03604500
  0
VERTEX
  8
0
 10
1091.85791000
 20
331.33911100
 42
0.03577800
  0
VERTEX
  8
0
 10
1074.15014600
 20
337.21923800
 42
0.01257500
  0
VERTEX
  8
0
 10
1056.75439400
 20
341.18115200
  0
SEQEND
  0
POLYLINE
  8
0
 66
   1
 39
0.000000
 70
    0
  0
VERTEX
  8
0
 10
1108.37207000
 20
340.29199200
 42
-0.02429600
  0
VERTEX
  8
0
 10
1116.40185500
 20
335.58386200
 42
-0.04077900
  0
VERTEX
  8
0
 10
1123.65014600
 20
329.95385800
 42
-0.06284200
  0
VERTEX
  8
0
 10
1129.94580100
 20
322.53039600
 42
-0.12781600
  0
VERTEX
  8
0
 10
1134.01464800
 20
310.39819300
 42
-0.09038000
  0
VERTEX
  8
0
 10
1133.24340800
 20
303.47424300
 42
-0.16067600
  0
VERTEX
  8
0
 10
1128.68896500
 20
296.95556700
 42
-0.28834900
  0
VERTEX
  8
0
 10
1111.07959000
 20
295.79126000
 42
-0.05976200
  0
VERTEX
  8
0
 10
1106.52099600
 20
299.00976600
 42
0.06894600
  0
VERTEX
  8
0
 10
1114.15209900
 20
301.06518600
 42
0.08370900
  0
VERTEX
  8
0
 10
1118.34643500
 20
303.74121100
 42
0.21675800
  0
VERTEX
  8
0
 10
1122.53442400
 20
313.40820300
 42
0.11344800
  0
VERTEX
  8
0
 10
1121.05297800
 20
319.06579600
 42
0.07446700
  0
VERTEX
  8
0
 10
1116.62158200
 20
325.13476600
  0
SEQEND
  0
POLYLINE
  8
0
 66
   1
 39
0.000000
 70
    0
  0
VERTEX
  8
0
 10
1101.58007800
 20
281.16113300
 42
-0.04456700
  0
VERTEX
  8
0
 10
1096.65600600
 20
283.63085900
 42
-0.05868100
  0
VERTEX
  8
0
 10
1092.34228500
 20
287.05664100
 42
-0.12045700
  0
VERTEX
  8
0
 10
1086.60107400
 20
296.95263700
 42
0.03496600
  0
VERTEX
  8
0
 10
1082.92114200
 20
303.55114800
 42
0.15159900
  0
VERTEX
  8
0
 10
1055.48535100
 20
326.25390600
 42
0.04887600
  0
VERTEX
  8
0
 10
1037.95776300
 20
331.53588900
 42
0.02914500
  0
VERTEX
  8
0
 10
1023.49121100
 20
333.52685600
 42
0.02217700
  0
VERTEX
  8
0
 10
1009.00366200
 20
334.02197300
  0
SEQEND
  0
POLYLINE
  8
0
 66
   1
 39
0.000000
 70
    0
  0
VERTEX
  8
0
 10
1023.10009700
 20
319.56835900
 42
-0.02240500
  0
VERTEX
  8
0
 10
1028.10253900
 20
316.25268600
 42
-0.03891300
  0
VERTEX
  8
0
 10
1032.65185500
 20
312.35864300
 42
-0.06612100
  0
VERTEX
  8
0
 10
1036.33203100
 20
307.54785200
 42
-0.09748900
  0
VERTEX
  8
0
 10
1037.87060500
 20
303.00683600
 42
-0.17692200
  0
VERTEX
  8
0
 10
1035.97363300
 20
294.72460900
 42
0.09051800
  0
VERTEX
  8
0
 10
1043.12377900
 20
294.68835500
 42
0.21371400
  0
VERTEX
  8
0
 10
1050.21069300
 20
299.50048800
 42
0.04283900
  0
VERTEX
  8
0
 10
1051.12304700
 20
301.30737300
 42
0.22235800
  0
VERTEX
  8
0
 10
1050.68505800
 20
309.18005400
 42
0.07984300
  0
VERTEX
  8
0
 10
1047.22021500
 20
313.71337900
  0
SEQEND
  0
POLYLINE
  8
0
 66
   1
 39
0.000000
 70
    0
  0
VERTEX
  8
0
 10
984.37451200
 20
323.23144500
 42
0.05146200
  0
VERTEX
  8
0
 10
988.02124000
 20
313.72753900
 42
0.07663700
  0
VERTEX
  8
0
 10
993.95385700
 20
305.45544400
 42
0.11668500
  0
VERTEX
  8
0
 10
1004.49877900
 20
298.79492200
 42
0.08729000
  0
VERTEX
  8
0
 10
1019.09008800
 20
296.48632800
 42
0.09531400
  0
VERTEX
  8
0
 10
1025.31689400
 20
297.16101100
 42
0.22175300
  0
VERTEX
  8
0
 10
1030.91186500
 20
302.21228000
 42
0.19774400
  0
VERTEX
  8
0
 10
1031.00878900
 20
312.33190900
 42
0.06683600
  0
VERTEX
  8
0
 10
1029.00878900
 20
315.87109400
  0
SEQEND
  0
POLYLINE
  8
0
 66
   1
 39
0.000000
 70
    0
  0
VERTEX
  8
0
 10
1019.09008800
 20
296.48632800
 42
0.11492500
  0
VERTEX
  8
0
 10
1019.06201200
 20
302.12524400
 42
0.11683200
  0
VERTEX
  8
0
 10
1015.00854500
 20
310.17663600
 42
0.06770700
  0
VERTEX
  8
0
 10
1007.93359400
 20
316.59326200
 42
0.03330700
  0
VERTEX
  8
0
 10
999.04174800
 20
321.86132800
  0
SEQEND
  0
POLYLINE
  8
0
 66
   1
 39
0.000000
 70
    0
  0
VERTEX
  8
0
 10
1045.89282200
 20
295.60742200
 42
0.04762100
  0
VERTEX
  8
0
 10
1053.00854500
 20
292.10656700
 42
0.05759500
  0
VERTEX
  8
0
 10
1060.69799800
 20
290.16796900
 42
0.09363700
  0
VERTEX
  8
0
 10
1075.02001900
 20
291.15234400
  0
SEQEND
  0
POLYLINE
  8
0
 66
   1
 39
0.000000
 70
    0
  0
VERTEX
  8
0
 10
1106.82910100
 20
288.31738300
 42
-0.01454100
  0
VERTEX
  8
0
 10
1103.09936500
 20
292.89965800
 42
-0.05282200
  0
VERTEX
  8
0
 10
1098.07055600
 20
301.12939500
 42
-0.00181500
  0
VERTEX
  8
0
 10
1095.51953100
 20
306.56030300
 42
0.06910100
  0
VERTEX
  8
0
 10
1089.67114200
 20
315.61633300
 42
0.03827200
  0
VERTEX
  8
0
 10
1084.85717800
 20
320.40673800
 42
0.07234700
  0
VERTEX
  8
0
 10
1066.73315400
 20
331.82141100
 42
0.06606700
  0
VERTEX
  8
0
 10
1042.10766600
 20
339.05468800
  0
SEQEND
  0
POLYLINE
  8
0
 66
   1
 39
0.000000
 70
    0
  0
VERTEX
  8
0
 10
970.03051700
 20
71.47998100
 42
-0.09193800
  0
VERTEX
  8
0
 10
958.03857400
 20
87.47314500
 42
-0.06219100
  0
VERTEX
  8
0
 10
952.28198200
 20
103.96716300
 42
-0.02882200
  0
VERTEX
  8
0
 10
950.44824200
 20
115.78418000
  0
SEQEND
  0
POLYLINE
  8
0
 66
   1
 39
0.000000
 70
    0
  0
VERTEX
  8
0
 10
991.34521500
 20
60.32226600
 42
-0.10161500
  0
VERTEX
  8
0
 10
982.97705100
 20
64.66198700
 42
-0.15228400
  0
VERTEX
  8
0
 10
977.75170900
 20
72.50756800
 42
-0.10722300
  0
VERTEX
  8
0
 10
977.34082000
 20
78.23779300
  0
SEQEND
  0
POLYLINE
  8
0
 66
   1
 39
0.000000
 70
    0
  0
VERTEX
  8
0
 10
936.00073200
 20
106.92480500
 42
0.05010300
  0
VERTEX
  8
0
 10
936.33764600
 20
95.62182600
 42
0.14045200
  0
VERTEX
  8
0
 10
944.18261700
 20
77.52392600
 42
0.06291100
  0
VERTEX
  8
0
 10
949.81738300
 20
72.19995100
 42
0.18197300
  0
VERTEX
  8
0
 10
961.10717800
 20
69.05835000
 42
0.08842700
  0
VERTEX
  8
0
 10
970.03051700
 20
71.47998100
 42
0.09494800
  0
VERTEX
  8
0
 10
975.57177700
 20
75.71337900
 42
0.15348800
  0
VERTEX
  8
0
 10
978.95800800
 20
83.20605500
 42
0.09689700
  0
VERTEX
  8
0
 10
978.40185500
 20
90.77014200
 42
0.04846000
  0
VERTEX
  8
0
 10
975.38964800
 20
98.69043000
  0
SEQEND
  0
POLYLINE
  8
0
 66
   1
 39
0.000000
 70
    0
  0
VERTEX
  8
0
 10
932.78710900
 20
62.24462900
 42
0.08216200
  0
VERTEX
  8
0
 10
938.34375000
 20
64.18066400
 42
0.12914900
  0
VERTEX
  8
0
 10
943.31811500
 20
68.87219200
 42
0.23314200
  0
VERTEX
  8
0
 10
944.18261700
 20
77.52392600
  0
SEQEND
  0
POLYLINE
  8
0
 66
   1
 39
0.000000
 70
    0
  0
VERTEX
  8
0
 10
957.03979500
 20
69.19238300
 42
-0.07827200
  0
VERTEX
  8
0
 10
959.75830100
 20
64.19323700
 42
-0.23570600
  0
VERTEX
  8
0
 10
958.92529300
 20
57.35266100
 42
-0.08452200
  0
VERTEX
  8
0
 10
955.81445300
 20
54.03710900
 42
-0.13317100
  0
VERTEX
  8
0
 10
946.49951200
 20
55.67053200
 42
-0.12266600
  0
VERTEX
  8
0
 10
941.51025400
 20
59.72583000
 42
-0.12551600
  0
VERTEX
  8
0
 10
939.65136700
 20
64.18994200
 42
-0.02188800
  0
VERTEX
  8
0
 10
939.57299800
 20
64.95410200
  0
SEQEND
  0
POLYLINE
  8
0
 66
   1
 39
0.000000
 70
    0
  0
VERTEX
  8
0
 10
1605.02758800
 20
62.97607400
 42
0.00511500
  0
VERTEX
  8
0
 10
1607.11279300
 20
62.66894500
 42
0.00364600
  0
VERTEX
  8
0
 10
1609.58837900
 20
62.49157700
 42
0.20777600
  0
VERTEX
  8
0
 10
1728.78442400
 20
105.37988300
 42
0.07234200
  0
VERTEX
  8
0
 10
1754.14587400
 20
137.43652400
 42
0.07624900
  0
VERTEX
  8
0
 10
1769.03295900
 20
175.52050800
 42
0.06408900
  0
VERTEX
  8
0
 10
1772.05175800
 20
211.34204100
 42
0.06774500
  0
VERTEX
  8
0
 10
1765.64453100
 20
246.71093800
 42
0.16058800
  0
VERTEX
  8
0
 10
1718.27526800
 20
316.19531300
 42
0.09011000
  0
VERTEX
  8
0
 10
1673.27929700
 20
339.29052700
 42
0.06600700
  0
VERTEX
  8
0
 10
1630.78149400
 20
346.03186000
 42
0.04016500
  0
VERTEX
  8
0
 10
1606.77832000
 20
344.71630900
 42
0.05426100
  0
VERTEX
  8
0
 10
1552.99707000
 20
334.84021000
 42
0.03316200
  0
VERTEX
  8
0
 10
1525.32275400
 20
324.54052700
 42
0.01348300
  0
VERTEX
  8
0
 10
1509.49658200
 20
318.07324200
 42
0.04825000
  0
VERTEX
  8
0
 10
1444.37548800
 20
283.70971700
 42
0.02857400
  0
VERTEX
  8
0
 10
1414.26416000
 20
261.34521500
 42
-0.05012800
  0
VERTEX
  8
0
 10
1302.77050800
 20
172.99206600
 42
-0.02831200
  0
VERTEX
  8
0
 10
1241.19482400
 20
138.28125000
 42
-0.17522100
  0
VERTEX
  8
0
 10
1097.41723600
 20
120.62219200
 42
-0.03391300
  0
VERTEX
  8
0
 10
1069.19042900
 20
129.12304700
  0
SEQEND
  0
POLYLINE
  8
0
 66
   1
 39
0.000000
 70
    0
  0
VERTEX
  8
0
 10
1015.25976500
 20
134.89257800
 42
0.03019000
  0
VERTEX
  8
0
 10
1038.33471700
 20
121.24890100
 42
0.17244200
  0
VERTEX
  8
0
 10
1193.00927700
 20
100.67565900
 42
0.06388600
  0
VERTEX
  8
0
 10
1250.38085900
 20
120.77941900
 42
0.04796700
  0
VERTEX
  8
0
 10
1369.83349600
 20
196.09814500
 42
0.03018600
  0
VERTEX
  8
0
 10
1427.64990200
 20
246.67578100
 42
-0.04897000
  0
VERTEX
  8
0
 10
1486.19531200
 20
285.53564500
 42
-0.02743300
  0
VERTEX
  8
0
 10
1517.42382800
 20
299.98242200
 42
-0.01414700
  0
VERTEX
  8
0
 10
1533.02343700
 20
306.34863300
 42
-0.05503000
  0
VERTEX
  8
0
 10
1581.41699200
 20
321.58129900
 42
-0.03354900
  0
VERTEX
  8
0
 10
1608.81982400
 20
325.10742200
 42
-0.05124600
  0
VERTEX
  8
0
 10
1638.40930200
 20
325.91857900
 42
-0.05583300
  0
VERTEX
  8
0
 10
1667.49951200
 20
320.42871100
 42
-0.06355000
  0
VERTEX
  8
0
 10
1695.02905300
 20
308.26440400
 42
-0.06375800
  0
VERTEX
  8
0
 10
1717.79760700
 20
290.21313500
 42
-0.12379000
  0
VERTEX
  8
0
 10
1746.47070300
 20
241.09960900
 42
-0.06413500
  0
VERTEX
  8
0
 10
1752.05444300
 20
210.62512200
 42
-0.06796900
  0
VERTEX
  8
0
 10
1749.49218700
 20
179.72265600
 42
-0.07329100
  0
VERTEX
  8
0
 10
1736.69702100
 20
147.08288600
 42
-0.07500700
  0
VERTEX
  8
0
 10
1714.93872100
 20
119.59765600
 42
-0.04899000
  0
VERTEX
  8
0
 10
1691.51672300
 20
101.45202600
 42
-0.05314200
  0
VERTEX
  8
0
 10
1664.91894500
 20
88.43554700
 42
-0.18079200
  0
VERTEX
  8
0
 10
1606.09082000
 20
80.85449200
 42
-0.07546100
  0
VERTEX
  8
0
 10
1590.51904300
 20
88.00940000
 42
-0.07905700
  0
VERTEX
  8
0
 10
1577.85400400
 20
99.55371100
  0
SEQEND
  0
POLYLINE
  8
0
 66
   1
 39
0.000000
 70
    0
  0
VERTEX
  8
0
 10
1548.14355400
 20
230.28515600
 42
0.03857200
  0
VERTEX
  8
0
 10
1454.71337900
 20
173.06543000
 42
0.02392900
  0
VERTEX
  8
0
 10
1409.91528300
 20
137.23938000
 42
-0.03966900
  0
VERTEX
  8
0
 10
1349.30517600
 20
92.76074200
 42
-0.02305600
  0
VERTEX
  8
0
 10
1316.88501000
 20
74.71777400
  0
VERTEX
  8
0
 10
1524.24072200
 20
74.03320300
 42
-0.21806300
  0
VERTEX
  8
0
 10
1512.77612300
 20
130.43530300
 42
-0.21710100
  0
VERTEX
  8
0
 10
1547.90209900
 20
176.02929700
 42
-0.04007300
  0
VERTEX
  8
0
 10
1565.30859400
 20
183.52331600
 42
-0.05917200
  0
VERTEX
  8
0
 10
1583.85058600
 20
187.44055200
 42
-0.04553700
  0
VERTEX
  8
0
 10
1595.29174800
 20
187.42919900
 42
-0.15367300
  0
VERTEX
  8
0
 10
1626.70507800
 20
174.26184100
 42
-0.04290000
  0
VERTEX
  8
0
 10
1635.55688500
 20
165.36621100
 42
0.10008400
  0
VERTEX
  8
0
 10
1647.43847600
 20
180.80212400
 42
0.17527300
  0
VERTEX
  8
0
 10
1650.99633800
 20
213.16540500
 42
0.17138800
  0
VERTEX
  8
0
 10
1633.22387700
 20
240.46093800
 42
0.15498300
  0
VERTEX
  8
0
 10
1604.60986300
 20
250.80468800
 42
0.06488800
  0
VERTEX
  8
0
 10
1574.99902300
 20
244.34204100
 42
0.06897300
  0
VERTEX
  8
0
 10
1548.14697200
 20
230.28710900
  0
SEQEND
  0
POLYLINE
  8
0
 66
   1
 39
0.000000
 70
    0
  0
VERTEX
  8
0
 10
1437.83984400
 20
101.82910200
 42
-0.07238200
  0
VERTEX
  8
0
 10
1436.71606400
 20
104.63867200
 42
-0.18489300
  0
VERTEX
  8
0
 10
1437.34667900
 20
109.47802700
 42
-0.12862500
  0
VERTEX
  8
0
 10
1440.53588800
 20
112.89379900
 42
-0.21591400
  0
VERTEX
  8
0
 10
1453.83667000
 20
114.74804700
 42
-0.15805600
  0
VERTEX
  8
0
 10
1459.46679700
 20
110.89355500
 42
-0.14780700
  0
VERTEX
  8
0
 10
1461.01220700
 20
106.37451200
 42
-0.20059100
  0
VERTEX
  8
0
 10
1457.58227500
 20
97.25952200
 42
-0.12367400
  0
VERTEX
  8
0
 10
1453.12304700
 20
94.40820300
 42
-0.06843500
  0
VERTEX
  8
0
 10
1446.87646500
 20
92.94860800
 42
-0.04007100
  0
VERTEX
  8
0
 10
1439.98559600
 20
92.85986300
 42
-0.08996800
  0
VERTEX
  8
0
 10
1429.03320300
 20
95.61779800
 42
-0.22759900
  0
VERTEX
  8
0
 10
1418.99072200
 20
107.61193900
 42
-0.07115300
  0
VERTEX
  8
0
 10
1418.17260700
 20
115.16076700
 42
-0.05222200
  0
VERTEX
  8
0
 10
1419.22094700
 20
122.68115200
 42
-0.05999800
  0
VERTEX
  8
0
 10
1422.98535100
 20
130.67858900
 42
-0.08432000
  0
VERTEX
  8
0
 10
1434.57421900
 20
143.67993200
 42
-0.06090900
  0
VERTEX
  8
0
 10
1446.77441400
 20
151.20886200
 42
-0.07351200
  0
VERTEX
  8
0
 10
1460.81274400
 20
155.31396500
 42
-0.07215300
  0
VERTEX
  8
0
 10
1469.72192400
 20
155.26159700
 42
-0.01841700
  0
VERTEX
  8
0
 10
1473.67211900
 20
154.51525900
 42
-0.08943500
  0
VERTEX
  8
0
 10
1482.27343700
 20
150.85986300
 42
-0.07810900
  0
VERTEX
  8
0
 10
1485.11499000
 20
148.28540000
 42
0.00636500
  0
VERTEX
  8
0
 10
1485.14355400
 20
148.25061000
 42
-0.21177600
  0
VERTEX
  8
0
 10
1487.09619100
 20
141.54345700
 42
-0.14972400
  0
VERTEX
  8
0
 10
1485.54443300
 20
137.96777400
 42
-0.23421600
  0
VERTEX
  8
0
 10
1477.36279300
 20
134.46972700
  0
SEQEND
  0
POLYLINE
  8
0
 66
   1
 39
0.000000
 70
    0
  0
VERTEX
  8
0
 10
1455.51806600
 20
114.19238300
 42
0.19272700
  0
VERTEX
  8
0
 10
1461.98364200
 20
115.21337900
 42
0.07449000
  0
VERTEX
  8
0
 10
1464.25195300
 20
117.07092300
 42
0.12752700
  0
VERTEX
  8
0
 10
1465.61157200
 20
119.66845700
 42
0.09730500
  0
VERTEX
  8
0
 10
1465.53393500
 20
122.77880900
 42
0.14652100
  0
VERTEX
  8
0
 10
1463.75537100
 20
125.95935100
 42
0.12077300
  0
VERTEX
  8
0
 10
1458.50781200
 20
129.03149400
 42
0.14974000
  0
VERTEX
  8
0
 10
1442.58667000
 20
128.90429700
 42
0.06032500
  0
VERTEX
  8
0
 10
1437.93627900
 20
126.90185600
 42
0.25888700
  0
VERTEX
  8
0
 10
1426.70385700
 20
108.03540000
 42
0.10730300
  0
VERTEX
  8
0
 10
1428.06811500
 20
100.68359400
  0
SEQEND
  0
POLYLINE
  8
0
 66
   1
 39
0.000000
 70
    0
  0
VERTEX
  8
0
 10
1464.73950200
 20
124.07470700
 42
0.06982100
  0
VERTEX
  8
0
 10
1471.09643500
 20
124.81713900
 42
0.09754200
  0
VERTEX
  8
0
 10
1474.48779300
 20
126.45605500
 42
0.17400900
  0
VERTEX
  8
0
 10
1477.48632800
 20
131.05029300
 42
0.22683400
  0
VERTEX
  8
0
 10
1476.32983400
 20
136.41320800
 42
0.06391200
  0
VERTEX
  8
0
 10
1474.77294900
 20
137.96875000
 42
0.08322400
  0
VERTEX
  8
0
 10
1468.31616200
 20
141.42431700
 42
0.08833700
  0
VERTEX
  8
0
 10
1456.22753900
 20
143.23999000
 42
0.11751400
  0
VERTEX
  8
0
 10
1431.64794900
 20
136.67236300
 42
0.06623000
  0
VERTEX
  8
0
 10
1423.26586900
 20
130.59521500
  0
SEQEND
  0
POLYLINE
  8
0
 66
   1
 39
0.000000
 70
    0
  0
VERTEX
  8
0
 10
1487.05786100
 20
143.72949200
 42
0.09711900
  0
VERTEX
  8
0
 10
1492.92260700
 20
143.56469700
 42
0.13733800
  0
VERTEX
  8
0
 10
1498.23437500
 20
146.05603000
 42
0.09513900
  0
VERTEX
  8
0
 10
1500.24511700
 20
148.59619200
 42
0.20826700
  0
VERTEX
  8
0
 10
1500.67626900
 20
154.80773900
 42
0.11184500
  0
VERTEX
  8
0
 10
1498.46264600
 20
158.30639700
 42
0.06230200
  0
VERTEX
  8
0
 10
1495.19091800
 20
160.84326200
 42
0.09154500
  0
VERTEX
  8
0
 10
1482.03515600
 20
164.06103500
 42
0.07928700
  0
VERTEX
  8
0
 10
1468.56054700
 20
162.69653300
 42
0.05890500
  0
VERTEX
  8
0
 10
1455.97290000
 20
157.71508800
 42
0.04475600
  0
VERTEX
  8
0
 10
1444.64770500
 20
150.23046900
  0
SEQEND
  0
POLYLINE
  8
0
 66
   1
 39
0.000000
 70
    0
  0
VERTEX
  8
0
 10
1500.83056600
 20
151.25927700
 42
0.06753200
  0
VERTEX
  8
0
 10
1508.76586900
 20
152.32092300
 42
0.11694800
  0
VERTEX
  8
0
 10
1512.70117200
 20
154.47460900
 42
0.08761300
  0
VERTEX
  8
0
 10
1514.89965800
 20
157.87158200
 42
0.14547400
  0
VERTEX
  8
0
 10
1515.34716800
 20
161.89306700
 42
0.09462600
  0
VERTEX
  8
0
 10
1514.00537100
 20
165.38574200
 42
0.07413400
  0
VERTEX
  8
0
 10
1511.34033200
 20
168.52722200
 42
0.17690200
  0
VERTEX
  8
0
 10
1495.82690400
 20
174.52758800
 42
0.02449600
  0
VERTEX
  8
0
 10
1494.25219700
 20
174.47998100
 42
0.07433700
  0
VERTEX
  8
0
 10
1483.09887700
 20
173.32898000
 42
0.05417200
  0
VERTEX
  8
0
 10
1472.60302700
 20
169.38452200
 42
0.03818900
  0
VERTEX
  8
0
 10
1463.37255800
 20
163.80102500
 42
0.01655300
  0
VERTEX
  8
0
 10
1455.28857400
 20
157.61132800
  0
SEQEND
  0
POLYLINE
  8
0
 66
   1
 39
0.000000
 70
    0
  0
VERTEX
  8
0
 10
1564.66259700
 20
198.51562500
 42
0.08104400
  0
VERTEX
  8
0
 10
1574.76953100
 20
201.30810600
 42
0.12634800
  0
VERTEX
  8
0
 10
1585.25219700
 20
209.83227500
 42
0.08937200
  0
VERTEX
  8
0
 10
1588.31420900
 20
216.03759800
 42
0.04690200
  0
VERTEX
  8
0
 10
1582.27075200
 20
217.34863300
 42
0.15355600
  0
VERTEX
  8
0
 10
1557.47290000
 20
212.71191400
  0
SEQEND
  0
POLYLINE
  8
0
 66
   1
 39
0.000000
 70
    0
  0
VERTEX
  8
0
 10
1543.95385700
 20
186.33593800
 42
0.09286700
  0
VERTEX
  8
0
 10
1560.75000000
 20
186.74194300
 42
0.08530200
  0
VERTEX
  8
0
 10
1575.89038100
 20
192.62548800
 42
0.07910800
  0
VERTEX
  8
0
 10
1567.94067400
 20
197.34204100
 42
0.05275800
  0
VERTEX
  8
0
 10
1559.03710900
 20
199.82690400
 42
0.04460300
  0
VERTEX
  8
0
 10
1548.60424800
 20
200.63794000
 42
0.03352500
  0
VERTEX
  8
0
 10
1537.33105400
 20
199.75000000
  0
SEQEND
  0
POLYLINE
  8
0
 66
   1
 39
0.000000
 70
    0
  0
VERTEX
  8
0
 10
1170.70459000
 20
339.10839900
 42
0.03249800
  0
VERTEX
  8
0
 10
1184.79077100
 20
340.13000500
 42
0.06541500
  0
VERTEX
  8
0
 10
1199.87255800
 20
344.27185100
 42
0.05787700
  0
VERTEX
  8
0
 10
1205.33056600
 20
347.35546900
 42
0.13290100
  0
VERTEX
  8
0
 10
1197.43896500
 20
352.08984400
 42
0.08273500
  0
VERTEX
  8
0
 10
1191.04443300
 20
352.80664100
 42
0.05902200
  0
VERTEX
  8
0
 10
1182.14697200
 20
351.26660200
  0
SEQEND
  0
POLYLINE
  8
0
 66
   1
 39
0.000000
 70
    0
  0
VERTEX
  8
0
 10
1200.41259700
 20
317.09472700
 42
-0.09148700
  0
VERTEX
  8
0
 10
1199.25073200
 20
313.50073300
 42
-0.17050400
  0
VERTEX
  8
0
 10
1194.58081000
 20
309.25573700
 42
-0.06973100
  0
VERTEX
  8
0
 10
1190.64550800
 20
308.20556700
 42
-0.07116000
  0
VERTEX
  8
0
 10
1183.36523400
 20
308.35498100
 42
-0.08789200
  0
VERTEX
  8
0
 10
1174.01562500
 20
311.71386700
  0
SEQEND
  0
POLYLINE
  8
0
 66
   1
 39
0.000000
 70
    0
  0
VERTEX
  8
0
 10
1161.38183600
 20
304.10937500
 42
0.06060000
  0
VERTEX
  8
0
 10
1165.13403300
 20
296.22351100
 42
0.17165800
  0
VERTEX
  8
0
 10
1177.83154300
 20
286.25341800
 42
0.06659100
  0
VERTEX
  8
0
 10
1180.01293900
 20
290.95239300
 42
0.16005000
  0
VERTEX
  8
0
 10
1179.84716800
 20
301.48620600
 42
0.05036800
  0
VERTEX
  8
0
 10
1178.28613300
 20
304.85607900
 42
0.05562500
  0
VERTEX
  8
0
 10
1173.52954100
 20
311.17089900
  0
SEQEND
  0
POLYLINE
  8
0
 66
   1
 39
0.000000
 70
    0
  0
VERTEX
  8
0
 10
1064.55175800
 20
188.97558600
 42
0.08584400
  0
VERTEX
  8
0
 10
1078.91113300
 20
191.41503900
 42
0.09950300
  0
VERTEX
  8
0
 10
1089.84667900
 20
197.93884300
 42
0.09806500
  0
VERTEX
  8
0
 10
1095.56542900
 20
205.63513200
 42
0.17011300
  0
VERTEX
  8
0
 10
1096.87768500
 20
217.91113300
 42
0.08123100
  0
VERTEX
  8
0
 10
1081.65185500
 20
220.32531700
 42
0.10713000
  0
VERTEX
  8
0
 10
1066.60180600
 20
216.98693900
 42
0.06706600
  0
VERTEX
  8
0
 10
1061.26171900
 20
213.59668000
  0
SEQEND
  0
POLYLINE
  8
0
 66
   1
 39
0.000000
 70
    0
  0
VERTEX
  8
0
 10
1011.78515600
 20
370.38378900
 42
-0.16768000
  0
VERTEX
  8
0
 10
1026.23144500
 20
379.38488800
 42
-0.05082300
  0
VERTEX
  8
0
 10
1034.63330100
 20
380.42651400
 42
-0.02978000
  0
VERTEX
  8
0
 10
1041.30664000
 20
380.17431700
 42
-0.02173000
  0
VERTEX
  8
0
 10
1047.81176700
 20
379.25293000
 42
-0.02988900
  0
VERTEX
  8
0
 10
1028.63134700
 20
365.40881400
 42
-0.11112800
  0
VERTEX
  8
0
 10
962.92553700
 20
341.86389200
 42
-0.02364600
  0
VERTEX
  8
0
 10
945.48632800
 20
340.54541000
  0
VERTEX
  8
0
 10
945.12695300
 20
340.53710900
  0
VERTEX
  8
0
 10
945.48632800
 20
340.54541000
 42
0.01716500
  0
VERTEX
  8
0
 10
977.30249000
 20
342.14099100
 42
0.03243400
  0
VERTEX
  8
0
 10
1020.50195300
 20
348.63830600
 42
0.02689800
  0
VERTEX
  8
0
 10
1043.49365200
 20
354.95019500
  0
SEQEND
  0
POLYLINE
  8
0
 66
   1
 39
0.000000
 70
    0
  0
VERTEX
  8
0
 10
1107.97143500
 20
48.40234400
  0
VERTEX
  8
0
 10
1613.62792900
 20
48.40234400
  0
SEQEND
  0
POLYLINE
  8
0
 66
   1
 39
0.000000
 70
    0
  0
VERTEX
  8
0
 10
1514.47705100
 20
458.14843800
 42
0.02371600
  0
VERTEX
  8
0
 10
1530.38452100
 20
466.33996600
 42
0.06840800
  0
VERTEX
  8
0
 10
1546.56982400
 20
478.89074700
 42
0.00512300
  0
VERTEX
  8
0
 10
1550.87255800
 20
483.37793000
  0
SEQEND
  0
POLYLINE
  8
0
 66
   1
 39
0.000000
 70
    0
  0
VERTEX
  8
0
 10
1495.29296900
 20
470.08593800
 42
0.05358300
  0
VERTEX
  8
0
 10
1505.67211900
 20
478.20019500
 42
0.15939400
  0
VERTEX
  8
0
 10
1517.78759700
 20
501.24218800
  0
SEQEND
  0
POLYLINE
  8
0
 66
   1
 39
0.000000
 70
    0
  0
VERTEX
  8
0
 10
1467.61157200
 20
466.16992200
 42
0.13280300
  0
VERTEX
  8
0
 10
1473.73632800
 20
497.85791000
 42
0.05579200
  0
VERTEX
  8
0
 10
1470.69531200
 20
514.14453100
  0
SEQEND
  0
POLYLINE
  8
0
 66
   1
 39
0.000000
 70
    0
  0
VERTEX
  8
0
 10
1523.16626000
 20
196.01562500
 42
0.03824000
  0
VERTEX
  8
0
 10
1533.15771500
 20
200.16943400
 42
0.13433700
  0
VERTEX
  8
0
 10
1564.33300800
 20
228.49340800
 42
0.03397800
  0
VERTEX
  8
0
 10
1568.64575200
 20
236.42089900
 42
-0.06346900
  0
VERTEX
  8
0
 10
1572.53857400
 20
235.76550300
 42
-0.16578700
  0
VERTEX
  8
0
 10
1577.83837900
 20
231.96398900
 42
-0.13932600
  0
VERTEX
  8
0
 10
1579.31396500
 20
227.83374000
 42
-0.18503700
  0
VERTEX
  8
0
 10
1576.96191400
 20
220.22241200
 42
-0.06432700
  0
VERTEX
  8
0
 10
1574.25659200
 20
217.56347700
  0
SEQEND
  0
POLYLINE
  8
0
 66
   1
 39
0.000000
 70
    0
  0
VERTEX
  8
0
 10
1529.66308600
 20
169.52441400
 42
0.07329200
  0
VERTEX
  8
0
 10
1536.46508800
 20
170.94763200
 42
0.11252900
  0
VERTEX
  8
0
 10
1542.29052700
 20
174.73645000
 42
0.08767200
  0
VERTEX
  8
0
 10
1544.40795900
 20
177.86425800
 42
0.20823000
  0
VERTEX
  8
0
 10
1544.47729500
 20
185.10144100
 42
0.09426900
  0
VERTEX
  8
0
 10
1541.70483400
 20
189.25097700
 42
0.05294800
  0
VERTEX
  8
0
 10
1537.84960900
 20
192.41992200
 42
0.04937800
  0
VERTEX
  8
0
 10
1532.52392600
 20
194.58435100
 42
0.10269700
  0
VERTEX
  8
0
 10
1518.15087900
 20
195.77392600
 42
0.08991900
  0
VERTEX
  8
0
 10
1500.28271500
 20
190.21801800
 42
0.00241900
  0
VERTEX
  8
0
 10
1498.95019500
 20
189.51428200
 42
0.06357500
  0
VERTEX
  8
0
 10
1488.73950200
 20
182.25683600
  0
SEQEND
  0
POLYLINE
  8
0
 66
   1
 39
0.000000
 70
    0
  0
VERTEX
  8
0
 10
1514.99462900
 20
161.78808600
 42
0.06228800
  0
VERTEX
  8
0
 10
1520.02343700
 20
161.74255400
 42
0.10355600
  0
VERTEX
  8
0
 10
1525.44360300
 20
163.54895000
 42
0.31082100
  0
VERTEX
  8
0
 10
1529.72192400
 20
172.63684100
 42
0.15723200
  0
VERTEX
  8
0
 10
1526.46582000
 20
178.97424300
 42
0.08524400
  0
VERTEX
  8
0
 10
1520.64331000
 20
183.08056700
 42
0.09034500
  0
VERTEX
  8
0
 10
1509.90429700
 20
185.98278800
 42
0.07007500
  0
VERTEX
  8
0
 10
1498.79736300
 20
185.35815400
 42
0.15343400
  0
VERTEX
  8
0
 10
1471.14892600
 20
170.23205600
 42
0.02844600
  0
VERTEX
  8
0
 10
1468.47290000
 20
167.11132800
  0
SEQEND
  0
POLYLINE
  8
0
 66
   1
 39
0.000000
 70
    0
  0
VERTEX
  8
0
 10
1040.81323200
 20
154.90234400
 42
0.27548300
  0
VERTEX
  8
0
 10
1035.16479500
 20
174.67517100
 42
0.23498395
  0
VERTEX
  8
0
 10
1017.33403825
 20
180.06036736
 42
0.23498395
  0
VERTEX
  8
0
 10
1002.28222600
 20
169.08862300
 42
0.17893000
  0
VERTEX
  8
0
 10
1000.49609400
 20
154.87988300
 42
0.16756100
  0
VERTEX
  8
0
 10
1010.42553700
 20
139.24218800
 42
0.13041100
  0
VERTEX
  8
0
 10
1027.35839800
 20
131.74841300
 42
0.12624500
  0
VERTEX
  8
0
 10
1045.80200200
 20
133.48632800
 42
0.22430200
  0
VERTEX
  8
0
 10
1066.90429700
 20
153.82812500
 42
0.28085200
  0
VERTEX
  8
0
 10
1060.10546900
 20
189.03076200
 42
0.16306200
  0
VERTEX
  8
0
 10
1040.33935500
 20
200.06738300
 42
0.02665600
  0
VERTEX
  8
0
 10
1033.92822200
 20
200.91943400
 42
0.05987600
  0
VERTEX
  8
0
 10
1014.27490200
 20
198.58386200
 42
0.11943700
  0
VERTEX
  8
0
 10
990.88037100
 20
186.53344700
 42
0.06618700
  0
VERTEX
  8
0
 10
982.49267600
 20
177.07031300
 42
0.00097700
  0
VERTEX
  8
0
 10
982.20751900
 20
176.64538600
 42
0.17149600
  0
VERTEX
  8
0
 10
973.92944300
 20
144.15478500
 42
0.06609500
  0
VERTEX
  8
0
 10
976.34228500
 20
133.47558600
 42
0.06981600
  0
VERTEX
  8
0
 10
987.60083000
 20
113.36218300
 42
0.06709800
  0
VERTEX
  8
0
 10
1007.28637700
 20
93.61010800
 42
0.03503700
  0
VERTEX
  8
0
 10
1023.91064400
 20
82.64599600
 42
0.03568400
  0
VERTEX
  8
0
 10
1045.24340800
 20
72.55957000
 42
0.04607200
  0
VERTEX
  8
0
 10
1085.37304700
 20
61.09619200
 42
0.02003000
  0
VERTEX
  8
0
 10
1107.68994100
 20
57.81201200
 42
0.04228300
  0
VERTEX
  8
0
 10
1151.96435500
 20
56.85839900
 42
0.04272300
  0
VERTEX
  8
0
 10
1201.92675800
 20
63.17712400
 42
0.03854600
  0
VERTEX
  8
0
 10
1250.20947200
 20
77.49316400
 42
0.03444600
  0
VERTEX
  8
0
 10
1298.81054700
 20
100.02783200
 42
0.02059900
  0
VERTEX
  8
0
 10
1335.33447200
 20
122.13085900
 42
0.01293600
  0
VERTEX
  8
0
 10
1360.93261700
 20
140.07019100
 42
0.00924000
  0
VERTEX
  8
0
 10
1385.19238300
 20
158.72753900
 42
0.01052100
  0
VERTEX
  8
0
 10
1409.32836900
 20
175.72241200
 42
0.00241200
  0
VERTEX
  8
0
 10
1433.12475600
 20
193.41650400
 42
-0.00148300
  0
VERTEX
  8
0
 10
1456.99023400
 20
211.23132300
 42
-0.00942800
  0
VERTEX
  8
0
 10
1481.33105400
 20
228.58703600
 42
-0.01319200
  0
VERTEX
  8
0
 10
1506.55371100
 20
244.90332000
 42
-0.03436400
  0
VERTEX
  8
0
 10
1550.15429700
 20
267.55273400
 42
-0.03942800
  0
VERTEX
  8
0
 10
1591.57885700
 20
281.81543000
 42
-0.03659900
  0
VERTEX
  8
0
 10
1613.98584000
 20
284.20373500
 42
-0.04566800
  0
VERTEX
  8
0
 10
1633.79260200
 20
283.04895000
 42
-0.05138200
  0
VERTEX
  8
0
 10
1652.33776800
 20
278.27014200
 42
-0.10265300
  0
VERTEX
  8
0
 10
1677.58593700
 20
262.45971700
 42
-0.05464800
  0
VERTEX
  8
0
 10
1686.96728500
 20
251.26648000
 42
-0.09832400
  0
VERTEX
  8
0
 10
1697.89257800
 20
224.86499000
 42
-0.09638500
  0
VERTEX
  8
0
 10
1698.02111800
 20
193.97192400
 42
-0.17665500
  0
VERTEX
  8
0
 10
1667.80761700
 20
143.30566400
 42
-0.04690400
  0
VERTEX
  8
0
 10
1653.05102500
 20
133.43286100
 42
-0.04307300
  0
VERTEX
  8
0
 10
1636.76660100
 20
126.35839900
  0
VERTEX
  8
0
 10
1626.53002900
 20
122.92334000
  0
VERTEX
  8
0
 10
1636.76660100
 20
126.35839900
 42
0.04307300
  0
VERTEX
  8
0
 10
1653.05102500
 20
133.43286100
 42
0.04690400
  0
VERTEX
  8
0
 10
1667.80761700
 20
143.30566400
 42
0.17665500
  0
VERTEX
  8
0
 10
1698.02111800
 20
193.97192400
 42
0.09638500
  0
VERTEX
  8
0
 10
1697.89257800
 20
224.86499000
 42
0.09832400
  0
VERTEX
  8
0
 10
1686.96728500
 20
251.26648000
 42
0.05464800
  0
VERTEX
  8
0
 10
1677.58593700
 20
262.45971700
 42
0.10265300
  0
VERTEX
  8
0
 10
1652.33776800
 20
278.27014200
 42
0.05138200
  0
VERTEX
  8
0
 10
1633.79260200
 20
283.04895000
 42
0.04566800
  0
VERTEX
  8
0
 10
1613.98584000
 20
284.20373500
 42
0.03659900
  0
VERTEX
  8
0
 10
1591.57885700
 20
281.81543000
 42
0.03942800
  0
VERTEX
  8
0
 10
1550.15429700
 20
267.55273400
 42
0.03436400
  0
VERTEX
  8
0
 10
1506.55371100
 20
244.90332000
 42
0.01319200
  0
VERTEX
  8
0
 10
1481.33105400
 20
228.58703600
 42
0.00942800
  0
VERTEX
  8
0
 10
1456.99023400
 20
211.23132300
 42
0.00148300
  0
VERTEX
  8
0
 10
1433.12475600
 20
193.41650400
 42
-0.00241200
  0
VERTEX
  8
0
 10
1409.32836900
 20
175.72241200
 42
-0.01052100
  0
VERTEX
  8
0
 10
1385.19238300
 20
158.72753900
 42
-0.00924000
  0
VERTEX
  8
0
 10
1360.93261700
 20
140.07019100
 42
-0.01293600
  0
VERTEX
  8
0
 10
1335.33447200
 20
122.13085900
 42
-0.02059900
  0
VERTEX
  8
0
 10
1298.81054700
 20
100.02783200
 42
-0.03444600
  0
VERTEX
  8
0
 10
1250.20947200
 20
77.49316400
 42
-0.03854600
  0
VERTEX
  8
0
 10
1201.92675800
 20
63.17712400
 42
-0.04272300
  0
VERTEX
  8
0
 10
1151.96435500
 20
56.85839900
 42
-0.02962700
  0
VERTEX
  8
0
 10
1120.25463800
 20
56.79785200
  0
VERTEX
  8
0
 10
1119.69726500
 20
56.31738300
 42
-0.05472000
  0
VERTEX
  8
0
 10
1107.97167900
 20
48.40185600
  0
VERTEX
  8
0
 10
1611.04418900
 20
48.40234400
  0
VERTEX
  8
0
 10
1611.04418900
 20
48.83789100
 42
-0.02357100
  0
VERTEX
  8
0
 10
1599.09228500
 20
51.54907200
 42
-0.05263200
  0
VERTEX
  8
0
 10
1578.33935500
 20
59.72631800
 42
-0.09119900
  0
VERTEX
  8
0
 10
1555.91967800
 20
77.21289100
 42
-0.16295600
  0
VERTEX
  8
0
 10
1544.29931600
 20
110.72094700
 42
-0.15600600
  0
VERTEX
  8
0
 10
1554.72827100
 20
144.14257800
 42
-0.15838300
  0
VERTEX
  8
0
 10
1578.58715800
 20
158.41870100
 42
-0.15269800
  0
VERTEX
  8
0
 10
1606.30639600
 20
156.25244200
 42
-0.15958500
  0
VERTEX
  8
0
 10
1621.89721700
 20
142.92114300
 42
-0.16201100
  0
VERTEX
  8
0
 10
1626.48681600
 20
122.92773400
  0
SEQEND
  0
POLYLINE
  8
0
 66
   1
 39
0.000000
 70
    0
  0
VERTEX
  8
0
 10
1073.41699200
 20
510.41711400
 42
-0.17613200
  0
VERTEX
  8
0
 10
1207.86645500
 20
524.47607400
 42
-0.06011300
  0
VERTEX
  8
0
 10
1253.19116200
 20
507.17871100
 42
-0.06571800
  0
VERTEX
  8
0
 10
1290.18139600
 20
480.75085500
 42
-0.11301400
  0
VERTEX
  8
0
 10
1332.17382800
 20
418.59472700
 42
-0.07657900
  0
VERTEX
  8
0
 10
1345.04248000
 20
360.54907200
 42
-0.07921900
  0
VERTEX
  8
0
 10
1339.52294900
 20
301.31005900
 42
-0.17819500
  0
VERTEX
  8
0
 10
1264.73046900
 20
190.00817900
 42
-0.00129200
  0
VERTEX
  8
0
 10
1263.77709900
 20
189.32177700
 42
-0.04926700
  0
VERTEX
  8
0
 10
1226.99633800
 20
167.31567400
 42
-0.02772800
  0
VERTEX
  8
0
 10
1207.40234400
 20
159.37011700
 42
-0.08036200
  0
VERTEX
  8
0
 10
1123.96020500
 20
144.24609400
 42
-0.05829000
  0
VERTEX
  8
0
 10
1065.18457000
 20
149.99609400
  0
SEQEND
  0
POLYLINE
  8
0
 66
   1
 39
0.000000
 70
    0
  0
VERTEX
  8
0
 10
1051.83178700
 20
342.29394500
 42
-0.03376200
  0
VERTEX
  8
0
 10
1023.26001000
 20
335.87463400
 42
-0.04085300
  0
VERTEX
  8
0
 10
977.08911100
 20
332.55212400
 42
-0.02198600
  0
VERTEX
  8
0
 10
945.18701200
 20
334.26953100
  0
SEQEND
  0
POLYLINE
  8
0
 66
   1
 39
0.000000
 70
    0
  0
VERTEX
  8
0
 10
943.85009700
 20
329.72168000
 42
-0.00425600
  0
VERTEX
  8
0
 10
955.72460900
 20
327.74987800
 42
0.00434200
  0
VERTEX
  8
0
 10
975.51464800
 20
324.46752900
 42
0.01454100
  0
VERTEX
  8
0
 10
991.63183600
 20
322.41601600
 42
0.00932200
  0
VERTEX
  8
0
 10
1006.00952100
 20
321.28198300
 42
-0.01249700
  0
VERTEX
  8
0
 10
1020.34887700
 20
320.05932600
 42
-0.02827400
  0
VERTEX
  8
0
 10
1035.96923800
 20
317.43261700
 42
-0.08642700
  0
VERTEX
  8
0
 10
1055.81640600
 20
309.14502000
 42
-0.09268200
  0
VERTEX
  8
0
 10
1075.02001900
 20
291.15234400
 42
0.08520900
  0
VERTEX
  8
0
 10
1077.47827100
 20
285.58496100
 42
0.09417900
  0
VERTEX
  8
0
 10
1088.09863300
 20
274.71069300
 42
0.22035400
  0
VERTEX
  8
0
 10
1114.66943300
 20
269.99536100
 42
0.09106600
  0
VERTEX
  8
0
 10
1120.35546900
 20
272.67041000
 42
0.25608300
  0
VERTEX
  8
0
 10
1124.53344700
 20
281.36389200
 42
0.15134400
  0
VERTEX
  8
0
 10
1122.93359400
 20
285.69628900
 42
0.09677800
  0
VERTEX
  8
0
 10
1120.44604500
 20
287.89160200
 42
0.16009200
  0
VERTEX
  8
0
 10
1111.44091800
 20
289.83496100
 42
0.14481600
  0
VERTEX
  8
0
 10
1104.65551700
 20
287.02551300
 42
0.24433000
  0
VERTEX
  8
0
 10
1101.71875000
 20
280.29431200
 42
0.15951900
  0
VERTEX
  8
0
 10
1102.88085900
 20
277.41894500
 42
0.11859800
  0
VERTEX
  8
0
 10
1105.14990200
 20
275.74523900
 42
0.07807300
  0
VERTEX
  8
0
 10
1110.54101500
 20
274.40625000
  0
SEQEND
  0
POLYLINE
  8
0
 66
   1
 39
0.000000
 70
    0
  0
VERTEX
  8
0
 10
1609.26025400
 20
99.22656300
 42
0.03510900
  0
VERTEX
  8
0
 10
1628.18847600
 20
101.59619200
 42
0.04018800
  0
VERTEX
  8
0
 10
1646.51562500
 20
106.76562500
 42
0.03179300
  0
VERTEX
  8
0
 10
1661.19921900
 20
113.07922400
 42
0.03690900
  0
VERTEX
  8
0
 10
1674.89184600
 20
121.35253900
 42
0.05321900
  0
VERTEX
  8
0
 10
1692.95166000
 20
136.99987800
 42
0.05840700
  0
VERTEX
  8
0
 10
1707.09960900
 20
156.24658200
 42
0.06635500
  0
VERTEX
  8
0
 10
1718.00793400
 20
182.51110800
 42
0.07037400
  0
VERTEX
  8
0
 10
1721.42993100
 20
210.78125000
 42
0.04466800
  0
VERTEX
  8
0
 10
1719.59179700
 20
228.71154800
 42
0.04945400
  0
VERTEX
  8
0
 10
1714.44726500
 20
245.94726600
 42
0.05316200
  0
VERTEX
  8
0
 10
1705.22253400
 20
263.44128400
 42
0.05703200
  0
VERTEX
  8
0
 10
1692.40185500
 20
278.49609400
 42
0.04241600
  0
VERTEX
  8
0
 10
1679.52587900
 20
288.74304200
 42
0.04692300
  0
VERTEX
  8
0
 10
1665.03173800
 20
296.54101600
 42
0.06025400
  0
VERTEX
  8
0
 10
1639.85009700
 20
304.02929700
 42
0.04807000
  0
VERTEX
  8
0
 10
1614.35351500
 20
305.89062500
 42
0.04117200
  0
VERTEX
  8
0
 10
1586.72631800
 20
302.96728500
 42
0.01641400
  0
VERTEX
  8
0
 10
1566.49633800
 20
297.06433100
 42
0.02009400
  0
VERTEX
  8
0
 10
1546.72363300
 20
289.68945300
 42
0.02968100
  0
VERTEX
  8
0
 10
1508.67089800
 20
271.28710900
 42
0.01929500
  0
VERTEX
  8
0
 10
1477.34472600
 20
252.15527400
 42
0.01101400
  0
VERTEX
  8
0
 10
1449.92065400
 20
233.05273400
  0
VERTEX
  8
0
 10
1446.99145500
 20
230.91162100
  0
VERTEX
  8
0
 10
1444.06616200
 20
228.76562500
  0
VERTEX
  8
0
 10
1441.14477500
 20
226.61425800
  0
VERTEX
  8
0
 10
1438.22753900
 20
224.45703100
  0
VERTEX
  8
0
 10
1435.31420900
 20
222.29492200
  0
VERTEX
  8
0
 10
1432.40502900
 20
220.12793000
  0
VERTEX
  8
0
 10
1429.50000000
 20
217.95507800
  0
VERTEX
  8
0
 10
1426.59887700
 20
215.77734400
  0
VERTEX
  8
0
 10
1423.70190400
 20
213.59423800
  0
VERTEX
  8
0
 10
1420.06494100
 20
210.85253900
  0
VERTEX
  8
0
 10
1416.42285100
 20
208.11718800
  0
VERTEX
  8
0
 10
1412.77612300
 20
205.38769500
  0
VERTEX
  8
0
 10
1409.12451200
 20
202.66503900
  0
VERTEX
  8
0
 10
1405.46826200
 20
199.94824200
  0
VERTEX
  8
0
 10
1401.80688500
 20
197.23779300
  0
VERTEX
  8
0
 10
1398.08667000
 20
194.49328600
 42
-0.01048500
  0
VERTEX
  8
0
 10
1372.03735300
 20
176.12329100
 42
-0.00436100
  0
VERTEX
  8
0
 10
1360.64770500
 20
167.16223200
 42
-0.01752900
  0
VERTEX
  8
0
 10
1324.09179700
 20
140.80273400
 42
-0.02259500
  0
VERTEX
  8
0
 10
1287.17749000
 20
118.45849600
 42
-0.03752500
  0
VERTEX
  8
0
 10
1236.07788100
 20
95.38977100
 42
-0.02992300
  0
VERTEX
  8
0
 10
1204.35400400
 20
85.95410200
 42
-0.03214900
  0
VERTEX
  8
0
 10
1168.66870100
 20
79.74902400
 42
-0.01909300
  0
VERTEX
  8
0
 10
1150.83349600
 20
78.50439500
 42
-0.03702700
  0
VERTEX
  8
0
 10
1113.58667000
 20
78.95690900
 42
-0.02255900
  0
VERTEX
  8
0
 10
1094.58447200
 20
81.46679700
 42
-0.03818900
  0
VERTEX
  8
0
 10
1062.68701200
 20
89.31933600
 42
-0.03834700
  0
VERTEX
  8
0
 10
1039.36206000
 20
99.02148400
 42
-0.04186700
  0
VERTEX
  8
0
 10
1022.18310500
 20
109.66601600
 42
-0.03394600
  0
VERTEX
  8
0
 10
1013.07226500
 20
117.43359400
 42
-0.12740400
  0
VERTEX
  8
0
 10
1001.04882800
 20
137.19079600
 42
-0.12132300
  0
VERTEX
  8
0
 10
999.93847600
 20
159.63085900
  0
SEQEND
  0
POLYLINE
  8
0
 66
   1
 39
0.000000
 70
    0
  0
VERTEX
  8
0
 10
1002.53833000
 20
83.19140600
 42
0.07206300
  0
VERTEX
  8
0
 10
1009.34204100
 20
74.46508800
 42
0.05567000
  0
VERTEX
  8
0
 10
1019.94091800
 20
66.34924300
 42
0.07177000
  0
VERTEX
  8
0
 10
1038.91528300
 20
58.35327200
 42
0.05025400
  0
VERTEX
  8
0
 10
1060.31030300
 20
55.00732400
 42
0.03604300
  0
VERTEX
  8
0
 10
1082.37841800
 20
55.39001500
 42
0.02071300
  0
VERTEX
  8
0
 10
1103.94921900
 20
58.22802700
  0
SEQEND
  0
POLYLINE
  8
0
 66
   1
 39
0.000000
 70
    0
  0
VERTEX
  8
0
 10
147.72509700
 20
34.36718800
  0
VERTEX
  8
0
 10
915.00000000
 20
34.36718800
  0
VERTEX
  8
0
 10
1682.27539000
 20
34.36718800
  0
SEQEND
  0
POLYLINE
  8
0
 66
   1
 39
0.000000
 70
    0
  0
VERTEX
  8
0
 10
927.70361300
 20
196.16308600
 42
-0.03385300
  0
VERTEX
  8
0
 10
927.94042900
 20
203.71362300
 42
-0.05596700
  0
VERTEX
  8
0
 10
931.57666000
 20
220.70190400
 42
-0.06658800
  0
VERTEX
  8
0
 10
935.76416000
 20
229.24682600
 42
-0.11302300
  0
VERTEX
  8
0
 10
943.12548800
 20
236.20214900
 42
-0.01155300
  0
VERTEX
  8
0
 10
943.78295900
 20
236.56872600
 42
-0.17406700
  0
VERTEX
  8
0
 10
964.20996100
 20
239.46142600
 42
-0.07412600
  0
VERTEX
  8
0
 10
968.61035100
 20
237.84472700
 42
-0.10830100
  0
VERTEX
  8
0
 10
971.90429700
 20
233.93237300
 42
-0.14070800
  0
VERTEX
  8
0
 10
972.94287100
 20
228.92456100
 42
-0.09074100
  0
VERTEX
  8
0
 10
971.62548800
 20
223.89123500
 42
-0.04262800
  0
VERTEX
  8
0
 10
969.03002900
 20
219.38183600
  0
SEQEND
  0
POLYLINE
  8
0
 66
   1
 39
0.000000
 70
    0
  0
VERTEX
  8
0
 10
968.61035100
 20
237.84472700
 42
0.06125000
  0
VERTEX
  8
0
 10
959.73388700
 20
233.03051800
 42
0.11045900
  0
VERTEX
  8
0
 10
946.06396500
 20
217.80029300
 42
0.07729400
  0
VERTEX
  8
0
 10
940.34497100
 20
202.47509800
 42
0.04124500
  0
VERTEX
  8
0
 10
938.76025400
 20
189.38574200
  0
SEQEND
  0
POLYLINE
  8
0
 66
   1
 39
0.000000
 70
    0
  0
VERTEX
  8
0
 10
1090.62792900
 20
453.52392600
 42
-0.16202900
  0
VERTEX
  8
0
 10
1166.01001000
 20
481.06640600
 42
-0.10039200
  0
VERTEX
  8
0
 10
1217.47167900
 20
472.17431700
 42
-0.06487400
  0
VERTEX
  8
0
 10
1245.10205100
 20
456.82836900
 42
-0.06516700
  0
VERTEX
  8
0
 10
1267.06665000
 20
435.67016600
 42
-0.12651700
  0
VERTEX
  8
0
 10
1291.63964800
 20
381.25781300
 42
-0.07407100
  0
VERTEX
  8
0
 10
1292.59423800
 20
326.27526900
 42
-0.07649200
  0
VERTEX
  8
0
 10
1277.22216800
 20
273.46240200
 42
-0.04712300
  0
VERTEX
  8
0
 10
1264.35107400
 20
251.22094700
 42
-0.05142100
  0
VERTEX
  8
0
 10
1247.34326200
 20
231.89697300
 42
-0.15174500
  0
VERTEX
  8
0
 10
1150.59716800
 20
187.75158700
 42
-0.08169300
  0
VERTEX
  8
0
 10
1090.45947200
 20
189.92627000
  0
SEQEND
  0
POLYLINE
  8
0
 66
   1
 39
0.000000
 70
    0
  0
VERTEX
  8
0
 10
1095.25268500
 20
482.91308600
 42
-0.16209200
  0
VERTEX
  8
0
 10
1188.14672800
 20
501.76574700
 42
-0.06326000
  0
VERTEX
  8
0
 10
1225.68408200
 20
492.28076200
 42
-0.06489200
  0
VERTEX
  8
0
 10
1258.34472600
 20
474.14013700
 42
-0.06518100
  0
VERTEX
  8
0
 10
1284.30615200
 20
449.12744200
 42
-0.12654700
  0
VERTEX
  8
0
 10
1313.34863300
 20
384.77148400
 42
-0.07409000
  0
VERTEX
  8
0
 10
1314.41137700
 20
323.42541500
 42
-0.07650700
  0
VERTEX
  8
0
 10
1297.26709000
 20
264.53076200
 42
-0.06236400
  0
VERTEX
  8
0
 10
1276.70288100
 20
231.36169400
 42
-0.03667400
  0
VERTEX
  8
0
 10
1262.32910100
 20
216.02783200
 42
-0.15162400
  0
VERTEX
  8
0
 10
1153.83862300
 20
166.31176800
 42
-0.07888400
  0
VERTEX
  8
0
 10
1088.60058600
 20
168.18457000
  0
SEQEND
  0
POLYLINE
  8
0
 66
   1
 39
0.000000
 70
    0
  0
VERTEX
  8
0
 10
1008.01513700
 20
443.75244200
 42
0.00232100
  0
VERTEX
  8
0
 10
1017.16967800
 20
444.20336900
 42
0.03523500
  0
VERTEX
  8
0
 10
1026.41992200
 20
445.35888700
 42
0.04845000
  0
VERTEX
  8
0
 10
1034.17504900
 20
447.68591300
 42
0.10024300
  0
VERTEX
  8
0
 10
1042.68701200
 20
453.36230500
 42
0.04436200
  0
VERTEX
  8
0
 10
1044.04882800
 20
455.58313000
 42
0.30068800
  0
VERTEX
  8
0
 10
1042.74145500
 20
466.17028800
 42
0.13779100
  0
VERTEX
  8
0
 10
1036.92626900
 20
470.06298800
 42
0.11624400
  0
VERTEX
  8
0
 10
1028.84667900
 20
470.74804700
 42
-0.12446000
  0
VERTEX
  8
0
 10
1025.05957000
 20
460.29968300
 42
-0.14971700
  0
VERTEX
  8
0
 10
1016.40576200
 20
453.32678200
 42
-0.06791900
  0
VERTEX
  8
0
 10
1007.58837900
 20
451.11840800
 42
-0.04057800
  0
VERTEX
  8
0
 10
998.63574200
 20
450.86108400
 42
-0.02358200
  0
VERTEX
  8
0
 10
989.95996100
 20
451.72753900
  0
SEQEND
  0
POLYLINE
  8
0
 66
   1
 39
0.000000
 70
    0
  0
VERTEX
  8
0
 10
1029.32275400
 20
506.55859400
 42
-0.16643900
  0
VERTEX
  8
0
 10
1162.76977500
 20
549.92175300
 42
-0.11722100
  0
VERTEX
  8
0
 10
1262.69799800
 20
524.51367200
 42
-0.06601100
  0
VERTEX
  8
0
 10
1304.14379900
 20
494.86572300
 42
-0.11271500
  0
VERTEX
  8
0
 10
1350.84912100
 20
425.64550800
 42
-0.07653700
  0
VERTEX
  8
0
 10
1365.00878900
 20
361.80163600
 42
-0.07918500
  0
VERTEX
  8
0
 10
1358.94335900
 20
296.60058600
 42
-0.17806200
  0
VERTEX
  8
0
 10
1276.61767600
 20
174.16284200
 42
-0.00123400
  0
VERTEX
  8
0
 10
1275.63964800
 20
173.45703100
 42
-0.04916900
  0
VERTEX
  8
0
 10
1235.48608400
 20
149.46814000
 42
-0.02768800
  0
VERTEX
  8
0
 10
1214.15527300
 20
140.82421900
 42
-0.07426100
  0
VERTEX
  8
0
 10
1131.19628900
 20
124.74670400
 42
-0.07659600
  0
VERTEX
  8
0
 10
1047.20214800
 20
134.00000000
  0
SEQEND
  0
POLYLINE
  8
0
 66
   1
 39
0.000000
 70
    0
  0
VERTEX
  8
0
 10
1125.68554700
 20
605.43603500
 42
0.07199700
  0
VERTEX
  8
0
 10
1065.32275400
 20
590.23889200
 42
0.07557700
  0
VERTEX
  8
0
 10
1012.00000000
 20
558.19238300
 42
0.18323200
  0
VERTEX
  8
0
 10
997.40380800
 20
523.49206600
 42
0.17865700
  0
VERTEX
  8
0
 10
1009.20361300
 20
487.99365200
 42
0.17936900
  0
VERTEX
  8
0
 10
1026.13037100
 20
483.54980500
 42
0.18325300
  0
VERTEX
  8
0
 10
1034.89257800
 20
486.33154300
 42
0.18860700
  0
VERTEX
  8
0
 10
1039.52417000
 20
494.27246100
 42
0.18874900
  0
VERTEX
  8
0
 10
1037.29370100
 20
501.96289100
 42
0.18047000
  0
VERTEX
  8
0
 10
1030.49853500
 20
506.20898400
 42
-0.19950500
  0
VERTEX
  8
0
 10
1020.02636700
 20
525.26257300
 42
-0.23427400
  0
VERTEX
  8
0
 10
1028.67041000
 20
548.57690400
 42
-0.06750900
  0
VERTEX
  8
0
 10
1050.20214800
 20
563.97058100
 42
-0.06943300
  0
VERTEX
  8
0
 10
1074.92895500
 20
572.92114300
 42
-0.07020600
  0
VERTEX
  8
0
 10
1169.43286100
 20
580.01831100
 42
-0.04610000
  0
VERTEX
  8
0
 10
1226.60693300
 20
570.94628900
 42
-0.05664500
  0
VERTEX
  8
0
 10
1288.97314400
 20
547.50488300
 42
-0.03566800
  0
VERTEX
  8
0
 10
1320.82959000
 20
528.23535200
  0
SEQEND
  0
POLYLINE
  8
0
 66
   1
 39
0.000000
 70
    0
  0
VERTEX
  8
0
 10
1414.01318300
 20
413.21582000
  0
VERTEX
  8
0
 10
1417.53564400
 20
412.48974600
 42
-0.07478200
  0
VERTEX
  8
0
 10
1424.40795900
 20
409.95947300
 42
-0.08723400
  0
VERTEX
  8
0
 10
1430.12011700
 20
405.37670900
 42
-0.09327400
  0
VERTEX
  8
0
 10
1435.18701200
 20
396.82006800
 42
-0.05896500
  0
VERTEX
  8
0
 10
1437.79736300
 20
385.71447800
 42
-0.02738000
  0
VERTEX
  8
0
 10
1438.22509700
 20
378.38830600
 42
-0.04122900
  0
VERTEX
  8
0
 10
1437.16870100
 20
365.01660200
  0
SEQEND
  0
POLYLINE
  8
0
 66
   1
 39
0.000000
 70
    0
  0
VERTEX
  8
0
 10
1424.98950200
 20
333.91040000
 42
-0.00054500
  0
VERTEX
  8
0
 10
1432.32885700
 20
352.12622100
 42
0.01685100
  0
VERTEX
  8
0
 10
1439.04809600
 20
370.51001000
 42
0.02635800
  0
VERTEX
  8
0
 10
1444.04101500
 20
388.98059100
 42
0.04653100
  0
VERTEX
  8
0
 10
1446.29907200
 20
407.98046900
 42
0.03933100
  0
VERTEX
  8
0
 10
1445.38916000
 20
414.13220200
 42
0.07940500
  0
VERTEX
  8
0
 10
1443.06005800
 20
419.89819300
 42
0.06805800
  0
VERTEX
  8
0
 10
1440.46215800
 20
423.12207000
 42
0.07452300
  0
VERTEX
  8
0
 10
1434.69921900
 20
426.73815900
 42
0.15984000
  0
VERTEX
  8
0
 10
1413.18725600
 20
428.77929700
  0
VERTEX
  8
0
 10
1410.36499000
 20
428.14111300
  0
SEQEND
  0
POLYLINE
  8
0
 66
   1
 39
0.000000
 70
    0
  0
VERTEX
  8
0
 10
1527.67651300
 20
381.22265600
  0
VERTEX
  8
0
 10
1527.82299800
 20
386.06054700
 42
0.18296400
  0
VERTEX
  8
0
 10
1524.70117200
 20
395.12585500
 42
0.10390600
  0
VERTEX
  8
0
 10
1517.91821300
 20
400.50170900
 42
0.18200500
  0
VERTEX
  8
0
 10
1496.91064400
 20
402.67480500
 42
0.06187000
  0
VERTEX
  8
0
 10
1481.06005800
 20
394.78234900
 42
0.05250100
  0
VERTEX
  8
0
 10
1467.40869100
 20
383.50537100
 42
0.03775900
  0
VERTEX
  8
0
 10
1454.71728500
 20
368.43725600
 42
0.00973800
  0
VERTEX
  8
0
 10
1446.66748000
 20
356.79711900
 42
0.00271900
  0
VERTEX
  8
0
 10
1440.67993100
 20
347.66113300
 42
-0.00916500
  0
VERTEX
  8
0
 10
1434.79052700
 20
338.92346200
  0
SEQEND
  0
POLYLINE
  8
0
 66
   1
 39
0.000000
 70
    0
  0
VERTEX
  8
0
 10
1748.07153300
 20
43.82128900
  0
VERTEX
  8
0
 10
1746.63085900
 20
41.71533200
 42
-0.01047700
  0
VERTEX
  8
0
 10
1744.01879900
 20
38.06616200
 42
-0.17531400
  0
VERTEX
  8
0
 10
1727.27539000
 20
27.06042500
 42
-0.09049500
  0
VERTEX
  8
0
 10
1724.59375000
 20
26.91577200
 42
-0.36979100
  0
VERTEX
  8
0
 10
1723.47924800
 20
28.14685100
 42
-0.07666700
  0
VERTEX
  8
0
 10
1723.59790000
 20
29.08691400
 42
-0.06920100
  0
VERTEX
  8
0
 10
1724.96545400
 20
32.17627000
 42
-0.05025900
  0
VERTEX
  8
0
 10
1729.37878400
 20
37.91809100
 42
-0.10936500
  0
VERTEX
  8
0
 10
1736.09985300
 20
42.50439500
  0
SEQEND
  0
POLYLINE
  8
0
 66
   1
 39
0.000000
 70
    0
  0
VERTEX
  8
0
 10
1726.03784200
 20
33.82910200
 42
-0.05196700
  0
VERTEX
  8
0
 10
1722.29223600
 20
29.67407200
 42
-0.07059200
  0
VERTEX
  8
0
 10
1713.97375500
 20
24.07653800
 42
-0.07654200
  0
VERTEX
  8
0
 10
1710.03784200
 20
22.86511200
 42
-0.18956500
  0
VERTEX
  8
0
 10
1706.29003900
 20
23.73815900
 42
-0.05336800
  0
VERTEX
  8
0
 10
1705.81958000
 20
24.14257800
 42
-0.32690900
  0
VERTEX
  8
0
 10
1705.53601100
 20
26.40246600
 42
-0.08050100
  0
VERTEX
  8
0
 10
1707.61743100
 20
29.04126000
 42
-0.03246600
  0
VERTEX
  8
0
 10
1710.79760700
 20
31.59899900
 42
-0.00987000
  0
VERTEX
  8
0
 10
1713.86694300
 20
33.66601600
  0
SEQEND
  0
POLYLINE
  8
0
 66
   1
 39
0.000000
 70
    0
  0
VERTEX
  8
0
 10
1705.95459000
 20
27.14648400
 42
-0.02070100
  0
VERTEX
  8
0
 10
1702.17883300
 20
24.18066400
 42
-0.04343800
  0
VERTEX
  8
0
 10
1698.01892100
 20
21.70092800
 42
-0.03731800
  0
VERTEX
  8
0
 10
1695.25195300
 20
20.60803200
 42
-0.25365400
  0
VERTEX
  8
0
 10
1682.31506300
 20
23.16528300
 42
-0.08750900
  0
VERTEX
  8
0
 10
1680.23913600
 20
25.60888700
 42
-0.21922000
  0
VERTEX
  8
0
 10
1679.77819800
 20
30.29773000
 42
-0.11331200
  0
VERTEX
  8
0
 10
1682.27832000
 20
34.29101600
 42
0.20775200
  0
VERTEX
  8
0
 10
1683.66259700
 20
33.35522500
 42
0.14067300
  0
VERTEX
  8
0
 10
1686.87158200
 20
33.66015600
 42
0.09482500
  0
VERTEX
  8
0
 10
1688.72509700
 20
34.83276400
 42
0.06908200
  0
VERTEX
  8
0
 10
1691.17358400
 20
37.86230500
 42
-0.05400700
  0
VERTEX
  8
0
 10
1693.60681100
 20
41.06494200
 42
-0.12134900
  0
VERTEX
  8
0
 10
1696.41564900
 20
42.87182600
 42
-0.09127600
  0
VERTEX
  8
0
 10
1699.71899400
 20
43.36425800
  0
SEQEND
  0
POLYLINE
  8
0
 66
   1
 39
0.000000
 70
    0
  0
VERTEX
  8
0
 10
1684.35839800
 20
32.53613300
 42
0.11742200
  0
VERTEX
  8
0
 10
1685.69702100
 20
31.02783200
 42
0.17986000
  0
VERTEX
  8
0
 10
1692.54919400
 20
29.23986800
 42
0.07797300
  0
VERTEX
  8
0
 10
1698.16626000
 20
30.71167000
 42
0.05895000
  0
VERTEX
  8
0
 10
1705.39831500
 20
34.94567900
 42
0.03116500
  0
VERTEX
  8
0
 10
1713.41442900
 20
41.83276400
 42
-0.01617300
  0
VERTEX
  8
0
 10
1719.42419400
 20
47.31750500
 42
-0.06668500
  0
VERTEX
  8
0
 10
1725.10546900
 20
50.99316400
 42
-0.11118800
  0
VERTEX
  8
0
 10
1736.79345700
 20
53.44238300
  0
SEQEND
  0
POLYLINE
  8
0
 66
   1
 39
0.000000
 70
    0
  0
VERTEX
  8
0
 10
1716.44970700
 20
57.05517600
 42
0.01558100
  0
VERTEX
  8
0
 10
1712.79882800
 20
56.51928700
 42
0.07603700
  0
VERTEX
  8
0
 10
1705.48791500
 20
54.02624500
 42
0.07941000
  0
VERTEX
  8
0
 10
1697.22094700
 20
47.88501000
 42
0.07970200
  0
VERTEX
  8
0
 10
1695.59375000
 20
45.57812500
 42
0.40599900
  0
VERTEX
  8
0
 10
1696.14868100
 20
43.88195800
 42
0.07047300
  0
VERTEX
  8
0
 10
1697.07385200
 20
43.55224600
 42
0.07496000
  0
VERTEX
  8
0
 10
1700.19726500
 20
43.39050300
 42
0.04593100
  0
VERTEX
  8
0
 10
1705.42224100
 20
44.39355500
 42
0.08832400
  0
VERTEX
  8
0
 10
1708.64257800
 20
45.97961400
 42
0.06812900
  0
VERTEX
  8
0
 10
1709.69262700
 20
46.99804700
  0
SEQEND
  0
POLYLINE
  8
0
 66
   1
 39
0.000000
 70
    0
  0
VERTEX
  8
0
 10
1742.73779300
 20
72.62597700
  0
VERTEX
  8
0
 10
1741.28027300
 20
72.53418000
 42
0.01817500
  0
VERTEX
  8
0
 10
1736.64587400
 20
72.07226600
 42
0.06247300
  0
VERTEX
  8
0
 10
1726.03967300
 20
69.24536100
 42
0.02798000
  0
VERTEX
  8
0
 10
1717.58520500
 20
65.25280800
 42
0.03622100
  0
VERTEX
  8
0
 10
1714.71557600
 20
63.41577200
 42
0.08231000
  0
VERTEX
  8
0
 10
1712.91223100
 20
61.53662100
 42
0.36996700
  0
VERTEX
  8
0
 10
1713.17590300
 20
59.10815400
 42
0.09717900
  0
VERTEX
  8
0
 10
1716.44970700
 20
57.05517600
 42
0.12240000
  0
VERTEX
  8
0
 10
1722.04260200
 20
56.36511200
 42
0.06715600
  0
VERTEX
  8
0
 10
1727.49572700
 20
57.78613300
 42
0.01422900
  0
VERTEX
  8
0
 10
1730.94409200
 20
59.31543000
  0
SEQEND
  0
POLYLINE
  8
0
 66
   1
 39
0.000000
 70
    0
  0
VERTEX
  8
0
 10
1754.90771500
 20
74.70214900
 42
0.09847200
  0
VERTEX
  8
0
 10
1752.35852000
 20
76.57702600
 42
0.40296500
  0
VERTEX
  8
0
 10
1743.11242700
 20
73.42675800
 42
0.31382000
  0
VERTEX
  8
0
 10
1744.39721700
 20
63.74365200
 42
0.09391300
  0
VERTEX
  8
0
 10
1746.80212400
 20
61.94104000
 42
0.10543900
  0
VERTEX
  8
0
 10
1749.71728500
 20
61.20996100
  0
SEQEND
  0
POLYLINE
  8
0
 66
   1
 39
0.000000
 70
    0
  0
VERTEX
  8
0
 10
1745.28442400
 20
62.90771500
 42
0.26058100
  0
VERTEX
  8
0
 10
1739.75024400
 20
59.35864300
 42
0.37462800
  0
VERTEX
  8
0
 10
1742.18774400
 20
48.76367200
 42
0.17380700
  0
VERTEX
  8
0
 10
1746.70092800
 20
47.44824200
 42
0.15780900
  0
VERTEX
  8
0
 10
1750.47741700
 20
48.92785700
 42
0.13769300
  0
VERTEX
  8
0
 10
1752.80297800
 20
52.25097700
  0
SEQEND
  0
POLYLINE
  8
0
 66
   1
 39
0.000000
 70
    0
  0
VERTEX
  8
0
 10
1748.16186500
 20
47.70117200
 42
0.18763000
  0
VERTEX
  8
0
 10
1748.81897000
 20
41.71997100
 42
0.08781200
  0
VERTEX
  8
0
 10
1750.64624000
 20
39.34399400
 42
0.10206900
  0
VERTEX
  8
0
 10
1753.22216800
 20
37.81152400
 42
0.21520000
  0
VERTEX
  8
0
 10
1758.79248000
 20
38.26599100
 42
0.19797600
  0
VERTEX
  8
0
 10
1762.26733400
 20
42.81543000
 42
0.22251700
  0
VERTEX
  8
0
 10
1760.93139600
 20
49.90429700
  0
SEQEND
  0
POLYLINE
  8
0
 66
   1
 39
0.000000
 70
    0
  0
VERTEX
  8
0
 10
1769.10083000
 20
72.34472700
 42
0.30619100
  0
VERTEX
  8
0
 10
1765.13793900
 20
80.56762700
 42
0.39363500
  0
VERTEX
  8
0
 10
1756.23510700
 20
78.55236800
 42
0.11373300
  0
VERTEX
  8
0
 10
1754.97338800
 20
75.31543000
 42
0.21099600
  0
VERTEX
  8
0
 10
1756.78051700
 20
68.88769500
  0
SEQEND
  0
POLYLINE
  8
0
 66
   1
 39
0.000000
 70
    0
  0
VERTEX
  8
0
 10
1769.86938500
 20
57.85009800
 42
0.31764000
  0
VERTEX
  8
0
 10
1776.35730000
 20
61.36486800
 42
0.35058100
  0
VERTEX
  8
0
 10
1774.26928700
 20
70.91528300
 42
0.14157300
  0
VERTEX
  8
0
 10
1770.82202100
 20
72.37207000
 42
0.19664600
  0
VERTEX
  8
0
 10
1766.26684600
 20
71.11254900
 42
0.17194400
  0
VERTEX
  8
0
 10
1763.70800800
 20
67.13916000
  0
SEQEND
  0
POLYLINE
  8
0
 66
   1
 39
0.000000
 70
    0
  0
VERTEX
  8
0
 10
1762.40087900
 20
43.40380900
 42
0.21443900
  0
VERTEX
  8
0
 10
1768.42358400
 20
42.88977100
 42
0.20283300
  0
VERTEX
  8
0
 10
1772.84594700
 20
47.06835900
 42
0.19108900
  0
VERTEX
  8
0
 10
1773.07617200
 20
53.49365200
 42
0.18541600
  0
VERTEX
  8
0
 10
1768.98095700
 20
58.40136700
 42
0.04330500
  0
VERTEX
  8
0
 10
1767.69531200
 20
58.95117200
  0
SEQEND
  0
POLYLINE
  8
0
 66
   1
 39
0.000000
 70
    0
  0
VERTEX
  8
0
 10
1775.43798800
 20
115.74609400
 42
0.02749400
  0
VERTEX
  8
0
 10
1768.69458000
 20
102.80017100
 42
0.06148300
  0
VERTEX
  8
0
 10
1763.55114700
 20
86.31457500
 42
0.04806900
  0
VERTEX
  8
0
 10
1763.13354500
 20
81.32910200
  0
SEQEND
  0
POLYLINE
  8
0
 66
   1
 39
0.000000
 70
    0
  0
VERTEX
  8
0
 10
1780.90966800
 20
106.29296900
 42
0.01977500
  0
VERTEX
  8
0
 10
1776.21044900
 20
94.99194300
 42
0.02919600
  0
VERTEX
  8
0
 10
1772.63867200
 20
83.28564500
 42
0.03642900
  0
VERTEX
  8
0
 10
1770.82202100
 20
72.37207000
  0
SEQEND
  0
POLYLINE
  8
0
 66
   1
 39
0.000000
 70
    0
  0
VERTEX
  8
0
 10
1632.61132800
 20
62.69531300
 42
0.04939900
  0
VERTEX
  8
0
 10
1622.42529300
 20
60.05127000
 42
0.10492500
  0
VERTEX
  8
0
 10
1612.62231400
 20
53.88061500
 42
0.07944300
  0
VERTEX
  8
0
 10
1609.12280300
 20
49.19335900
  0
SEQEND
  0
POLYLINE
  8
0
 66
   1
 39
0.000000
 70
    0
  0
VERTEX
  8
0
 10
1578.69604500
 20
59.53857400
 42
-0.07015300
  0
VERTEX
  8
0
 10
1591.91357400
 20
63.16308600
 42
-0.06993800
  0
VERTEX
  8
0
 10
1605.00415000
 20
62.84863300
 42
-0.05989200
  0
VERTEX
  8
0
 10
1600.04394500
 20
66.35974100
 42
-0.16615900
  0
VERTEX
  8
0
 10
1593.76440400
 20
77.69470200
 42
-0.06626400
  0
VERTEX
  8
0
 10
1593.38501000
 20
86.25927700
  0
SEQEND
  0
POLYLINE
  8
0
 66
   1
 39
0.000000
 70
    0
  0
VERTEX
  8
0
 10
1792.74804700
 20
140.33837900
  0
VERTEX
  8
0
 10
1777.18725600
 20
118.18750000
 42
-0.02944500
  0
VERTEX
  8
0
 10
1765.30957000
 20
103.25341800
 42
-0.22616400
  0
VERTEX
  8
0
 10
1628.97900400
 20
46.83129900
 42
-0.02112200
  0
VERTEX
  8
0
 10
1615.69824200
 20
48.09252900
 42
-0.06204600
  0
VERTEX
  8
0
 10
1586.41162100
 20
55.91052300
 42
-0.06471300
  0
VERTEX
  8
0
 10
1567.40942400
 20
66.64062500
 42
-0.05027400
  0
VERTEX
  8
0
 10
1555.91796900
 20
77.21484400
 42
-0.16295800
  0
VERTEX
  8
0
 10
1544.29931600
 20
110.72180200
 42
-0.15601300
  0
VERTEX
  8
0
 10
1554.73242200
 20
144.14648400
 42
-0.15840700
  0
VERTEX
  8
0
 10
1578.59057600
 20
158.42016600
 42
-0.15267200
  0
VERTEX
  8
0
 10
1606.30712900
 20
156.25244200
 42
-0.17067800
  0
VERTEX
  8
0
 10
1622.65258800
 20
141.65136700
 42
-0.17006300
  0
VERTEX
  8
0
 10
1626.14306600
 20
120.39062500
 42
-0.15070600
  0
VERTEX
  8
0
 10
1617.13671900
 20
103.53027400
 42
-0.13947400
  0
VERTEX
  8
0
 10
1596.41870100
 20
96.32605000
 42
-0.13557500
  0
VERTEX
  8
0
 10
1574.97558600
 20
100.94140600
 42
-0.29977500
  0
VERTEX
  8
0
 10
1563.15332000
 20
119.94433600
 42
-0.19160100
  0
VERTEX
  8
0
 10
1570.53442400
 20
136.79760800
 42
-0.18317700
  0
VERTEX
  8
0
 10
1587.35302700
 20
144.25048800
 42
-0.31506500
  0
VERTEX
  8
0
 10
1606.85449200
 20
132.07519500
 42
-0.18856700
  0
VERTEX
  8
0
 10
1607.10888700
 20
119.75647000
 42
-0.18245700
  0
VERTEX
  8
0
 10
1599.04492200
 20
110.43457000
 42
-0.40819000
  0
VERTEX
  8
0
 10
1581.24414000
 20
115.58935600
 42
-0.26338800
  0
VERTEX
  8
0
 10
1581.43847600
 20
128.30859400
  0
SEQEND
  0
POLYLINE
  8
0
 66
   1
 39
0.000000
 70
    0
  0
VERTEX
  8
0
 10
1593.95922800
 20
76.80957000
 42
0.04214100
  0
VERTEX
  8
0
 10
1589.28173800
 20
81.29431200
 42
0.18746500
  0
VERTEX
  8
0
 10
1580.44409200
 20
84.12011700
 42
0.00127500
  0
VERTEX
  8
0
 10
1577.19189400
 20
83.91259800
 42
-0.02475300
  0
VERTEX
  8
0
 10
1573.97656200
 20
83.85827600
 42
-0.17744000
  0
VERTEX
  8
0
 10
1568.57202100
 20
86.04003900
 42
-0.08351800
  0
VERTEX
  8
0
 10
1565.60449200
 20
89.79150400
 42
0.08326400
  0
VERTEX
  8
0
 10
1563.46704100
 20
83.73645000
 42
0.06100100
  0
VERTEX
  8
0
 10
1563.13745100
 20
77.32373100
 42
0.10526700
  0
VERTEX
  8
0
 10
1564.32812500
 20
73.18640100
 42
0.08846200
  0
VERTEX
  8
0
 10
1569.37500000
 20
66.76855500
 42
0.03304000
  0
VERTEX
  8
0
 10
1574.62988300
 20
62.67431700
 42
0.04348400
  0
VERTEX
  8
0
 10
1579.58178700
 20
59.91162100
  0
SEQEND
  0
POLYLINE
  8
0
 66
   1
 39
0.000000
 70
    0
  0
VERTEX
  8
0
 10
1566.51879900
 20
88.33496100
 42
0.10739700
  0
VERTEX
  8
0
 10
1570.78613300
 20
77.41320800
 42
0.12285700
  0
VERTEX
  8
0
 10
1579.44653300
 20
69.50793500
 42
0.06944200
  0
VERTEX
  8
0
 10
1589.16381800
 20
65.88659700
 42
0.04341900
  0
VERTEX
  8
0
 10
1600.54443300
 20
64.38330100
  0
SEQEND
  0
POLYLINE
  8
0
 66
   1
 39
0.000000
 70
    0
  0
VERTEX
  8
0
 10
1301.16796900
 20
63.94921900
 42
0.01241600
  0
VERTEX
  8
0
 10
1341.51953100
 20
62.81445300
  0
VERTEX
  8
0
 10
1557.19775400
 20
62.10205100
 42
-0.07881600
  0
VERTEX
  8
0
 10
1541.73437500
 20
72.26635800
 42
-0.07906700
  0
VERTEX
  8
0
 10
1530.61376900
 20
86.18273900
 42
-0.15531800
  0
VERTEX
  8
0
 10
1523.26489200
 20
120.53710900
 42
-0.16169900
  0
VERTEX
  8
0
 10
1537.98291000
 20
153.54589900
 42
-0.09237300
  0
VERTEX
  8
0
 10
1554.94628900
 20
166.32519500
 42
-0.04537200
  0
VERTEX
  8
0
 10
1571.15087900
 20
172.95654300
 42
-0.05524500
  0
VERTEX
  8
0
 10
1585.75488300
 20
175.73095700
 42
-0.07337700
  0
VERTEX
  8
0
 10
1600.02001900
 20
174.73828100
 42
-0.10215700
  0
VERTEX
  8
0
 10
1616.17675800
 20
167.39160200
 42
-0.05818500
  0
VERTEX
  8
0
 10
1625.65332000
 20
158.60839900
  0
VERTEX
  8
0
 10
1626.00048800
 20
158.20312500
  0
VERTEX
  8
0
 10
1633.44140600
 20
149.39941400
 42
0.09589700
  0
VERTEX
  8
0
 10
1651.25476100
 20
164.58972200
 42
0.30995400
  0
VERTEX
  8
0
 10
1656.15332000
 20
232.14843800
 42
0.09773400
  0
VERTEX
  8
0
 10
1640.59545900
 20
249.78955100
 42
0.15820700
  0
VERTEX
  8
0
 10
1604.31201200
 20
262.64257800
 42
0.06477600
  0
VERTEX
  8
0
 10
1571.60083000
 20
255.71081600
 42
0.06885200
  0
VERTEX
  8
0
 10
1541.92651300
 20
240.42578100
 42
0.03847900
  0
VERTEX
  8
0
 10
1447.16748000
 20
182.27258300
 42
0.02372700
  0
VERTEX
  8
0
 10
1402.11401300
 20
146.22363300
 42
-0.02177900
  0
VERTEX
  8
0
 10
1363.02563500
 20
115.98535200
 42
-0.02716300
  0
VERTEX
  8
0
 10
1321.00488300
 20
89.80957000
 42
-0.01930700
  0
VERTEX
  8
0
 10
1295.09521500
 20
76.95654300
 42
-0.02476000
  0
VERTEX
  8
0
 10
1268.15478500
 20
66.43359400
  0
VERTEX
  8
0
 10
1284.63256800
 20
65.19287100
  0
VERTEX
  8
0
 10
1301.11035100
 20
63.95263700
  0
VERTEX
  8
0
 10
1284.63256800
 20
65.19287100
  0
VERTEX
  8
0
 10
1268.15478500
 20
66.43359400
 42
0.02476000
  0
VERTEX
  8
0
 10
1295.09521500
 20
76.95654300
 42
0.01930700
  0
VERTEX
  8
0
 10
1321.00488300
 20
89.80957000
 42
0.02716300
  0
VERTEX
  8
0
 10
1363.02563500
 20
115.98535200
 42
0.02177900
  0
VERTEX
  8
0
 10
1402.11401300
 20
146.22363300
 42
-0.02372300
  0
VERTEX
  8
0
 10
1447.16113300
 20
182.26782200
 42
-0.03848200
  0
VERTEX
  8
0
 10
1541.91967800
 20
240.42187500
 42
-0.06885900
  0
VERTEX
  8
0
 10
1571.60449200
 20
255.71215800
 42
-0.06477500
  0
VERTEX
  8
0
 10
1604.31591800
 20
262.64306700
 42
-0.15822000
  0
VERTEX
  8
0
 10
1640.59985300
 20
249.78613300
 42
-0.09775600
  0
VERTEX
  8
0
 10
1656.15600600
 20
232.14355500
 42
-0.30858600
  0
VERTEX
  8
0
 10
1651.43798800
 20
164.82275400
 42
-0.09716000
  0
VERTEX
  8
0
 10
1633.43676700
 20
149.39746100
  0
VERTEX
  8
0
 10
1626.00048800
 20
158.20312500
  0
VERTEX
  8
0
 10
1625.65332000
 20
158.60839900
 42
0.05818600
  0
VERTEX
  8
0
 10
1616.17993100
 20
167.38964900
 42
0.10217100
  0
VERTEX
  8
0
 10
1600.02099600
 20
174.73828100
 42
0.07337800
  0
VERTEX
  8
0
 10
1585.75903300
 20
175.73144500
 42
0.05526100
  0
VERTEX
  8
0
 10
1571.15478500
 20
172.95752000
 42
0.04534100
  0
VERTEX
  8
0
 10
1554.94897400
 20
166.32714900
 42
0.09235500
  0
VERTEX
  8
0
 10
1537.98388700
 20
153.54785200
 42
0.16169600
  0
VERTEX
  8
0
 10
1523.26489200
 20
120.53710900
 42
0.15531800
  0
VERTEX
  8
0
 10
1530.61669900
 20
86.17785700
 42
0.07905900
  0
VERTEX
  8
0
 10
1541.73876900
 20
72.26257300
 42
0.07882300
  0
VERTEX
  8
0
 10
1557.20312500
 20
62.09960900
  0
VERTEX
  8
0
 10
1341.51953100
 20
62.81445300
 42
-0.01242200
  0
VERTEX
  8
0
 10
1301.10620100
 20
63.95312500
  0
SEQEND
  0
POLYLINE
  8
0
 66
   1
 39
0.000000
 70
    0
  0
VERTEX
  8
0
 10
1013.94433600
 20
48.40234400
  0
VERTEX
  8
0
 10
915.00000000
 20
48.40234400
  0
VERTEX
  8
0
 10
816.05615200
 20
48.40234400
  0
SEQEND
  0
POLYLINE
  8
0
 66
   1
 39
0.000000
 70
    0
  0
VERTEX
  8
0
 10
923.43603500
 20
103.22070300
 42
0.03697100
  0
VERTEX
  8
0
 10
922.08813500
 20
92.60974100
 42
0.07297200
  0
VERTEX
  8
0
 10
923.38061500
 20
78.78857400
 42
0.13991600
  0
VERTEX
  8
0
 10
932.78710900
 20
62.24267600
 42
-0.11749700
  0
VERTEX
  8
0
 10
931.00097600
 20
56.90856900
 42
-0.13272600
  0
VERTEX
  8
0
 10
924.91284200
 20
51.23828100
 42
-0.11583000
  0
VERTEX
  8
0
 10
915.00000000
 20
48.65039100
 42
-0.11585100
  0
VERTEX
  8
0
 10
905.08691400
 20
51.23852500
 42
-0.13276100
  0
VERTEX
  8
0
 10
898.99902300
 20
56.90979000
 42
-0.11747000
  0
VERTEX
  8
0
 10
897.21337900
 20
62.24462900
 42
0.14058000
  0
VERTEX
  8
0
 10
906.64575200
 20
78.88354500
 42
0.07233100
  0
VERTEX
  8
0
 10
907.91186500
 20
92.60986300
 42
0.03697800
  0
VERTEX
  8
0
 10
906.56396500
 20
103.22070300
  0
SEQEND
  0
POLYLINE
  8
0
 66
   1
 39
0.000000
 70
    0
  0
VERTEX
  8
0
 10
914.99462900
 20
293.48840300
 42
-0.20358000
  0
VERTEX
  8
0
 10
998.45312500
 20
288.48083500
 42
-0.05029800
  0
VERTEX
  8
0
 10
1017.00585900
 20
276.80127000
 42
-0.22399700
  0
VERTEX
  8
0
 10
1104.45312500
 20
262.65441900
 42
-0.13170300
  0
VERTEX
  8
0
 10
1138.87573200
 20
222.42382800
 42
0.09634300
  0
VERTEX
  8
0
 10
1184.22827100
 20
230.81469700
 42
0.17868500
  0
VERTEX
  8
0
 10
1245.26269500
 20
285.29016100
 42
0.11087600
  0
VERTEX
  8
0
 10
1258.67846700
 20
334.24218800
 42
0.04396500
  0
VERTEX
  8
0
 10
1256.52319300
 20
360.02307100
 42
0.04879700
  0
VERTEX
  8
0
 10
1249.66210900
 20
384.93847700
 42
0.19146500
  0
VERTEX
  8
0
 10
1195.72436500
 20
442.47253400
 42
0.16056900
  0
VERTEX
  8
0
 10
1139.48632800
 20
449.28418000
 42
-0.15993100
  0
VERTEX
  8
0
 10
1098.40429700
 20
405.21618700
 42
-0.20774600
  0
VERTEX
  8
0
 10
1019.13647400
 20
397.75097700
 42
-0.16341700
  0
VERTEX
  8
0
 10
962.55053700
 20
371.00390600
 42
-0.11915600
  0
VERTEX
  8
0
 10
914.99707000
 20
376.71862800
 42
-0.20956000
  0
VERTEX
  8
0
 10
835.26001000
 20
380.67504900
 42
-0.07413800
  0
VERTEX
  8
0
 10
810.85791000
 20
397.77246100
 42
-0.24096000
  0
VERTEX
  8
0
 10
721.61718700
 20
411.61218300
 42
-0.12763800
  0
VERTEX
  8
0
 10
690.49536100
 20
449.30273400
 42
0.17242000
  0
VERTEX
  8
0
 10
630.24609400
 20
440.51184100
 42
0.08588800
  0
VERTEX
  8
0
 10
600.81250000
 20
417.77587900
 42
0.09237400
  0
VERTEX
  8
0
 10
580.34790000
 20
384.96484400
 42
0.05689100
  0
VERTEX
  8
0
 10
572.38623000
 20
352.80542000
 42
0.03588800
  0
VERTEX
  8
0
 10
571.32177700
 20
334.21923800
 42
0.14676400
  0
VERTEX
  8
0
 10
593.30566400
 20
271.47851600
 42
0.14294400
  0
VERTEX
  8
0
 10
645.89135700
 20
230.80407700
 42
0.09588500
  0
VERTEX
  8
0
 10
691.11547800
 20
222.41699200
 42
-0.16547700
  0
VERTEX
  8
0
 10
736.47949200
 20
269.23693900
 42
-0.18956300
  0
VERTEX
  8
0
 10
813.01001000
 20
276.80517600
 42
-0.15891800
  0
VERTEX
  8
0
 10
874.70947200
 20
299.54174800
 42
-0.09377900
  0
VERTEX
  8
0
 10
915.01220700
 20
293.48584000
  0
SEQEND
  0
POLYLINE
  8
0
 66
   1
 39
0.000000
 70
    0
  0
VERTEX
  8
0
 10
898.31250000
 20
436.94824200
 42
0.04641100
  0
VERTEX
  8
0
 10
896.29687500
 20
430.96484400
 42
0.08349300
  0
VERTEX
  8
0
 10
895.88354500
 20
424.66455100
 42
0.12366400
  0
VERTEX
  8
0
 10
898.20605400
 20
418.24609400
 42
0.09486900
  0
VERTEX
  8
0
 10
903.01806600
 20
413.40527400
 42
0.07109400
  0
VERTEX
  8
0
 10
907.76025400
 20
407.54199200
 42
0.04104400
  0
VERTEX
  8
0
 10
914.68310500
 20
402.09375000
  0
VERTEX
  8
0
 10
915.00000000
 20
401.88378900
  0
VERTEX
  8
0
 10
915.31713800
 20
402.09375000
 42
0.04306300
  0
VERTEX
  8
0
 10
922.45043900
 20
407.75500500
 42
0.06902200
  0
VERTEX
  8
0
 10
926.98242200
 20
413.40527400
 42
0.09482800
  0
VERTEX
  8
0
 10
931.79443300
 20
418.24621600
 42
0.12365500
  0
VERTEX
  8
0
 10
934.11694300
 20
424.66455100
 42
0.08349500
  0
VERTEX
  8
0
 10
933.70336900
 20
430.96472200
 42
0.04641500
  0
VERTEX
  8
0
 10
931.68798800
 20
436.94824200
  0
SEQEND
  0
POLYLINE
  8
0
 66
   1
 39
0.000000
 70
    0
  0
VERTEX
  8
0
 10
903.01806600
 20
413.40527400
 42
0.08437500
  0
VERTEX
  8
0
 10
909.51684600
 20
421.38916000
 42
0.06199900
  0
VERTEX
  8
0
 10
913.44018500
 20
430.90661600
 42
0.02892100
  0
VERTEX
  8
0
 10
915.00000000
 20
438.24804700
 42
0.04052200
  0
VERTEX
  8
0
 10
917.32446300
 20
428.43335000
 42
0.07848300
  0
VERTEX
  8
0
 10
922.41626000
 20
418.41430700
 42
0.05625600
  0
VERTEX
  8
0
 10
926.98242200
 20
413.40527400
  0
SEQEND
  0
POLYLINE
  8
0
 66
   1
 39
0.000000
 70
    0
  0
VERTEX
  8
0
 10
898.75830100
 20
491.37646500
 42
0.12670100
  0
VERTEX
  8
0
 10
899.50170900
 20
486.31774900
 42
0.10799300
  0
VERTEX
  8
0
 10
902.44360300
 20
482.13574200
 42
0.09267700
  0
VERTEX
  8
0
 10
907.62524400
 20
478.90283200
 42
0.06498900
  0
VERTEX
  8
0
 10
914.81152300
 20
477.11962900
  0
VERTEX
  8
0
 10
915.00000000
 20
477.09765600
  0
VERTEX
  8
0
 10
915.18896500
 20
477.11962900
 42
0.06495800
  0
VERTEX
  8
0
 10
922.37524400
 20
478.90283200
 42
0.09267900
  0
VERTEX
  8
0
 10
927.55688500
 20
482.13574200
 42
0.10800000
  0
VERTEX
  8
0
 10
930.49877900
 20
486.31774900
 42
0.12670200
  0
VERTEX
  8
0
 10
931.24218700
 20
491.37646500
  0
SEQEND
  0
POLYLINE
  8
0
 66
   1
 39
0.000000
 70
    0
  0
VERTEX
  8
0
 10
873.86035100
 20
528.55419900
 42
0.05265900
  0
VERTEX
  8
0
 10
894.14404300
 20
523.63440000
 42
0.04702300
  0
VERTEX
  8
0
 10
915.00000000
 20
522.82617200
 42
0.04702300
  0
VERTEX
  8
0
 10
935.85620100
 20
523.63440000
 42
0.05265900
  0
VERTEX
  8
0
 10
956.13989200
 20
528.55419900
  0
SEQEND
  0
POLYLINE
  8
0
 66
   1
 39
0.000000
 70
    0
  0
VERTEX
  8
0
 10
892.87646500
 20
231.38525400
 42
-0.05601800
  0
VERTEX
  8
0
 10
891.36376900
 20
236.51855500
 42
-0.10207500
  0
VERTEX
  8
0
 10
891.49365200
 20
241.03283700
 42
-0.17653000
  0
VERTEX
  8
0
 10
894.45898400
 20
245.54333500
 42
-0.09572800
  0
VERTEX
  8
0
 10
900.33764600
 20
248.37500000
 42
-0.13723400
  0
VERTEX
  8
0
 10
900.96386700
 20
253.82263200
 42
-0.09897400
  0
VERTEX
  8
0
 10
903.98950200
 20
258.39575200
 42
-0.06979400
  0
VERTEX
  8
0
 10
908.87670900
 20
262.10815400
 42
-0.05864000
  0
VERTEX
  8
0
 10
914.89697200
 20
264.60449200
  0
VERTEX
  8
0
 10
915.00000000
 20
264.60644500
  0
VERTEX
  8
0
 10
915.10302700
 20
264.60449200
 42
-0.05864100
  0
VERTEX
  8
0
 10
921.12329100
 20
262.10815400
 42
-0.06978900
  0
VERTEX
  8
0
 10
926.01074200
 20
258.39575200
 42
-0.09899100
  0
VERTEX
  8
0
 10
929.03637700
 20
253.82263200
 42
-0.13723400
  0
VERTEX
  8
0
 10
929.66259700
 20
248.37500000
 42
-0.09586800
  0
VERTEX
  8
0
 10
935.54516600
 20
245.53967300
 42
-0.17637600
  0
VERTEX
  8
0
 10
938.50634700
 20
241.03283700
 42
-0.10204800
  0
VERTEX
  8
0
 10
938.63549800
 20
236.51379400
 42
-0.05598000
  0
VERTEX
  8
0
 10
937.12353500
 20
231.38525400
  0
SEQEND
  0
POLYLINE
  8
0
 66
   1
 39
0.000000
 70
    0
  0
VERTEX
  8
0
 10
900.33764600
 20
248.37500000
 42
-0.04207000
  0
VERTEX
  8
0
 10
909.84472600
 20
223.27490200
 42
-0.01633600
  0
VERTEX
  8
0
 10
912.91796900
 20
210.94177300
 42
-0.02348100
  0
VERTEX
  8
0
 10
915.00000000
 20
198.40332000
 42
-0.02347700
  0
VERTEX
  8
0
 10
917.08227500
 20
210.94177300
 42
-0.01634200
  0
VERTEX
  8
0
 10
920.15576200
 20
223.27490200
 42
-0.04208800
  0
VERTEX
  8
0
 10
929.66259700
 20
248.37500000
  0
SEQEND
  0
POLYLINE
  8
0
 66
   1
 39
0.000000
 70
    0
  0
VERTEX
  8
0
 10
856.26660100
 20
150.86279300
 42
0.06070600
  0
VERTEX
  8
0
 10
864.00708000
 20
133.70068400
 42
0.06947300
  0
VERTEX
  8
0
 10
876.32812500
 20
118.57885800
 42
0.12175100
  0
VERTEX
  8
0
 10
902.12597600
 20
104.28210500
 42
0.04792600
  0
VERTEX
  8
0
 10
915.00390600
 20
102.09863300
  0
VERTEX
  8
0
 10
915.00000000
 20
102.09863300
  0
VERTEX
  8
0
 10
915.00390600
 20
102.09863300
  0
VERTEX
  8
0
 10
915.00000000
 20
102.09863300
  0
VERTEX
  8
0
 10
914.99658200
 20
102.09863300
 42
0.04843100
  0
VERTEX
  8
0
 10
927.99755800
 20
104.31652800
 42
0.12124000
  0
VERTEX
  8
0
 10
953.67211900
 20
118.57885800
 42
0.06948800
  0
VERTEX
  8
0
 10
965.99316400
 20
133.70068400
 42
0.06070100
  0
VERTEX
  8
0
 10
973.73339800
 20
150.86279300
  0
SEQEND
  0
POLYLINE
  8
0
 66
   1
 39
0.000000
 70
    0
  0
VERTEX
  8
0
 10
881.21655300
 20
156.52636700
 42
0.20743600
  0
VERTEX
  8
0
 10
873.95263700
 20
172.24133300
 42
0.11945600
  0
VERTEX
  8
0
 10
860.84814400
 20
179.24755900
 42
0.10437800
  0
VERTEX
  8
0
 10
845.90185500
 20
179.83105500
 42
-0.04916500
  0
VERTEX
  8
0
 10
854.00585900
 20
174.17883300
 42
-0.10139200
  0
VERTEX
  8
0
 10
863.17163100
 20
162.40307600
 42
-0.02417700
  0
VERTEX
  8
0
 10
866.29126000
 20
155.24511700
 42
-0.00667000
  0
VERTEX
  8
0
 10
868.95190400
 20
147.94116200
 42
0.02597000
  0
VERTEX
  8
0
 10
871.89209000
 20
140.74511700
 42
0.08774100
  0
VERTEX
  8
0
 10
883.10205100
 20
124.87402400
 42
0.07777200
  0
VERTEX
  8
0
 10
897.74902300
 20
114.33935600
 42
0.08569400
  0
VERTEX
  8
0
 10
914.99951200
 20
109.05371100
  0
VERTEX
  8
0
 10
915.00000000
 20
109.05371100
  0
VERTEX
  8
0
 10
914.99951200
 20
109.05371100
  0
VERTEX
  8
0
 10
915.00000000
 20
109.05371100
  0
VERTEX
  8
0
 10
915.00048800
 20
109.05371100
 42
0.08568000
  0
VERTEX
  8
0
 10
932.25122100
 20
114.33935600
 42
0.07777500
  0
VERTEX
  8
0
 10
946.89843700
 20
124.87402400
 42
0.08772400
  0
VERTEX
  8
0
 10
958.10839800
 20
140.74511700
 42
0.02595500
  0
VERTEX
  8
0
 10
961.04834000
 20
147.94116200
 42
-0.00669100
  0
VERTEX
  8
0
 10
963.70898400
 20
155.24511700
 42
-0.02142200
  0
VERTEX
  8
0
 10
966.52563500
 20
161.80615200
 42
-0.11149100
  0
VERTEX
  8
0
 10
977.02832000
 20
175.05053700
 42
-0.04191700
  0
VERTEX
  8
0
 10
984.09863300
 20
179.83105500
 42
0.10437600
  0
VERTEX
  8
0
 10
969.15209900
 20
179.24755900
 42
0.11945800
  0
VERTEX
  8
0
 10
956.04785100
 20
172.24133300
 42
0.20742400
  0
VERTEX
  8
0
 10
948.78369100
 20
156.52636700
  0
SEQEND
  0
POLYLINE
  8
0
 66
   1
 39
0.000000
 70
    0
  0
VERTEX
  8
0
 10
1096.46142600
 20
483.52636700
 42
-0.29827800
  0
VERTEX
  8
0
 10
1111.03613300
 20
478.63183600
 42
0.15572500
  0
VERTEX
  8
0
 10
1117.71899400
 20
473.66638200
 42
0.14911100
  0
VERTEX
  8
0
 10
1126.03979500
 20
473.38232400
  0
SEQEND
  0
POLYLINE
  8
0
 66
   1
 39
0.000000
 70
    0
  0
VERTEX
  8
0
 10
1110.85107400
 20
490.68896500
 42
-0.29924100
  0
VERTEX
  8
0
 10
1124.79638700
 20
484.25293000
 42
0.15638700
  0
VERTEX
  8
0
 10
1130.89404300
 20
478.59619200
 42
0.14894000
  0
VERTEX
  8
0
 10
1139.12768500
 20
477.41943400
  0
SEQEND
  0
POLYLINE
  8
0
 66
   1
 39
0.000000
 70
    0
  0
VERTEX
  8
0
 10
1100.81494100
 20
541.81250000
 42
-0.29929600
  0
VERTEX
  8
0
 10
1114.62792900
 20
535.10156300
 42
0.15649700
  0
VERTEX
  8
0
 10
1120.61010700
 20
529.32556200
 42
0.14900100
  0
VERTEX
  8
0
 10
1128.81738300
 20
527.98730500
  0
SEQEND
  0
POLYLINE
  8
0
 66
   1
 39
0.000000
 70
    0
  0
VERTEX
  8
0
 10
1116.88159200
 20
545.69433600
 42
-0.29952200
  0
VERTEX
  8
0
 10
1130.11816400
 20
537.93603500
 42
0.15695500
  0
VERTEX
  8
0
 10
1135.62524400
 20
531.71423300
 42
0.14897900
  0
VERTEX
  8
0
 10
1143.69775400
 20
529.74609400
  0
SEQEND
  0
POLYLINE
  8
0
 66
   1
 39
0.000000
 70
    0
  0
VERTEX
  8
0
 10
1133.33764600
 20
548.27490200
 42
-0.29987400
  0
VERTEX
  8
0
 10
1145.96435500
 20
539.58691400
 42
0.15732200
  0
VERTEX
  8
0
 10
1150.99877900
 20
532.98596200
 42
0.14908600
  0
VERTEX
  8
0
 10
1158.90185500
 20
530.44482400
  0
SEQEND
  0
POLYLINE
  8
0
 66
   1
 39
0.000000
 70
    0
  0
VERTEX
  8
0
 10
1149.59667900
 20
549.64453100
 42
-0.30028800
  0
VERTEX
  8
0
 10
1161.56689400
 20
540.09814500
 42
0.15767400
  0
VERTEX
  8
0
 10
1166.11499000
 20
533.16174300
 42
0.14918000
  0
VERTEX
  8
0
 10
1173.81347600
 20
530.07421900
  0
SEQEND
  0
POLYLINE
  8
0
 66
   1
 39
0.000000
 70
    0
  0
VERTEX
  8
0
 10
1166.28417900
 20
549.89746100
 42
-0.30090800
  0
VERTEX
  8
0
 10
1177.36962900
 20
539.36279300
 42
0.15803500
  0
VERTEX
  8
0
 10
1181.29296900
 20
532.06494200
 42
0.14950300
  0
VERTEX
  8
0
 10
1188.69042900
 20
528.33300800
  0
SEQEND
  0
POLYLINE
  8
0
 66
   1
 39
0.000000
 70
    0
  0
VERTEX
  8
0
 10
1182.61669900
 20
548.78613300
 42
-0.30136800
  0
VERTEX
  8
0
 10
1192.97338800
 20
537.55517600
 42
0.15827400
  0
VERTEX
  8
0
 10
1196.40283200
 20
530.02038600
 42
0.14972200
  0
VERTEX
  8
0
 10
1203.53515600
 20
525.81738300
  0
SEQEND
  0
POLYLINE
  8
0
 66
   1
 39
0.000000
 70
    0
  0
VERTEX
  8
0
 10
1198.69873000
 20
546.57177700
 42
-0.30203900
  0
VERTEX
  8
0
 10
1208.06884700
 20
534.52880900
 42
0.15847600
  0
VERTEX
  8
0
 10
1210.84716800
 20
526.73938000
 42
0.15005800
  0
VERTEX
  8
0
 10
1217.59790000
 20
521.96191400
  0
SEQEND
  0
POLYLINE
  8
0
 66
   1
 39
0.000000
 70
    0
  0
VERTEX
  8
0
 10
1214.53466800
 20
543.17089900
 42
-0.30267100
  0
VERTEX
  8
0
 10
1222.95556600
 20
530.46679700
 42
0.15861300
  0
VERTEX
  8
0
 10
1225.12768500
 20
522.49462900
 42
0.15047300
  0
VERTEX
  8
0
 10
1231.49267600
 20
517.22558600
  0
SEQEND
  0
POLYLINE
  8
0
 66
   1
 39
0.000000
 70
    0
  0
VERTEX
  8
0
 10
1229.96362300
 20
538.58740200
 42
-0.30343700
  0
VERTEX
  8
0
 10
1237.38720700
 20
525.29882800
 42
0.15866800
  0
VERTEX
  8
0
 10
1238.94238300
 20
517.19067400
 42
0.15090200
  0
VERTEX
  8
0
 10
1244.88623000
 20
511.46093800
  0
SEQEND
  0
POLYLINE
  8
0
 66
   1
 39
0.000000
 70
    0
  0
VERTEX
  8
0
 10
1244.91748000
 20
532.93847700
 42
-0.30407500
  0
VERTEX
  8
0
 10
1251.30883800
 20
519.13671900
 42
0.15862100
  0
VERTEX
  8
0
 10
1252.24072200
 20
510.93994200
 42
0.15136100
  0
VERTEX
  8
0
 10
1257.73144500
 20
504.78320300
  0
SEQEND
  0
POLYLINE
  8
0
 66
   1
 39
0.000000
 70
    0
  0
VERTEX
  8
0
 10
1259.65185500
 20
526.10644500
 42
-0.30424100
  0
VERTEX
  8
0
 10
1264.85791000
 20
511.82812500
 42
0.15854000
  0
VERTEX
  8
0
 10
1265.09643500
 20
503.58813500
 42
0.15185900
  0
VERTEX
  8
0
 10
1270.05126900
 20
497.00000000
  0
SEQEND
  0
POLYLINE
  8
0
 66
   1
 39
0.000000
 70
    0
  0
VERTEX
  8
0
 10
1273.90625000
 20
518.01171900
 42
-0.30426400
  0
VERTEX
  8
0
 10
1277.92089800
 20
503.36523400
 42
0.15837800
  0
VERTEX
  8
0
 10
1277.47802700
 20
495.13855000
 42
0.15235300
  0
VERTEX
  8
0
 10
1281.87329100
 20
488.17041000
  0
SEQEND
  0
POLYLINE
  8
0
 66
   1
 39
0.000000
 70
    0
  0
VERTEX
  8
0
 10
1287.02758800
 20
509.05566400
 42
-0.30418200
  0
VERTEX
  8
0
 10
1289.91259700
 20
494.15234400
 42
0.15811700
  0
VERTEX
  8
0
 10
1288.84667900
 20
485.98632800
 42
0.15282300
  0
VERTEX
  8
0
 10
1292.70166000
 20
478.70898400
  0
SEQEND
  0
POLYLINE
  8
0
 66
   1
 39
0.000000
 70
    0
  0
VERTEX
  8
0
 10
1299.62597600
 20
498.80859400
 42
-0.30391600
  0
VERTEX
  8
0
 10
1301.04126000
 20
483.70019500
 42
0.15772800
  0
VERTEX
  8
0
 10
1299.18017600
 20
475.68054200
 42
0.15337800
  0
VERTEX
  8
0
 10
1302.30419900
 20
468.06347700
  0
SEQEND
  0
POLYLINE
  8
0
 66
   1
 39
0.000000
 70
    0
  0
VERTEX
  8
0
 10
1310.95654300
 20
487.90966800
 42
-0.15102800
  0
VERTEX
  8
0
 10
1313.38574200
 20
480.35876500
 42
-0.14759800
  0
VERTEX
  8
0
 10
1311.18408200
 20
472.74365200
 42
0.15734400
  0
VERTEX
  8
0
 10
1308.69946300
 20
464.89538600
 42
0.15379100
  0
VERTEX
  8
0
 10
1311.21679700
 20
457.05761700
  0
SEQEND
  0
POLYLINE
  8
0
 66
   1
 39
0.000000
 70
    0
  0
VERTEX
  8
0
 10
1321.61181600
 20
475.89941400
 42
-0.15141800
  0
VERTEX
  8
0
 10
1323.39941400
 20
468.17114300
 42
-0.14718500
  0
VERTEX
  8
0
 10
1320.56640600
 20
460.76562500
 42
0.31737000
  0
VERTEX
  8
0
 10
1319.28808600
 20
445.12988300
  0
SEQEND
  0
POLYLINE
  8
0
 66
   1
 39
0.000000
 70
    0
  0
VERTEX
  8
0
 10
1331.14965800
 20
463.01025400
 42
-0.15171400
  0
VERTEX
  8
0
 10
1332.25708000
 20
455.15356500
 42
-0.14672200
  0
VERTEX
  8
0
 10
1328.78662100
 20
448.01562500
 42
0.31763400
  0
VERTEX
  8
0
 10
1326.14550800
 20
432.54687500
  0
SEQEND
  0
POLYLINE
  8
0
 66
   1
 39
0.000000
 70
    0
  0
VERTEX
  8
0
 10
1339.41357400
 20
449.50000000
 42
-0.15200100
  0
VERTEX
  8
0
 10
1339.84277300
 20
441.57373100
 42
-0.14622200
  0
VERTEX
  8
0
 10
1335.77417000
 20
434.75573700
 42
0.31783700
  0
VERTEX
  8
0
 10
1331.81542900
 20
419.56250000
  0
SEQEND
  0
POLYLINE
  8
0
 66
   1
 39
0.000000
 70
    0
  0
VERTEX
  8
0
 10
1346.79345700
 20
435.03613300
 42
-0.15217500
  0
VERTEX
  8
0
 10
1346.54418900
 20
427.09777800
 42
-0.14573100
  0
VERTEX
  8
0
 10
1341.91015600
 20
420.64538600
 42
0.31785700
  0
VERTEX
  8
0
 10
1336.66796900
 20
405.83398400
  0
SEQEND
  0
POLYLINE
  8
0
 66
   1
 39
0.000000
 70
    0
  0
VERTEX
  8
0
 10
1352.67114200
 20
420.69335900
 42
-0.15224700
  0
VERTEX
  8
0
 10
1351.81640600
 20
412.79199200
 42
-0.14533900
  0
VERTEX
  8
0
 10
1346.70605400
 20
406.70605500
 42
0.31749300
  0
VERTEX
  8
0
 10
1340.34887700
 20
392.32421900
  0
SEQEND
  0
POLYLINE
  8
0
 66
   1
 39
0.000000
 70
    0
  0
VERTEX
  8
0
 10
1357.25122100
 20
405.59570300
 42
-0.15228100
  0
VERTEX
  8
0
 10
1355.89355400
 20
397.75988800
 42
-0.14494800
  0
VERTEX
  8
0
 10
1350.40087900
 20
392.00293000
 42
0.31692500
  0
VERTEX
  8
0
 10
1343.14282200
 20
378.04101600
  0
SEQEND
  0
POLYLINE
  8
0
 66
   1
 39
0.000000
 70
    0
  0
VERTEX
  8
0
 10
1361.19604500
 20
390.20996100
 42
-0.15224500
  0
VERTEX
  8
0
 10
1359.21069300
 20
382.50219700
 42
-0.14453700
  0
VERTEX
  8
0
 10
1353.27832000
 20
377.19824200
 42
0.31612600
  0
VERTEX
  8
0
 10
1344.92114200
 20
363.84668000
  0
SEQEND
  0
POLYLINE
  8
0
 66
   1
 39
0.000000
 70
    0
  0
VERTEX
  8
0
 10
1363.68334900
 20
374.36914100
 42
-0.15214400
  0
VERTEX
  8
0
 10
1361.11889600
 20
366.82678200
 42
-0.14412400
  0
VERTEX
  8
0
 10
1354.79834000
 20
361.97460900
 42
0.31547100
  0
VERTEX
  8
0
 10
1345.44824200
 20
349.27734400
  0
SEQEND
  0
POLYLINE
  8
0
 66
   1
 39
0.000000
 70
    0
  0
VERTEX
  8
0
 10
1365.16479500
 20
358.02832000
 42
-0.15192600
  0
VERTEX
  8
0
 10
1361.96923800
 20
350.72180200
 42
-0.14377200
  0
VERTEX
  8
0
 10
1355.25634700
 20
346.40722700
 42
0.31477400
  0
VERTEX
  8
0
 10
1344.86328100
 20
334.52392600
  0
SEQEND
  0
POLYLINE
  8
0
 66
   1
 39
0.000000
 70
    0
  0
VERTEX
  8
0
 10
1365.04443300
 20
341.49218800
 42
-0.15173700
  0
VERTEX
  8
0
 10
1361.36230400
 20
334.41076700
 42
-0.14348500
  0
VERTEX
  8
0
 10
1354.37255800
 20
330.54785200
 42
0.31418200
  0
VERTEX
  8
0
 10
1343.20166000
 20
319.37011700
  0
SEQEND
  0
POLYLINE
  8
0
 66
   1
 39
0.000000
 70
    0
  0
VERTEX
  8
0
 10
1363.75805600
 20
324.84472700
 42
-0.15149700
  0
VERTEX
  8
0
 10
1359.59741200
 20
318.02526900
 42
-0.14329700
  0
VERTEX
  8
0
 10
1352.36035100
 20
314.63916000
 42
0.31374100
  0
VERTEX
  8
0
 10
1340.44580100
 20
304.23339900
  0
SEQEND
  0
POLYLINE
  8
0
 66
   1
 39
0.000000
 70
    0
  0
VERTEX
  8
0
 10
1361.29516600
 20
308.13378900
 42
-0.15114500
  0
VERTEX
  8
0
 10
1356.59350600
 20
301.66503900
 42
-0.14307000
  0
VERTEX
  8
0
 10
1349.09814400
 20
298.86230500
 42
0.31317500
  0
VERTEX
  8
0
 10
1336.37255800
 20
289.43457000
  0
SEQEND
  0
POLYLINE
  8
0
 66
   1
 39
0.000000
 70
    0
  0
VERTEX
  8
0
 10
1357.47607400
 20
291.32959000
 42
-0.15072800
  0
VERTEX
  8
0
 10
1352.24755800
 20
285.26855500
 42
-0.14292500
  0
VERTEX
  8
0
 10
1344.54394500
 20
283.08789100
 42
0.31282700
  0
VERTEX
  8
0
 10
1331.07055600
 20
274.72949200
  0
SEQEND
  0
POLYLINE
  8
0
 66
   1
 39
0.000000
 70
    0
  0
VERTEX
  8
0
 10
1352.54834000
 20
275.42480500
 42
-0.15029400
  0
VERTEX
  8
0
 10
1346.84985300
 20
269.79345700
 42
-0.14285800
  0
VERTEX
  8
0
 10
1338.99462900
 20
268.22216800
 42
0.31245600
  0
VERTEX
  8
0
 10
1324.88647400
 20
260.95117200
  0
SEQEND
  0
POLYLINE
  8
0
 66
   1
 39
0.000000
 70
    0
  0
VERTEX
  8
0
 10
1346.32910100
 20
260.17285200
 42
-0.14987800
  0
VERTEX
  8
0
 10
1340.25415000
 20
254.94104000
 42
-0.14286200
  0
VERTEX
  8
0
 10
1332.30078100
 20
253.90527400
 42
0.31224000
  0
VERTEX
  8
0
 10
1317.71826200
 20
247.60644500
  0
SEQEND
  0
POLYLINE
  8
0
 66
   1
 39
0.000000
 70
    0
  0
VERTEX
  8
0
 10
1338.94335900
 20
245.38085900
 42
-0.14941300
  0
VERTEX
  8
0
 10
1332.46923800
 20
240.64257800
 42
-0.14294000
  0
VERTEX
  8
0
 10
1324.45312500
 20
240.23242200
 42
0.31172900
  0
VERTEX
  8
0
 10
1309.40820300
 20
235.09814500
  0
SEQEND
  0
POLYLINE
  8
0
 66
   1
 39
0.000000
 70
    0
  0
VERTEX
  8
0
 10
1329.98168900
 20
230.43847700
 42
-0.14895700
  0
VERTEX
  8
0
 10
1323.15380800
 20
226.21716300
 42
-0.14317400
  0
VERTEX
  8
0
 10
1315.12695300
 20
226.42785700
 42
0.31108200
  0
VERTEX
  8
0
 10
1299.71801700
 20
222.47851600
  0
SEQEND
  0
POLYLINE
  8
0
 66
   1
 39
0.000000
 70
    0
  0
VERTEX
  8
0
 10
1320.12133800
 20
216.55273400
 42
-0.14852000
  0
VERTEX
  8
0
 10
1312.96093700
 20
212.91528300
 42
-0.14330300
  0
VERTEX
  8
0
 10
1304.97778300
 20
213.79187000
 42
0.31039900
  0
VERTEX
  8
0
 10
1289.28710900
 20
211.12793000
  0
SEQEND
  0
POLYLINE
  8
0
 66
   1
 39
0.000000
 70
    0
  0
VERTEX
  8
0
 10
1310.11206000
 20
204.36193900
 42
-0.29560700
  0
VERTEX
  8
0
 10
1294.79638700
 20
202.75305200
 42
0.30984100
  0
VERTEX
  8
0
 10
1278.94433600
 20
201.28808600
  0
SEQEND
  0
POLYLINE
  8
0
 66
   1
 39
0.000000
 70
    0
  0
VERTEX
  8
0
 10
1298.54663100
 20
192.55419900
 42
-0.29586000
  0
VERTEX
  8
0
 10
1283.14892600
 20
192.08288600
 42
0.30936800
  0
VERTEX
  8
0
 10
1267.22998000
 20
191.78955100
  0
SEQEND
  0
POLYLINE
  8
0
 66
   1
 39
0.000000
 70
    0
  0
VERTEX
  8
0
 10
1286.56005800
 20
181.88855000
 42
-0.29617600
  0
VERTEX
  8
0
 10
1271.17285100
 20
182.48388700
 42
0.30900700
  0
VERTEX
  8
0
 10
1255.27246100
 20
183.29492200
  0
SEQEND
  0
POLYLINE
  8
0
 66
   1
 39
0.000000
 70
    0
  0
VERTEX
  8
0
 10
1273.23901300
 20
172.05065900
 42
-0.29652800
  0
VERTEX
  8
0
 10
1257.90747100
 20
173.47363300
 42
0.30879800
  0
VERTEX
  8
0
 10
1242.07617200
 20
175.14355500
  0
SEQEND
  0
POLYLINE
  8
0
 66
   1
 39
0.000000
 70
    0
  0
VERTEX
  8
0
 10
1259.43115200
 20
162.62402400
 42
-0.29702400
  0
VERTEX
  8
0
 10
1244.23730400
 20
165.11523400
 42
0.15475300
  0
VERTEX
  8
0
 10
1236.83227500
 20
168.93920900
 42
0.14946800
  0
VERTEX
  8
0
 10
1228.56567400
 20
167.88281300
  0
SEQEND
  0
POLYLINE
  8
0
 66
   1
 39
0.000000
 70
    0
  0
VERTEX
  8
0
 10
1244.94726500
 20
154.37402400
 42
-0.29754400
  0
VERTEX
  8
0
 10
1229.97924800
 20
157.96093800
 42
0.15513600
  0
VERTEX
  8
0
 10
1222.87402300
 20
162.31054700
 42
0.14927200
  0
VERTEX
  8
0
 10
1214.55566400
 20
161.85351600
  0
SEQEND
  0
POLYLINE
  8
0
 66
   1
 39
0.000000
 70
    0
  0
VERTEX
  8
0
 10
1230.27539000
 20
147.44043000
 42
-0.29806200
  0
VERTEX
  8
0
 10
1215.58154300
 20
151.98730500
 42
0.15555700
  0
VERTEX
  8
0
 10
1208.77954100
 20
156.79162600
 42
0.14914800
  0
VERTEX
  8
0
 10
1200.45263700
 20
156.87695300
  0
SEQEND
  0
POLYLINE
  8
0
 66
   1
 39
0.000000
 70
    0
  0
VERTEX
  8
0
 10
1214.95117200
 20
141.45507800
 42
-0.29862000
  0
VERTEX
  8
0
 10
1200.56933600
 20
146.88867200
 42
0.15592200
  0
VERTEX
  8
0
 10
1194.07592800
 20
152.09545900
 42
0.14903300
  0
VERTEX
  8
0
 10
1185.77368100
 20
152.68310600
  0
SEQEND
  0
POLYLINE
  8
0
 66
   1
 39
0.000000
 70
    0
  0
VERTEX
  8
0
 10
1199.56347600
 20
136.39550800
 42
-0.29910000
  0
VERTEX
  8
0
 10
1185.55664000
 20
142.70947300
 42
0.15632200
  0
VERTEX
  8
0
 10
1179.40551700
 20
148.30920400
 42
0.14899500
  0
VERTEX
  8
0
 10
1171.16015600
 20
149.40918000
  0
SEQEND
  0
POLYLINE
  8
0
 66
   1
 39
0.000000
 70
    0
  0
VERTEX
  8
0
 10
1183.59423800
 20
132.13867200
 42
-0.29934700
  0
VERTEX
  8
0
 10
1169.97436500
 20
139.22753900
 42
0.15663300
  0
VERTEX
  8
0
 10
1164.15380800
 20
145.16357400
 42
0.14897800
  0
VERTEX
  8
0
 10
1155.98779300
 20
146.72265600
  0
SEQEND
  0
POLYLINE
  8
0
 66
   1
 39
0.000000
 70
    0
  0
VERTEX
  8
0
 10
1166.63232400
 20
128.66601600
 42
-0.29965700
  0
VERTEX
  8
0
 10
1153.54321300
 20
136.66601600
 42
0.15705400
  0
VERTEX
  8
0
 10
1148.15039000
 20
142.98461900
 42
0.14896100
  0
VERTEX
  8
0
 10
1140.11621100
 20
145.09570300
  0
SEQEND
  0
POLYLINE
  8
0
 66
   1
 39
0.000000
 70
    0
  0
VERTEX
  8
0
 10
1150.60546900
 20
126.35791000
 42
-0.29988800
  0
VERTEX
  8
0
 10
1138.01538100
 20
135.09570300
 42
0.15734800
  0
VERTEX
  8
0
 10
1133.00854500
 20
141.71704100
 42
0.14912700
  0
VERTEX
  8
0
 10
1125.11596700
 20
144.29003900
  0
SEQEND
  0
POLYLINE
  8
0
 66
   1
 39
0.000000
 70
    0
  0
VERTEX
  8
0
 10
1134.57690400
 20
125.03222700
 42
-0.30029200
  0
VERTEX
  8
0
 10
1122.55957000
 20
134.52050800
 42
0.15762500
  0
VERTEX
  8
0
 10
1117.97607400
 20
141.43420400
 42
0.14927500
  0
VERTEX
  8
0
 10
1110.26171900
 20
144.48339900
  0
SEQEND
  0
POLYLINE
  8
0
 66
   1
 39
0.000000
 70
    0
  0
VERTEX
  8
0
 10
1118.21997100
 20
124.65527400
 42
-0.30057500
  0
VERTEX
  8
0
 10
1106.73681600
 20
134.77050800
 42
0.15787600
  0
VERTEX
  8
0
 10
1102.53710900
 20
141.91699200
 42
0.14942300
  0
VERTEX
  8
0
 10
1095.00146500
 20
145.37011700
  0
SEQEND
  0
POLYLINE
  8
0
 66
   1
 39
0.000000
 70
    0
  0
VERTEX
  8
0
 10
1102.13501000
 20
125.17382800
 42
-0.30109700
  0
VERTEX
  8
0
 10
1091.31347600
 20
135.96777400
 42
0.15812700
  0
VERTEX
  8
0
 10
1087.57055600
 20
143.35632300
 42
0.14954000
  0
VERTEX
  8
0
 10
1080.26757800
 20
147.26367200
  0
SEQEND
  0
POLYLINE
  8
0
 66
   1
 39
0.000000
 70
    0
  0
VERTEX
  8
0
 10
1086.04003900
 20
126.69531300
 42
-0.30134300
  0
VERTEX
  8
0
 10
1075.56591800
 20
137.81835900
 42
0.15822700
  0
VERTEX
  8
0
 10
1072.05786100
 20
145.31774900
 42
0.14966800
  0
VERTEX
  8
0
 10
1064.88183600
 20
149.44726600
  0
SEQEND
  0
POLYLINE
  8
0
 66
   1
 39
0.000000
 70
    0
  0
VERTEX
  8
0
 10
1070.01611300
 20
129.04003900
 42
-0.30130000
  0
VERTEX
  8
0
 10
1059.54199200
 20
140.16308600
 42
0.03210900
  0
VERTEX
  8
0
 10
1059.22387700
 20
141.84130900
  0
SEQEND
  0
POLYLINE
  8
0
 66
   1
 39
0.000000
 70
    0
  0
VERTEX
  8
0
 10
1126.08129900
 20
496.25244200
 42
-0.29956200
  0
VERTEX
  8
0
 10
1139.22265600
 20
488.33984400
 42
0.15701700
  0
VERTEX
  8
0
 10
1144.65551700
 20
482.05481000
 42
0.14900700
  0
VERTEX
  8
0
 10
1152.70361300
 20
479.99414100
  0
SEQEND
  0
POLYLINE
  8
0
 66
   1
 39
0.000000
 70
    0
  0
VERTEX
  8
0
 10
1141.66381800
 20
500.13378900
 42
-0.30008700
  0
VERTEX
  8
0
 10
1153.96313500
 20
491.00195300
 42
0.15750400
  0
VERTEX
  8
0
 10
1158.75439400
 20
484.22705100
 42
0.14918000
  0
VERTEX
  8
0
 10
1166.55908200
 20
481.40820300
  0
SEQEND
  0
POLYLINE
  8
0
 66
   1
 39
0.000000
 70
    0
  0
VERTEX
  8
0
 10
1157.53100600
 20
502.23291000
 42
-0.30079200
  0
VERTEX
  8
0
 10
1168.72119100
 20
491.80957000
 42
0.15800700
  0
VERTEX
  8
0
 10
1172.71801700
 20
484.55053700
 42
0.14947500
  0
VERTEX
  8
0
 10
1180.15283200
 20
480.89160200
  0
SEQEND
  0
POLYLINE
  8
0
 66
   1
 39
0.000000
 70
    0
  0
VERTEX
  8
0
 10
1173.69799800
 20
502.80175800
 42
-0.30167600
  0
VERTEX
  8
0
 10
1183.62963800
 20
491.20800800
 42
0.15835300
  0
VERTEX
  8
0
 10
1186.77172800
 20
483.55322300
 42
0.14994500
  0
VERTEX
  8
0
 10
1193.74023400
 20
479.09130900
  0
SEQEND
  0
POLYLINE
  8
0
 66
   1
 39
0.000000
 70
    0
  0
VERTEX
  8
0
 10
1189.39038100
 20
501.54492200
 42
-0.30254600
  0
VERTEX
  8
0
 10
1198.05175800
 20
489.00000000
 42
0.15858400
  0
VERTEX
  8
0
 10
1200.37353500
 20
481.06872600
 42
0.15041200
  0
VERTEX
  8
0
 10
1206.83642600
 20
475.91796900
  0
SEQEND
  0
POLYLINE
  8
0
 66
   1
 39
0.000000
 70
    0
  0
VERTEX
  8
0
 10
1205.02758800
 20
498.71582000
 42
-0.30351600
  0
VERTEX
  8
0
 10
1212.27172800
 20
485.33203100
 42
0.15868300
  0
VERTEX
  8
0
 10
1213.71728500
 20
477.20532200
 42
0.15099800
  0
VERTEX
  8
0
 10
1219.58349600
 20
471.39843800
  0
SEQEND
  0
POLYLINE
  8
0
 66
   1
 39
0.000000
 70
    0
  0
VERTEX
  8
0
 10
1220.21337900
 20
494.29785200
 42
-0.30420100
  0
VERTEX
  8
0
 10
1225.91943300
 20
480.20507800
 42
0.15859500
  0
VERTEX
  8
0
 10
1226.44970700
 20
471.97644100
 42
0.15165700
  0
VERTEX
  8
0
 10
1231.63427700
 20
465.56445300
  0
SEQEND
  0
POLYLINE
  8
0
 66
   1
 39
0.000000
 70
    0
  0
VERTEX
  8
0
 10
1234.61230400
 20
488.36621100
 42
-0.30425900
  0
VERTEX
  8
0
 10
1238.72802700
 20
473.74902400
 42
0.15837400
  0
VERTEX
  8
0
 10
1238.34179700
 20
465.51892100
 42
0.15233000
  0
VERTEX
  8
0
 10
1242.78515600
 20
458.58056700
  0
SEQEND
  0
POLYLINE
  8
0
 66
   1
 39
0.000000
 70
    0
  0
VERTEX
  8
0
 10
1248.26513700
 20
480.86230500
 42
-0.30414500
  0
VERTEX
  8
0
 10
1250.82128900
 20
465.90185600
 42
0.15804600
  0
VERTEX
  8
0
 10
1249.57568300
 20
457.76208500
 42
0.15293500
  0
VERTEX
  8
0
 10
1253.26928700
 20
450.40234400
  0
SEQEND
  0
POLYLINE
  8
0
 66
   1
 39
0.000000
 70
    0
  0
VERTEX
  8
0
 10
1261.10986300
 20
471.89257800
 42
-0.30374900
  0
VERTEX
  8
0
 10
1261.90771500
 20
456.74169900
 42
0.15752900
  0
VERTEX
  8
0
 10
1259.72045900
 20
448.80566400
 42
0.15360800
  0
VERTEX
  8
0
 10
1262.53076200
 20
441.06835900
  0
SEQEND
  0
POLYLINE
  8
0
 66
   1
 39
0.000000
 70
    0
  0
VERTEX
  8
0
 10
1272.82421900
 20
461.64550800
 42
-0.15133400
  0
VERTEX
  8
0
 10
1274.71801700
 20
453.94372600
 42
-0.14726800
  0
VERTEX
  8
0
 10
1271.99023400
 20
446.50097700
 42
0.31732100
  0
VERTEX
  8
0
 10
1270.92431600
 20
430.85058600
  0
SEQEND
  0
POLYLINE
  8
0
 66
   1
 39
0.000000
 70
    0
  0
VERTEX
  8
0
 10
1283.67382800
 20
449.94531300
 42
-0.15178500
  0
VERTEX
  8
0
 10
1284.66601500
 20
442.07348600
 42
-0.14664000
  0
VERTEX
  8
0
 10
1281.09423800
 20
434.98730500
 42
0.31768400
  0
VERTEX
  8
0
 10
1278.22363300
 20
419.55957000
  0
SEQEND
  0
POLYLINE
  8
0
 66
   1
 39
0.000000
 70
    0
  0
VERTEX
  8
0
 10
1292.83886700
 20
437.39746100
 42
-0.15209700
  0
VERTEX
  8
0
 10
1292.88549800
 20
429.45800800
 42
-0.14597200
  0
VERTEX
  8
0
 10
1288.49536100
 20
422.84033200
 42
0.31783000
  0
VERTEX
  8
0
 10
1283.81933600
 20
407.84668000
  0
SEQEND
  0
POLYLINE
  8
0
 66
   1
 39
0.000000
 70
    0
  0
VERTEX
  8
0
 10
1300.60498000
 20
423.64355500
 42
-0.15227700
  0
VERTEX
  8
0
 10
1299.78564400
 20
415.73962400
 42
-0.14532100
  0
VERTEX
  8
0
 10
1294.70361300
 20
409.62988300
 42
0.31757000
  0
VERTEX
  8
0
 10
1288.41674800
 20
395.21972700
  0
SEQEND
  0
POLYLINE
  8
0
 66
   1
 39
0.000000
 70
    0
  0
VERTEX
  8
0
 10
1306.84375000
 20
409.06347700
 42
-0.15226600
  0
VERTEX
  8
0
 10
1305.15893500
 20
401.28894100
 42
-0.14475800
  0
VERTEX
  8
0
 10
1299.43847600
 20
395.76269500
 42
0.31649200
  0
VERTEX
  8
0
 10
1291.60327100
 20
382.10839900
  0
SEQEND
  0
POLYLINE
  8
0
 66
   1
 39
0.000000
 70
    0
  0
VERTEX
  8
0
 10
1311.41699200
 20
394.06689500
 42
-0.15214800
  0
VERTEX
  8
0
 10
1308.90161100
 20
386.51001000
 42
-0.14416700
  0
VERTEX
  8
0
 10
1302.61474600
 20
381.61621100
 42
0.31554800
  0
VERTEX
  8
0
 10
1293.35205100
 20
368.85937500
  0
SEQEND
  0
POLYLINE
  8
0
 66
   1
 39
0.000000
 70
    0
  0
VERTEX
  8
0
 10
1314.25219700
 20
378.54882800
 42
-0.15196900
  0
VERTEX
  8
0
 10
1311.10791000
 20
371.22241200
 42
-0.14374800
  0
VERTEX
  8
0
 10
1304.43554700
 20
366.86328100
 42
0.31483900
  0
VERTEX
  8
0
 10
1294.12890600
 20
354.90869200
  0
SEQEND
  0
POLYLINE
  8
0
 66
   1
 39
0.000000
 70
    0
  0
VERTEX
  8
0
 10
1315.73168900
 20
363.16503900
 42
-0.15177300
  0
VERTEX
  8
0
 10
1312.13574200
 20
356.04260300
 42
-0.14353700
  0
VERTEX
  8
0
 10
1305.19897400
 20
352.09619200
 42
0.31430100
  0
VERTEX
  8
0
 10
1294.16186500
 20
340.79199200
  0
SEQEND
  0
POLYLINE
  8
0
 66
   1
 39
0.000000
 70
    0
  0
VERTEX
  8
0
 10
1315.96313500
 20
347.02197300
 42
-0.15148400
  0
VERTEX
  8
0
 10
1311.79638700
 20
340.20788600
 42
-0.14332000
  0
VERTEX
  8
0
 10
1304.56054700
 20
336.82714900
 42
0.31374200
  0
VERTEX
  8
0
 10
1292.63842800
 20
326.43066400
  0
SEQEND
  0
POLYLINE
  8
0
 66
   1
 39
0.000000
 70
    0
  0
VERTEX
  8
0
 10
1315.21093700
 20
331.46679700
 42
-0.15112500
  0
VERTEX
  8
0
 10
1310.51049800
 20
324.99939000
 42
-0.14313000
  0
VERTEX
  8
0
 10
1303.02197200
 20
322.19384800
 42
0.31326600
  0
VERTEX
  8
0
 10
1290.29931600
 20
312.76367200
  0
SEQEND
  0
POLYLINE
  8
0
 66
   1
 39
0.000000
 70
    0
  0
VERTEX
  8
0
 10
1313.05639600
 20
315.70117200
 42
-0.15072600
  0
VERTEX
  8
0
 10
1307.86523400
 20
309.61120600
 42
-0.14298200
  0
VERTEX
  8
0
 10
1300.17480400
 20
307.38281300
 42
0.31278200
  0
VERTEX
  8
0
 10
1286.74780300
 20
298.95361300
  0
SEQEND
  0
POLYLINE
  8
0
 66
   1
 39
0.000000
 70
    0
  0
VERTEX
  8
0
 10
1309.81420900
 20
300.44140600
 42
-0.15036600
  0
VERTEX
  8
0
 10
1304.19506800
 20
294.73413100
 42
-0.14286500
  0
VERTEX
  8
0
 10
1296.36010700
 20
293.05517600
 42
0.31249800
  0
VERTEX
  8
0
 10
1282.35376000
 20
285.59668000
  0
SEQEND
  0
POLYLINE
  8
0
 66
   1
 39
0.000000
 70
    0
  0
VERTEX
  8
0
 10
1305.30371100
 20
285.38964900
 42
-0.14998200
  0
VERTEX
  8
0
 10
1299.29711900
 20
280.08349600
 42
-0.14287500
  0
VERTEX
  8
0
 10
1291.36181600
 20
278.94580100
 42
0.31232300
  0
VERTEX
  8
0
 10
1276.86376900
 20
272.46240200
  0
SEQEND
  0
POLYLINE
  8
0
 66
   1
 39
0.000000
 70
    0
  0
VERTEX
  8
0
 10
1299.78613300
 20
270.60546900
 42
-0.14942400
  0
VERTEX
  8
0
 10
1293.32226500
 20
265.85607900
 42
-0.14289200
  0
VERTEX
  8
0
 10
1285.31298800
 20
265.42688000
 42
0.31174200
  0
VERTEX
  8
0
 10
1270.28051700
 20
260.25878900
  0
SEQEND
  0
POLYLINE
  8
0
 66
   1
 39
0.000000
 70
    0
  0
VERTEX
  8
0
 10
1293.04052700
 20
256.32568400
 42
-0.14886000
  0
VERTEX
  8
0
 10
1286.15380800
 20
252.20227100
 42
-0.14310500
  0
VERTEX
  8
0
 10
1278.13037100
 20
252.52441400
 42
0.31090400
  0
VERTEX
  8
0
 10
1262.66699200
 20
248.78613300
  0
SEQEND
  0
POLYLINE
  8
0
 66
   1
 39
0.000000
 70
    0
  0
VERTEX
  8
0
 10
1285.05737300
 20
242.93457000
 42
-0.29547300
  0
VERTEX
  8
0
 10
1269.82031200
 20
240.73938000
 42
0.31009200
  0
VERTEX
  8
0
 10
1254.03857400
 20
238.66210900
  0
SEQEND
  0
POLYLINE
  8
0
 66
   1
 39
0.000000
 70
    0
  0
VERTEX
  8
0
 10
1275.63452100
 20
230.25390600
 42
-0.29587000
  0
VERTEX
  8
0
 10
1260.25341800
 20
229.57360800
 42
0.30941500
  0
VERTEX
  8
0
 10
1244.34008800
 20
229.07324200
  0
SEQEND
  0
POLYLINE
  8
0
 66
   1
 39
0.000000
 70
    0
  0
VERTEX
  8
0
 10
1264.85449200
 20
218.56835900
 42
-0.29636700
  0
VERTEX
  8
0
 10
1249.48486300
 20
219.55664100
 42
0.30890500
  0
VERTEX
  8
0
 10
1233.61084000
 20
220.77050800
  0
SEQEND
  0
POLYLINE
  8
0
 66
   1
 39
0.000000
 70
    0
  0
VERTEX
  8
0
 10
1252.83935500
 20
208.11828600
 42
-0.29686000
  0
VERTEX
  8
0
 10
1237.61474600
 20
210.38867200
 42
0.30861800
  0
VERTEX
  8
0
 10
1221.90234400
 20
212.92871100
  0
SEQEND
  0
POLYLINE
  8
0
 66
   1
 39
0.000000
 70
    0
  0
VERTEX
  8
0
 10
1240.07495100
 20
198.88855000
 42
-0.29741600
  0
VERTEX
  8
0
 10
1225.06835900
 20
202.30322300
 42
0.15507400
  0
VERTEX
  8
0
 10
1217.91308600
 20
206.57141100
 42
0.14933000
  0
VERTEX
  8
0
 10
1209.59960900
 20
206.01953100
  0
SEQEND
  0
POLYLINE
  8
0
 66
   1
 39
0.000000
 70
    0
  0
VERTEX
  8
0
 10
1226.48095700
 20
190.68737800
 42
-0.29805700
  0
VERTEX
  8
0
 10
1211.76879900
 20
195.17871100
 42
0.15553800
  0
VERTEX
  8
0
 10
1204.94702100
 20
199.95495600
 42
0.14913500
  0
VERTEX
  8
0
 10
1196.61938500
 20
200.00585900
  0
SEQEND
  0
POLYLINE
  8
0
 66
   1
 39
0.000000
 70
    0
  0
VERTEX
  8
0
 10
1212.18920900
 20
183.16162100
 42
-0.29879300
  0
VERTEX
  8
0
 10
1197.94531200
 20
188.92919900
 42
0.15609800
  0
VERTEX
  8
0
 10
1191.58154300
 20
194.29113800
 42
0.14903300
  0
VERTEX
  8
0
 10
1183.29736300
 20
195.07714900
  0
SEQEND
  0
POLYLINE
  8
0
 66
   1
 39
0.000000
 70
    0
  0
VERTEX
  8
0
 10
1197.42431600
 20
177.05859400
 42
-0.29931900
  0
VERTEX
  8
0
 10
1183.69921900
 20
183.93652400
 42
0.15654000
  0
VERTEX
  8
0
 10
1177.79101500
 20
189.78710900
 42
0.14897300
  0
VERTEX
  8
0
 10
1169.60180600
 20
191.22753900
  0
SEQEND
  0
POLYLINE
  8
0
 66
   1
 39
0.000000
 70
    0
  0
VERTEX
  8
0
 10
1182.24926700
 20
172.31152400
 42
-0.29956500
  0
VERTEX
  8
0
 10
1169.02587900
 20
180.08300800
 42
0.15695300
  0
VERTEX
  8
0
 10
1163.52880800
 20
186.31372100
 42
0.14897700
  0
VERTEX
  8
0
 10
1155.45947200
 20
188.29492200
  0
SEQEND
  0
POLYLINE
  8
0
 66
   1
 39
0.000000
 70
    0
  0
VERTEX
  8
0
 10
1166.64355400
 20
168.51953100
 42
-0.29991500
  0
VERTEX
  8
0
 10
1154.09765600
 20
177.31543000
 42
0.15738000
  0
VERTEX
  8
0
 10
1149.12524400
 20
183.96228000
 42
0.14908400
  0
VERTEX
  8
0
 10
1141.24658200
 20
186.57568400
  0
SEQEND
  0
POLYLINE
  8
0
 66
   1
 39
0.000000
 70
    0
  0
VERTEX
  8
0
 10
1151.33691400
 20
166.04003900
 42
-0.30043000
  0
VERTEX
  8
0
 10
1139.59301700
 20
175.85644500
 42
0.15776800
  0
VERTEX
  8
0
 10
1135.20581000
 20
182.89331100
 42
0.14932700
  0
VERTEX
  8
0
 10
1127.58056600
 20
186.15234400
  0
SEQEND
  0
POLYLINE
  8
0
 66
   1
 39
0.000000
 70
    0
  0
VERTEX
  8
0
 10
1135.15795900
 20
164.84326200
 42
-0.30093300
  0
VERTEX
  8
0
 10
1124.19628900
 20
175.49316400
 42
0.15805600
  0
VERTEX
  8
0
 10
1120.35742200
 20
182.83447300
 42
0.14953100
  0
VERTEX
  8
0
 10
1113.00366200
 20
186.64941400
  0
SEQEND
  0
POLYLINE
  8
0
 66
   1
 39
0.000000
 70
    0
  0
VERTEX
  8
0
 10
1119.54126000
 20
164.80957000
 42
-0.30158100
  0
VERTEX
  8
0
 10
1109.43066400
 20
176.25195300
 42
0.15834800
  0
VERTEX
  8
0
 10
1106.16699200
 20
183.85742200
 42
0.14983700
  0
VERTEX
  8
0
 10
1099.12817400
 20
188.21093800
  0
SEQEND
  0
POLYLINE
  8
0
 66
   1
 39
0.000000
 70
    0
  0
VERTEX
  8
0
 10
1105.22216800
 20
165.76074200
 42
-0.30192300
  0
VERTEX
  8
0
 10
1095.57421900
 20
177.58837900
 42
0.18116400
  0
VERTEX
  8
0
 10
1091.78784200
 20
186.27880900
  0
SEQEND
  0
POLYLINE
  8
0
 66
   1
 39
0.000000
 70
    0
  0
VERTEX
  8
0
 10
1095.81005800
 20
476.40820300
 42
-0.07714200
  0
VERTEX
  8
0
 10
1098.88916000
 20
473.50488300
 42
0.15572100
  0
VERTEX
  8
0
 10
1105.57226500
 20
468.53942900
 42
0.14908200
  0
VERTEX
  8
0
 10
1113.89306600
 20
468.25537100
  0
SEQEND
  0
POLYLINE
  8
0
 66
   1
 39
0.000000
 70
    0
  0
VERTEX
  8
0
 10
1085.61376900
 20
536.98828100
 42
-0.29875800
  0
VERTEX
  8
0
 10
1099.86987300
 20
531.24511700
 42
0.15607500
  0
VERTEX
  8
0
 10
1106.24609400
 20
525.89843800
 42
0.14897700
  0
VERTEX
  8
0
 10
1114.53173800
 20
525.13085900
  0
SEQEND
  0
POLYLINE
  8
0
 66
   1
 39
0.000000
 70
    0
  0
VERTEX
  8
0
 10
1072.78076200
 20
531.87304700
 42
-0.29085700
  0
VERTEX
  8
0
 10
1087.02050800
 20
526.98242200
 42
0.15569200
  0
VERTEX
  8
0
 10
1093.73632800
 20
522.06042500
 42
0.14912600
  0
VERTEX
  8
0
 10
1102.05957000
 20
521.83105500
  0
SEQEND
  0
POLYLINE
  8
0
 66
   1
 39
0.000000
 70
    0
  0
VERTEX
  8
0
 10
1058.80810500
 20
525.17382800
 42
-0.29034800
  0
VERTEX
  8
0
 10
1073.34716800
 20
521.21777400
 42
0.15524700
  0
VERTEX
  8
0
 10
1080.37646500
 20
516.74743700
 42
0.14925500
  0
VERTEX
  8
0
 10
1088.70068300
 20
517.06250000
  0
SEQEND
  0
POLYLINE
  8
0
 66
   1
 39
0.000000
 70
    0
  0
VERTEX
  8
0
 10
1051.60888700
 20
521.22949200
 42
-0.14753100
  0
VERTEX
  8
0
 10
1058.11572200
 20
516.53173800
 42
0.16344300
  0
VERTEX
  8
0
 10
1065.17382800
 20
511.34960900
  0
SEQEND
  0
POLYLINE
  8
0
 66
   1
 39
0.000000
 70
    0
  0
VERTEX
  8
0
 10
1039.06835900
 20
513.46289100
 42
-0.14558700
  0
VERTEX
  8
0
 10
1046.81835900
 20
511.48242200
 42
0.16111400
  0
VERTEX
  8
0
 10
1055.28295900
 20
509.24707000
  0
SEQEND
  0
POLYLINE
  8
0
 66
   1
 39
0.000000
 70
    0
  0
VERTEX
  8
0
 10
1121.95263700
 20
56.70605500
 42
-0.32168000
  0
VERTEX
  8
0
 10
1111.18310500
 20
68.33593800
 42
0.17390000
  0
VERTEX
  8
0
 10
1107.50390600
 20
76.54687500
 42
0.16505400
  0
VERTEX
  8
0
 10
1099.51513700
 20
80.68652400
  0
SEQEND
  0
POLYLINE
  8
0
 66
   1
 39
0.000000
 70
    0
  0
VERTEX
  8
0
 10
1143.68164000
 20
56.48632800
 42
-0.32108600
  0
VERTEX
  8
0
 10
1131.96826200
 20
67.19775400
 42
0.17357000
  0
VERTEX
  8
0
 10
1127.61108400
 20
75.08032200
 42
0.16476100
  0
VERTEX
  8
0
 10
1119.29980400
 20
78.55078100
  0
SEQEND
  0
POLYLINE
  8
0
 66
   1
 39
0.000000
 70
    0
  0
VERTEX
  8
0
 10
1165.28295900
 20
57.74707000
 42
-0.32056300
  0
VERTEX
  8
0
 10
1152.77392600
 20
67.54296900
 42
0.17320300
  0
VERTEX
  8
0
 10
1147.82202100
 20
75.07617200
 42
0.16454100
  0
VERTEX
  8
0
 10
1139.26513700
 20
77.91308600
  0
SEQEND
  0
POLYLINE
  8
0
 66
   1
 39
0.000000
 70
    0
  0
VERTEX
  8
0
 10
1186.56005800
 20
60.39355500
 42
-0.32020700
  0
VERTEX
  8
0
 10
1173.43408200
 20
69.38134800
 42
0.17283400
  0
VERTEX
  8
0
 10
1167.99975600
 20
76.58300800
 42
0.16445200
  0
VERTEX
  8
0
 10
1159.27197200
 20
78.86816400
  0
SEQEND
  0
POLYLINE
  8
0
 66
   1
 39
0.000000
 70
    0
  0
VERTEX
  8
0
 10
1207.17749000
 20
64.51367200
 42
-0.31988700
  0
VERTEX
  8
0
 10
1193.42773400
 20
72.53906300
 42
0.17242200
  0
VERTEX
  8
0
 10
1187.48510700
 20
79.33667000
 42
0.16439700
  0
VERTEX
  8
0
 10
1178.61035100
 20
80.99804700
  0
SEQEND
  0
POLYLINE
  8
0
 66
   1
 39
0.000000
 70
    0
  0
VERTEX
  8
0
 10
1227.23437500
 20
69.78320300
 42
-0.31959900
  0
VERTEX
  8
0
 10
1212.96386700
 20
76.87597700
 42
0.17195400
  0
VERTEX
  8
0
 10
1206.56933600
 20
83.25976600
 42
0.16442600
  0
VERTEX
  8
0
 10
1197.59667900
 20
84.32373100
  0
SEQEND
  0
POLYLINE
  8
0
 66
   1
 39
0.000000
 70
    0
  0
VERTEX
  8
0
 10
1247.06640600
 20
76.40332000
 42
-0.31948700
  0
VERTEX
  8
0
 10
1232.38964800
 20
82.64209000
 42
0.17156700
  0
VERTEX
  8
0
 10
1225.62011700
 20
88.63403300
 42
0.16450300
  0
VERTEX
  8
0
 10
1216.59521500
 20
89.16406300
  0
SEQEND
  0
POLYLINE
  8
0
 66
   1
 39
0.000000
 70
    0
  0
VERTEX
  8
0
 10
1266.63159200
 20
84.30456600
 42
-0.31918600
  0
VERTEX
  8
0
 10
1251.56298800
 20
89.55517600
 42
0.17109700
  0
VERTEX
  8
0
 10
1244.40649400
 20
95.08728000
 42
0.16456600
  0
VERTEX
  8
0
 10
1235.36132800
 20
95.02294900
  0
SEQEND
  0
POLYLINE
  8
0
 66
   1
 39
0.000000
 70
    0
  0
VERTEX
  8
0
 10
1285.83056600
 20
93.31164600
 42
-0.31871700
  0
VERTEX
  8
0
 10
1270.50488300
 20
97.77050800
 42
0.17073900
  0
VERTEX
  8
0
 10
1263.06787100
 20
102.92529300
 42
0.16475200
  0
VERTEX
  8
0
 10
1254.03442400
 20
102.39453100
  0
SEQEND
  0
POLYLINE
  8
0
 66
   1
 39
0.000000
 70
    0
  0
VERTEX
  8
0
 10
1304.39453100
 20
103.12793000
 42
-0.31833300
  0
VERTEX
  8
0
 10
1288.86474600
 20
106.85644500
 42
0.17037400
  0
VERTEX
  8
0
 10
1281.18530300
 20
111.64648400
 42
0.16491700
  0
VERTEX
  8
0
 10
1272.18603500
 20
110.68261700
  0
SEQEND
  0
POLYLINE
  8
0
 66
   1
 39
0.000000
 70
    0
  0
VERTEX
  8
0
 10
1322.45971700
 20
113.81042500
 42
-0.31791000
  0
VERTEX
  8
0
 10
1306.76709000
 20
116.81640600
 42
0.34212700
  0
VERTEX
  8
0
 10
1289.92407200
 20
119.86621100
  0
SEQEND
  0
POLYLINE
  8
0
 66
   1
 39
0.000000
 70
    0
  0
VERTEX
  8
0
 10
1339.81591800
 20
125.23327600
 42
-0.31757700
  0
VERTEX
  8
0
 10
1324.00952100
 20
127.56298800
 42
0.34229600
  0
VERTEX
  8
0
 10
1307.04785100
 20
129.89062500
  0
SEQEND
  0
POLYLINE
  8
0
 66
   1
 39
0.000000
 70
    0
  0
VERTEX
  8
0
 10
1357.32666000
 20
137.45251500
 42
-0.31732600
  0
VERTEX
  8
0
 10
1341.44531200
 20
139.23925800
 42
0.34245400
  0
VERTEX
  8
0
 10
1324.41088800
 20
140.98339900
  0
SEQEND
  0
POLYLINE
  8
0
 66
   1
 39
0.000000
 70
    0
  0
VERTEX
  8
0
 10
1373.94726500
 20
149.99511700
 42
-0.31705800
  0
VERTEX
  8
0
 10
1358.00830100
 20
151.09960900
 42
0.34263100
  0
VERTEX
  8
0
 10
1340.91357400
 20
152.12207000
  0
SEQEND
  0
POLYLINE
  8
0
 66
   1
 39
0.000000
 70
    0
  0
VERTEX
  8
0
 10
1390.37744100
 20
162.48242200
 42
-0.31698100
  0
VERTEX
  8
0
 10
1374.42871100
 20
163.53820800
 42
0.34264800
  0
VERTEX
  8
0
 10
1357.33056600
 20
164.50048800
  0
SEQEND
  0
POLYLINE
  8
0
 66
   1
 39
0.000000
 70
    0
  0
VERTEX
  8
0
 10
1406.81054700
 20
173.90539600
 42
-0.31726700
  0
VERTEX
  8
0
 10
1390.91626000
 20
175.58300800
 42
0.34249000
  0
VERTEX
  8
0
 10
1373.87011700
 20
177.20752000
  0
SEQEND
  0
POLYLINE
  8
0
 66
   1
 39
0.000000
 70
    0
  0
VERTEX
  8
0
 10
1423.24755800
 20
186.10156300
 42
-0.31713400
  0
VERTEX
  8
0
 10
1407.32421900
 20
187.41296400
 42
0.34257700
  0
VERTEX
  8
0
 10
1390.24462900
 20
188.65429700
  0
SEQEND
  0
POLYLINE
  8
0
 66
   1
 39
0.000000
 70
    0
  0
VERTEX
  8
0
 10
1439.80419900
 20
198.55175800
 42
-0.31707300
  0
VERTEX
  8
0
 10
1423.86792000
 20
199.73083500
 42
0.34264700
  0
VERTEX
  8
0
 10
1406.77832000
 20
200.82666000
  0
SEQEND
  0
POLYLINE
  8
0
 66
   1
 39
0.000000
 70
    0
  0
VERTEX
  8
0
 10
1455.90649400
 20
210.48547400
 42
-0.31708500
  0
VERTEX
  8
0
 10
1439.97094700
 20
211.71679700
 42
0.34263500
  0
VERTEX
  8
0
 10
1422.88427700
 20
212.86230500
  0
SEQEND
  0
POLYLINE
  8
0
 66
   1
 39
0.000000
 70
    0
  0
VERTEX
  8
0
 10
1471.99780300
 20
222.22180200
 42
-0.31720500
  0
VERTEX
  8
0
 10
1456.08227500
 20
223.65234400
 42
0.34252500
  0
VERTEX
  8
0
 10
1439.01220700
 20
225.01562500
  0
SEQEND
  0
POLYLINE
  8
0
 66
   1
 39
0.000000
 70
    0
  0
VERTEX
  8
0
 10
1488.35766600
 20
233.52539100
 42
-0.31736200
  0
VERTEX
  8
0
 10
1472.46972600
 20
235.26867700
 42
0.34248000
  0
VERTEX
  8
0
 10
1455.43090800
 20
236.96630900
  0
SEQEND
  0
POLYLINE
  8
0
 66
   1
 39
0.000000
 70
    0
  0
VERTEX
  8
0
 10
1505.07055600
 20
244.09948700
 42
-0.31760200
  0
VERTEX
  8
0
 10
1489.25683600
 20
246.39831600
 42
0.34225400
  0
VERTEX
  8
0
 10
1472.28955100
 20
248.69140600
  0
SEQEND
  0
POLYLINE
  8
0
 66
   1
 39
0.000000
 70
    0
  0
VERTEX
  8
0
 10
1521.96044900
 20
253.78173800
 42
-0.31793600
  0
VERTEX
  8
0
 10
1506.27880800
 20
256.81103500
 42
0.34217800
  0
VERTEX
  8
0
 10
1489.44042900
 20
259.89257800
  0
SEQEND
  0
POLYLINE
  8
0
 66
   1
 39
0.000000
 70
    0
  0
VERTEX
  8
0
 10
1539.75024400
 20
262.92321800
 42
-0.31838400
  0
VERTEX
  8
0
 10
1524.24365200
 20
266.73925800
 42
0.17044700
  0
VERTEX
  8
0
 10
1516.59350600
 20
271.57690400
 42
0.16488200
  0
VERTEX
  8
0
 10
1507.58789000
 20
270.66796900
  0
SEQEND
  0
POLYLINE
  8
0
 66
   1
 39
0.000000
 70
    0
  0
VERTEX
  8
0
 10
1557.92968700
 20
270.90905800
 42
-0.31883700
  0
VERTEX
  8
0
 10
1542.65820300
 20
275.54980500
 42
0.17082600
  0
VERTEX
  8
0
 10
1535.28247100
 20
280.79187000
 42
0.16471300
  0
VERTEX
  8
0
 10
1526.24389600
 20
280.36669900
  0
SEQEND
  0
POLYLINE
  8
0
 66
   1
 39
0.000000
 70
    0
  0
VERTEX
  8
0
 10
1576.31494100
 20
277.52636700
 42
-0.31944000
  0
VERTEX
  8
0
 10
1561.38793900
 20
283.15039100
 42
0.17127300
  0
VERTEX
  8
0
 10
1554.37353500
 20
288.85986300
 42
0.16455600
  0
VERTEX
  8
0
 10
1545.33081000
 20
289.02050800
  0
SEQEND
  0
POLYLINE
  8
0
 66
   1
 39
0.000000
 70
    0
  0
VERTEX
  8
0
 10
1595.07543900
 20
282.57324200
 42
-0.31956400
  0
VERTEX
  8
0
 10
1580.65087900
 20
289.35937500
 42
0.17183100
  0
VERTEX
  8
0
 10
1574.11816400
 20
295.60498100
 42
0.16444100
  0
VERTEX
  8
0
 10
1565.12255800
 20
296.47705100
  0
SEQEND
  0
POLYLINE
  8
0
 66
   1
 39
0.000000
 70
    0
  0
VERTEX
  8
0
 10
1613.62133800
 20
284.42089900
 42
-0.32017700
  0
VERTEX
  8
0
 10
1600.48657200
 20
293.38671900
 42
0.17284500
  0
VERTEX
  8
0
 10
1595.04467800
 20
300.58325200
 42
0.16445300
  0
VERTEX
  8
0
 10
1586.31396500
 20
302.85937500
  0
SEQEND
  0
POLYLINE
  8
0
 66
   1
 39
0.000000
 70
    0
  0
VERTEX
  8
0
 10
1632.15136700
 20
283.41992200
 42
-0.32105000
  0
VERTEX
  8
0
 10
1620.44799800
 20
294.14550800
 42
0.17355900
  0
VERTEX
  8
0
 10
1616.09863300
 20
302.03283700
 42
0.16476300
  0
VERTEX
  8
0
 10
1607.79052700
 20
305.51171900
  0
SEQEND
  0
POLYLINE
  8
0
 66
   1
 39
0.000000
 70
    0
  0
VERTEX
  8
0
 10
1649.86035100
 20
279.31005900
 42
-0.32254800
  0
VERTEX
  8
0
 10
1640.28295900
 20
291.91406300
 42
0.17415700
  0
VERTEX
  8
0
 10
1637.42980900
 20
300.43652400
 42
0.16549600
  0
VERTEX
  8
0
 10
1629.88720700
 20
305.32324200
  0
SEQEND
  0
POLYLINE
  8
0
 66
   1
 39
0.000000
 70
    0
  0
VERTEX
  8
0
 10
1666.20361300
 20
271.73291000
 42
-0.32448600
  0
VERTEX
  8
0
 10
1659.42187500
 20
285.98828100
 42
0.17430900
  0
VERTEX
  8
0
 10
1658.38549800
 20
294.89465300
 42
0.16670100
  0
VERTEX
  8
0
 10
1652.00781200
 20
301.19726600
  0
SEQEND
  0
POLYLINE
  8
0
 66
   1
 39
0.000000
 70
    0
  0
VERTEX
  8
0
 10
1679.66577100
 20
260.58935600
 42
-0.32521900
  0
VERTEX
  8
0
 10
1676.50244100
 20
276.01953100
 42
0.17373000
  0
VERTEX
  8
0
 10
1677.63488800
 20
284.89807100
 42
0.16839100
  0
VERTEX
  8
0
 10
1672.95068300
 20
292.52490200
  0
SEQEND
  0
POLYLINE
  8
0
 66
   1
 39
0.000000
 70
    0
  0
VERTEX
  8
0
 10
1689.83667000
 20
247.10351600
 42
-0.16091900
  0
VERTEX
  8
0
 10
1687.57775900
 20
255.06909200
 42
-0.15710400
  0
VERTEX
  8
0
 10
1690.45068300
 20
262.83544900
 42
0.35135000
  0
VERTEX
  8
0
 10
1690.93872100
 20
279.70117200
  0
SEQEND
  0
POLYLINE
  8
0
 66
   1
 39
0.000000
 70
    0
  0
VERTEX
  8
0
 10
1696.41845700
 20
231.55859400
 42
-0.16185600
  0
VERTEX
  8
0
 10
1696.11218200
 20
239.84094200
 42
-0.15566700
  0
VERTEX
  8
0
 10
1700.74462900
 20
246.71679700
 42
0.35206500
  0
VERTEX
  8
0
 10
1705.21423300
 20
263.00488300
  0
SEQEND
  0
POLYLINE
  8
0
 66
   1
 39
0.000000
 70
    0
  0
VERTEX
  8
0
 10
1699.44628900
 20
215.04589900
 42
-0.16214800
  0
VERTEX
  8
0
 10
1701.04553200
 20
223.19445800
 42
-0.15425000
  0
VERTEX
  8
0
 10
1707.12280300
 20
228.85156300
 42
0.34973300
  0
VERTEX
  8
0
 10
1715.20141600
 20
243.72998100
  0
SEQEND
  0
POLYLINE
  8
0
 66
   1
 39
0.000000
 70
    0
  0
VERTEX
  8
0
 10
1698.71118100
 20
197.51171900
 42
-0.16175900
  0
VERTEX
  8
0
 10
1702.08752400
 20
205.12304700
 42
-0.15308400
  0
VERTEX
  8
0
 10
1709.28076200
 20
209.32421900
 42
0.34760800
  0
VERTEX
  8
0
 10
1720.47900400
 20
222.09033200
  0
SEQEND
  0
POLYLINE
  8
0
 66
   1
 39
0.000000
 70
    0
  0
VERTEX
  8
0
 10
1694.30664000
 20
180.11328100
 42
-0.16086300
  0
VERTEX
  8
0
 10
1699.25231900
 20
186.83935600
 42
-0.15244000
  0
VERTEX
  8
0
 10
1707.19482400
 20
189.42773400
 42
0.34596300
  0
VERTEX
  8
0
 10
1720.90148900
 20
199.54394500
  0
SEQEND
  0
POLYLINE
  8
0
 66
   1
 39
0.000000
 70
    0
  0
VERTEX
  8
0
 10
1686.58667000
 20
164.02978500
 42
-0.15969800
  0
VERTEX
  8
0
 10
1692.78295900
 20
169.65271000
 42
-0.15237200
  0
VERTEX
  8
0
 10
1701.09399400
 20
170.63476600
 42
0.34514000
  0
VERTEX
  8
0
 10
1716.56835900
 20
177.86718800
  0
SEQEND
  0
POLYLINE
  8
0
 66
   1
 39
0.000000
 70
    0
  0
VERTEX
  8
0
 10
1675.52441400
 20
150.16845700
 42
-0.15841200
  0
VERTEX
  8
0
 10
1682.74951200
 20
154.41491700
 42
-0.15271900
  0
VERTEX
  8
0
 10
1691.09960900
 20
153.69433600
 42
0.34487200
  0
VERTEX
  8
0
 10
1707.75195300
 20
157.64160200
  0
SEQEND
  0
POLYLINE
  8
0
 66
   1
 39
0.000000
 70
    0
  0
VERTEX
  8
0
 10
1661.72436500
 20
138.64453100
 42
-0.31652700
  0
VERTEX
  8
0
 10
1677.70361300
 20
138.85742200
 42
0.34316200
  0
VERTEX
  8
0
 10
1694.82592800
 20
139.25683600
  0
SEQEND
  0
POLYLINE
  8
0
 66
   1
 39
0.000000
 70
    0
  0
VERTEX
  8
0
 10
1645.90014600
 20
129.72460900
 42
-0.31781200
  0
VERTEX
  8
0
 10
1661.62353500
 20
126.91699200
 42
0.34221700
  0
VERTEX
  8
0
 10
1678.50561500
 20
124.07128900
  0
SEQEND
  0
POLYLINE
  8
0
 66
   1
 39
0.000000
 70
    0
  0
VERTEX
  8
0
 10
1629.59375000
 20
123.95312500
 42
-0.31919100
  0
VERTEX
  8
0
 10
1644.65380800
 20
118.67871100
 42
0.17110000
  0
VERTEX
  8
0
 10
1651.80383300
 20
113.13745100
 42
0.16460900
  0
VERTEX
  8
0
 10
1660.84960900
 20
113.19091800
  0
SEQEND
  0
POLYLINE
  8
0
 66
   1
 39
0.000000
 70
    0
  0
VERTEX
  8
0
 10
1624.89794900
 20
115.80664100
 42
-0.07209700
  0
VERTEX
  8
0
 10
1627.21997100
 20
112.72265600
 42
0.17182700
  0
VERTEX
  8
0
 10
1633.73205500
 20
106.45605500
 42
0.16441600
  0
VERTEX
  8
0
 10
1642.72460900
 20
105.55468800
  0
SEQEND
  0
POLYLINE
  8
0
 66
   1
 39
0.000000
 70
    0
  0
VERTEX
  8
0
 10
1100.63623000
 20
58.73535200
 42
-0.32241700
  0
VERTEX
  8
0
 10
1090.84814400
 20
71.18017600
 42
0.17411100
  0
VERTEX
  8
0
 10
1087.85009700
 20
79.65417500
 42
0.16541300
  0
VERTEX
  8
0
 10
1080.22509700
 20
84.41406300
  0
SEQEND
  0
POLYLINE
  8
0
 66
   1
 39
0.000000
 70
    0
  0
VERTEX
  8
0
 10
1079.78271500
 20
62.30566400
 42
-0.32317700
  0
VERTEX
  8
0
 10
1071.12500000
 20
75.54003900
 42
0.17428600
  0
VERTEX
  8
0
 10
1068.88305600
 20
84.23510800
 42
0.16585500
  0
VERTEX
  8
0
 10
1061.70556600
 20
89.63085900
  0
SEQEND
  0
POLYLINE
  8
0
 66
   1
 39
0.000000
 70
    0
  0
VERTEX
  8
0
 10
1059.22070300
 20
67.88085900
 42
-0.32409800
  0
VERTEX
  8
0
 10
1051.85913100
 20
81.85546900
 42
0.17434700
  0
VERTEX
  8
0
 10
1050.45410100
 20
90.71484400
 42
0.16643000
  0
VERTEX
  8
0
 10
1043.82055600
 20
96.75293000
  0
SEQEND
  0
POLYLINE
  8
0
 66
   1
 39
0.000000
 70
    0
  0
VERTEX
  8
0
 10
1038.33984400
 20
75.51562500
 42
-0.32533600
  0
VERTEX
  8
0
 10
1032.95361300
 20
90.33789100
 42
0.17416300
  0
VERTEX
  8
0
 10
1032.77172800
 20
99.29504400
 42
0.16734700
  0
VERTEX
  8
0
 10
1027.02246100
 20
106.16601600
  0
SEQEND
  0
POLYLINE
  8
0
 66
   1
 39
0.000000
 70
    0
  0
VERTEX
  8
0
 10
1018.82959000
 20
85.71289100
 42
-0.32520700
  0
VERTEX
  8
0
 10
1015.77148400
 20
101.16406300
 42
0.17370600
  0
VERTEX
  8
0
 10
1016.96215800
 20
110.03479000
 42
0.16837800
  0
VERTEX
  8
0
 10
1012.32861300
 20
117.69238300
  0
SEQEND
  0
POLYLINE
  8
0
 66
   1
 39
0.000000
 70
    0
  0
VERTEX
  8
0
 10
1000.90087900
 20
99.09277400
 42
-0.16100900
  0
VERTEX
  8
0
 10
998.77490200
 20
107.09570300
 42
-0.15698800
  0
VERTEX
  8
0
 10
1001.77636700
 20
114.81250000
 42
0.35142900
  0
VERTEX
  8
0
 10
1002.54516600
 20
131.66699200
  0
SEQEND
  0
POLYLINE
  8
0
 66
   1
 39
0.000000
 70
    0
  0
VERTEX
  8
0
 10
986.45703100
 20
115.34277400
 42
-0.16208200
  0
VERTEX
  8
0
 10
987.11132800
 20
123.61230500
 42
-0.15495300
  0
VERTEX
  8
0
 10
992.50244100
 20
129.91552700
 42
0.35096600
  0
VERTEX
  8
0
 10
998.82617200
 20
145.59472700
  0
SEQEND
  0
POLYLINE
  8
0
 66
   1
 39
0.000000
 70
    0
  0
VERTEX
  8
0
 10
1821.43676700
 20
154.72900400
 42
0.02232900
  0
VERTEX
  8
0
 10
1823.40222100
 20
166.59069800
 42
0.04106600
  0
VERTEX
  8
0
 10
1823.86267100
 20
178.87353500
 42
0.06602600
  0
VERTEX
  8
0
 10
1821.67248500
 20
191.15539600
 42
0.16486100
  0
VERTEX
  8
0
 10
1810.76831000
 20
205.95080600
 42
0.08071000
  0
VERTEX
  8
0
 10
1803.81152300
 20
209.29296900
  0
SEQEND
  0
POLYLINE
  8
0
 66
   1
 39
0.000000
 70
    0
  0
VERTEX
  8
0
 10
1826.97827100
 20
205.91796900
 42
0.04073700
  0
VERTEX
  8
0
 10
1825.27221700
 20
220.77819800
 42
0.06790300
  0
VERTEX
  8
0
 10
1820.40637200
 20
234.92248500
 42
0.06445500
  0
VERTEX
  8
0
 10
1814.84448200
 20
243.12890600
 42
0.13877500
  0
VERTEX
  8
0
 10
1796.14917000
 20
254.90771500
  0
VERTEX
  8
0
 10
1794.43603500
 20
255.41210900
  0
SEQEND
  0
POLYLINE
  8
0
 66
   1
 39
0.000000
 70
    0
  0
VERTEX
  8
0
 10
1820.16333000
 20
250.30127000
 42
0.02258000
  0
VERTEX
  8
0
 10
1815.60351500
 20
261.16088900
 42
0.03834700
  0
VERTEX
  8
0
 10
1809.65307600
 20
271.56982400
 42
0.06111300
  0
VERTEX
  8
0
 10
1800.99572700
 20
281.47949200
 42
0.13240700
  0
VERTEX
  8
0
 10
1785.07043400
 20
289.51709000
 42
0.07610100
  0
VERTEX
  8
0
 10
1777.24584900
 20
289.92627000
  0
SEQEND
  0
POLYLINE
  8
0
 66
   1
 39
0.000000
 70
    0
  0
VERTEX
  8
0
 10
1800.80688500
 20
295.42578100
 42
0.04400200
  0
VERTEX
  8
0
 10
1793.93188500
 20
305.00219700
 42
0.06422400
  0
VERTEX
  8
0
 10
1785.16235300
 20
312.88073700
 42
0.12009200
  0
VERTEX
  8
0
 10
1770.32812500
 20
318.54321300
 42
0.08905500
  0
VERTEX
  8
0
 10
1754.47143500
 20
317.71777400
  0
SEQEND
  0
POLYLINE
  8
0
 66
   1
 39
0.000000
 70
    0
  0
VERTEX
  8
0
 10
1776.90551700
 20
327.34472700
 42
0.04298200
  0
VERTEX
  8
0
 10
1767.82836900
 20
335.60595700
 42
0.06109100
  0
VERTEX
  8
0
 10
1757.24108900
 20
341.81481900
 42
0.11175900
  0
VERTEX
  8
0
 10
1741.02307100
 20
344.86181700
 42
0.08717800
  0
VERTEX
  8
0
 10
1724.88671900
 20
341.40869200
  0
SEQEND
  0
POLYLINE
  8
0
 66
   1
 39
0.000000
 70
    0
  0
VERTEX
  8
0
 10
1740.32543900
 20
358.51269500
 42
0.06478500
  0
VERTEX
  8
0
 10
1724.21911600
 20
364.41772500
 42
0.14389400
  0
VERTEX
  8
0
 10
1701.43286100
 20
362.96215800
 42
0.05995100
  0
VERTEX
  8
0
 10
1691.77709900
 20
358.06494200
  0
SEQEND
  0
POLYLINE
  8
0
 66
   1
 39
0.000000
 70
    0
  0
VERTEX
  8
0
 10
1701.22094700
 20
378.75781300
 42
0.03947400
  0
VERTEX
  8
0
 10
1688.01037600
 20
382.16662600
 42
0.06660500
  0
VERTEX
  8
0
 10
1674.37829600
 20
382.72082500
 42
0.06442200
  0
VERTEX
  8
0
 10
1665.57495100
 20
380.74316400
 42
0.14065200
  0
VERTEX
  8
0
 10
1649.85913100
 20
369.23437500
  0
SEQEND
  0
POLYLINE
  8
0
 66
   1
 39
0.000000
 70
    0
  0
VERTEX
  8
0
 10
1654.70727500
 20
391.40332000
 42
0.02152900
  0
VERTEX
  8
0
 10
1643.57153300
 20
392.37622100
 42
0.03673500
  0
VERTEX
  8
0
 10
1632.22680600
 20
392.04345700
 42
0.05046100
  0
VERTEX
  8
0
 10
1621.45190400
 20
389.81872600
 42
0.11684200
  0
VERTEX
  8
0
 10
1607.50244100
 20
381.51159700
 42
0.09276500
  0
VERTEX
  8
0
 10
1602.64892600
 20
374.65625000
  0
VERTEX
  8
0
 10
1601.55078100
 20
372.26855500
  0
SEQEND
  0
POLYLINE
  8
0
 66
   1
 39
0.000000
 70
    0
  0
VERTEX
  8
0
 10
1597.50512700
 20
394.76269500
 42
0.06072800
  0
VERTEX
  8
0
 10
1586.02319300
 20
388.30761700
 42
0.17262600
  0
VERTEX
  8
0
 10
1573.19604500
 20
369.37451200
  0
SEQEND
  0
POLYLINE
  8
0
 66
   1
 39
0.000000
 70
    0
  0
VERTEX
  8
0
 10
1561.89721700
 20
390.37597700
 42
0.03874900
  0
VERTEX
  8
0
 10
1549.16455100
 20
383.12365700
 42
0.05304700
  0
VERTEX
  8
0
 10
1537.96850600
 20
373.67041000
 42
0.08311900
  0
VERTEX
  8
0
 10
1526.31665000
 20
356.55859400
  0
SEQEND
  0
POLYLINE
  8
0
 66
   1
 39
0.000000
 70
    0
  0
VERTEX
  8
0
 10
1514.70385700
 20
376.37695300
 42
0.06032100
  0
VERTEX
  8
0
 10
1500.04931600
 20
359.83496100
 42
0.06092200
  0
VERTEX
  8
0
 10
1489.93823200
 20
340.18652400
  0
SEQEND
  0
POLYLINE
  8
0
 66
   1
 39
0.000000
 70
    0
  0
VERTEX
  8
0
 10
1476.66088800
 20
358.92871100
 42
0.06619600
  0
VERTEX
  8
0
 10
1466.38940400
 20
349.90051300
 42
0.15390200
  0
VERTEX
  8
0
 10
1459.04272400
 20
333.09436000
 42
0.06218700
  0
VERTEX
  8
0
 10
1459.19677700
 20
324.32373100
  0
SEQEND
  0
POLYLINE
  8
0
 66
   1
 39
0.000000
 70
    0
  0
VERTEX
  8
0
 10
1439.86938500
 20
337.78808600
 42
0.03757500
  0
VERTEX
  8
0
 10
1431.36352500
 20
326.76709000
 42
0.10853400
  0
VERTEX
  8
0
 10
1419.38720700
 20
295.51562500
  0
SEQEND
  0
POLYLINE
  8
0
 66
   1
 39
0.000000
 70
    0
  0
VERTEX
  8
0
 10
1397.54663100
 20
353.00244200
 42
-0.10662900
  0
VERTEX
  8
0
 10
1407.04321300
 20
335.97802700
 42
-0.07040700
  0
VERTEX
  8
0
 10
1408.99536100
 20
323.05822800
 42
-0.04302300
  0
VERTEX
  8
0
 10
1407.93969700
 20
309.30224600
 42
-0.08693100
  0
VERTEX
  8
0
 10
1396.82177700
 20
277.68066400
  0
SEQEND
  0
POLYLINE
  8
0
 66
   1
 39
0.000000
 70
    0
  0
VERTEX
  8
0
 10
1394.28466800
 20
393.70752000
 42
-0.06376300
  0
VERTEX
  8
0
 10
1408.11865200
 20
381.50329600
 42
-0.09527700
  0
VERTEX
  8
0
 10
1417.45288100
 20
365.59423800
 42
-0.05072600
  0
VERTEX
  8
0
 10
1420.42382800
 20
343.70361300
  0
SEQEND
  0
POLYLINE
  8
0
 66
   1
 39
0.000000
 70
    0
  0
VERTEX
  8
0
 10
1386.08520500
 20
429.44335900
 42
-0.15567300
  0
VERTEX
  8
0
 10
1406.67871100
 20
414.85583500
 42
-0.05044000
  0
VERTEX
  8
0
 10
1412.57177700
 20
405.13110400
 42
-0.03186800
  0
VERTEX
  8
0
 10
1415.91943300
 20
396.75732400
 42
-0.02378200
  0
VERTEX
  8
0
 10
1418.29418900
 20
388.14453100
  0
SEQEND
  0
POLYLINE
  8
0
 66
   1
 39
0.000000
 70
    0
  0
VERTEX
  8
0
 10
1373.05004900
 20
461.32128900
 42
-0.08413100
  0
VERTEX
  8
0
 10
1383.87426700
 20
458.64001500
 42
-0.10668700
  0
VERTEX
  8
0
 10
1397.47436500
 20
448.86218300
 42
-0.06628500
  0
VERTEX
  8
0
 10
1406.04418900
 20
436.40210000
 42
-0.03779700
  0
VERTEX
  8
0
 10
1411.85742200
 20
422.44140600
  0
SEQEND
  0
POLYLINE
  8
0
 66
   1
 39
0.000000
 70
    0
  0
VERTEX
  8
0
 10
1353.55957000
 20
493.43896500
 42
-0.07183500
  0
VERTEX
  8
0
 10
1364.97558600
 20
492.82067900
 42
-0.12467200
  0
VERTEX
  8
0
 10
1380.21289000
 20
485.54187000
 42
-0.06281100
  0
VERTEX
  8
0
 10
1388.20434600
 20
476.99108900
 42
-0.04167900
  0
VERTEX
  8
0
 10
1394.24975600
 20
466.96972700
  0
SEQEND
  0
POLYLINE
  8
0
 66
   1
 39
0.000000
 70
    0
  0
VERTEX
  8
0
 10
1331.55175800
 20
520.46386700
 42
-0.05467900
  0
VERTEX
  8
0
 10
1341.49072200
 20
520.65258800
 42
-0.11867700
  0
VERTEX
  8
0
 10
1359.36987300
 20
514.59826700
 42
-0.04120200
  0
VERTEX
  8
0
 10
1365.25000000
 20
510.17309600
 42
-0.05531500
  0
VERTEX
  8
0
 10
1375.07470700
 20
499.25488300
  0
SEQEND
  0
POLYLINE
  8
0
 66
   1
 39
0.000000
 70
    0
  0
VERTEX
  8
0
 10
1315.32373000
 20
536.45898400
 42
-0.12000400
  0
VERTEX
  8
0
 10
1334.02832000
 20
537.65869200
 42
-0.07953800
  0
VERTEX
  8
0
 10
1345.95043900
 20
533.43750000
 42
-0.05791200
  0
VERTEX
  8
0
 10
1358.24804700
 20
524.75488300
  0
SEQEND
  0
POLYLINE
  8
0
 66
   1
 39
0.000000
 70
    0
  0
VERTEX
  8
0
 10
1289.06152300
 20
557.34863300
 42
-0.05944700
  0
VERTEX
  8
0
 10
1304.77441400
 20
558.72168000
 42
-0.12632900
  0
VERTEX
  8
0
 10
1328.45605400
 20
551.83752500
 42
-0.05359700
  0
VERTEX
  8
0
 10
1338.70410100
 20
544.18652400
  0
SEQEND
  0
POLYLINE
  8
0
 66
   1
 39
0.000000
 70
    0
  0
VERTEX
  8
0
 10
1251.77832000
 20
579.09521500
 42
-0.08344200
  0
VERTEX
  8
0
 10
1262.44311500
 20
582.72106900
 42
-0.10034300
  0
VERTEX
  8
0
 10
1281.00732400
 20
582.00000000
 42
-0.04381300
  0
VERTEX
  8
0
 10
1292.04565400
 20
578.26379400
 42
-0.03393600
  0
VERTEX
  8
0
 10
1302.52880800
 20
572.78247100
 42
-0.02245200
  0
VERTEX
  8
0
 10
1312.20654300
 20
566.23877000
  0
SEQEND
  0
POLYLINE
  8
0
 66
   1
 39
0.000000
 70
    0
  0
VERTEX
  8
0
 10
1206.09765600
 20
596.11328100
 42
-0.03814500
  0
VERTEX
  8
0
 10
1222.22656200
 20
601.20349100
 42
-0.05758300
  0
VERTEX
  8
0
 10
1239.02905300
 20
603.13415500
 42
-0.05173500
  0
VERTEX
  8
0
 10
1250.21313500
 20
601.96630900
 42
-0.12576300
  0
VERTEX
  8
0
 10
1273.77050800
 20
590.36279300
  0
SEQEND
  0
POLYLINE
  8
0
 66
   1
 39
0.000000
 70
    0
  0
VERTEX
  8
0
 10
1165.68554700
 20
603.87475600
 42
-0.04724800
  0
VERTEX
  8
0
 10
1173.08105400
 20
610.31994600
 42
-0.14575100
  0
VERTEX
  8
0
 10
1197.60546900
 20
618.80139200
 42
-0.05958200
  0
VERTEX
  8
0
 10
1213.51635700
 20
617.59765600
  0
SEQEND
  0
POLYLINE
  8
0
 66
   1
 39
0.000000
 70
    0
  0
VERTEX
  8
0
 10
1127.17968700
 20
606.99829100
 42
-0.11531700
  0
VERTEX
  8
0
 10
1133.22216800
 20
618.19738800
 42
-0.13184100
  0
VERTEX
  8
0
 10
1143.83642600
 20
625.21630900
 42
-0.05334000
  0
VERTEX
  8
0
 10
1151.97900400
 20
626.99877900
 42
-0.03873000
  0
VERTEX
  8
0
 10
1160.66552700
 20
627.27258300
 42
-0.02549200
  0
VERTEX
  8
0
 10
1169.15087900
 20
626.44751000
  0
SEQEND
  0
POLYLINE
  8
0
 66
   1
 39
0.000000
 70
    0
  0
VERTEX
  8
0
 10
1078.51879900
 20
600.03955100
 42
-0.07344000
  0
VERTEX
  8
0
 10
1086.01733400
 20
613.11950700
 42
-0.11879800
  0
VERTEX
  8
0
 10
1100.20434600
 20
624.29296900
 42
-0.04129700
  0
VERTEX
  8
0
 10
1107.03320300
 20
626.77038600
 42
-0.05907400
  0
VERTEX
  8
0
 10
1121.46899400
 20
628.91430700
  0
SEQEND
  0
POLYLINE
  8
0
 66
   1
 39
0.000000
 70
    0
  0
VERTEX
  8
0
 10
1032.81982400
 20
587.25000000
 42
-0.05000600
  0
VERTEX
  8
0
 10
1044.93823200
 20
604.28942900
 42
-0.12154500
  0
VERTEX
  8
0
 10
1075.03173800
 20
625.35620100
  0
SEQEND
  0
POLYLINE
  8
0
 66
   1
 39
0.000000
 70
    0
  0
VERTEX
  8
0
 10
1002.37011700
 20
568.66406300
 42
-0.07090200
  0
VERTEX
  8
0
 10
1004.25122100
 20
583.92504900
 42
-0.15137500
  0
VERTEX
  8
0
 10
1015.94384700
 20
602.38317900
 42
-0.07209400
  0
VERTEX
  8
0
 10
1028.79809600
 20
610.47387700
  0
SEQEND
  0
POLYLINE
  8
0
 66
   1
 39
0.000000
 70
    0
  0
VERTEX
  8
0
 10
982.38574200
 20
541.81787100
 42
-0.05358200
  0
VERTEX
  8
0
 10
980.30590800
 20
555.49914600
 42
-0.11822100
  0
VERTEX
  8
0
 10
984.51269500
 20
577.19262700
 42
-0.05096000
  0
VERTEX
  8
0
 10
989.92773400
 20
586.46215800
  0
SEQEND
  0
POLYLINE
  8
0
 66
   1
 39
0.000000
 70
    0
  0
VERTEX
  8
0
 10
975.82714800
 20
523.45752000
 42
-0.07368500
  0
VERTEX
  8
0
 10
968.16748000
 20
533.57519500
 42
-0.16070300
  0
VERTEX
  8
0
 10
965.41748000
 20
548.50219700
 42
-0.08080600
  0
VERTEX
  8
0
 10
968.48120100
 20
558.48730500
  0
SEQEND
  0
POLYLINE
  8
0
 66
   1
 39
0.000000
 70
    0
  0
VERTEX
  8
0
 10
1613.09667900
 20
79.53222700
 42
0.05889200
  0
VERTEX
  8
0
 10
1616.69824200
 20
73.27441400
 42
0.15597000
  0
VERTEX
  8
0
 10
1628.45971700
 20
64.85131800
 42
0.06498900
  0
VERTEX
  8
0
 10
1637.56201200
 20
63.17382800
  0
SEQEND
  0
POLYLINE
  8
0
 66
   1
 39
0.000000
 70
    0
  0
VERTEX
  8
0
 10
282.84716800
 20
332.92675800
 42
0.24266400
  0
VERTEX
  8
0
 10
266.12353500
 20
327.17724600
 42
-0.13386100
  0
VERTEX
  8
0
 10
258.41796900
 20
322.18933100
 42
-0.12775000
  0
VERTEX
  8
0
 10
249.25244100
 20
321.69140600
  0
SEQEND
  0
POLYLINE
  8
0
 66
   1
 39
0.000000
 70
    0
  0
VERTEX
  8
0
 10
749.25878900
 20
125.12207000
 42
0.25061900
  0
VERTEX
  8
0
 10
736.97998000
 20
111.93261700
 42
-0.13529800
  0
VERTEX
  8
0
 10
732.66088800
 20
103.87487800
 42
-0.12836700
  0
VERTEX
  8
0
 10
724.88818300
 20
99.06152400
  0
SEQEND
  0
POLYLINE
  8
0
 66
   1
 39
0.000000
 70
    0
  0
VERTEX
  8
0
 10
727.82080100
 20
119.54492200
 42
0.24992200
  0
VERTEX
  8
0
 10
714.16064400
 20
107.74707000
 42
-0.13490800
  0
VERTEX
  8
0
 10
708.97973600
 20
100.19873100
 42
-0.12803900
  0
VERTEX
  8
0
 10
700.72167900
 20
96.24609400
  0
SEQEND
  0
POLYLINE
  8
0
 66
   1
 39
0.000000
 70
    0
  0
VERTEX
  8
0
 10
706.87792900
 20
116.35888700
 42
0.24940700
  0
VERTEX
  8
0
 10
692.12402300
 20
105.91699200
 42
-0.13452800
  0
VERTEX
  8
0
 10
686.22876000
 20
98.89782700
 42
-0.12778700
  0
VERTEX
  8
0
 10
677.61987300
 20
95.74951200
  0
SEQEND
  0
POLYLINE
  8
0
 66
   1
 39
0.000000
 70
    0
  0
VERTEX
  8
0
 10
685.93725600
 20
115.26757800
 42
0.24924200
  0
VERTEX
  8
0
 10
670.21606400
 20
106.32812500
 42
-0.13430400
  0
VERTEX
  8
0
 10
663.65209900
 20
99.92321800
 42
-0.12779200
  0
VERTEX
  8
0
 10
654.77050800
 20
97.63671900
  0
SEQEND
  0
POLYLINE
  8
0
 66
   1
 39
0.000000
 70
    0
  0
VERTEX
  8
0
 10
665.56347600
 20
116.05810600
 42
0.24912300
  0
VERTEX
  8
0
 10
649.00146500
 20
108.76904300
 42
-0.13409300
  0
VERTEX
  8
0
 10
641.81201200
 20
103.06823700
 42
-0.12774100
  0
VERTEX
  8
0
 10
632.73950200
 20
101.69921900
  0
SEQEND
  0
POLYLINE
  8
0
 66
   1
 39
0.000000
 70
    0
  0
VERTEX
  8
0
 10
645.22485300
 20
119.01171900
 42
0.24265800
  0
VERTEX
  8
0
 10
628.53857400
 20
113.15527400
 42
-0.13386400
  0
VERTEX
  8
0
 10
620.86596700
 20
108.11816400
 42
-0.12777800
  0
VERTEX
  8
0
 10
611.70434600
 20
107.56201200
  0
SEQEND
  0
POLYLINE
  8
0
 66
   1
 39
0.000000
 70
    0
  0
VERTEX
  8
0
 10
624.96630800
 20
123.82995600
 42
0.24235300
  0
VERTEX
  8
0
 10
607.77465800
 20
119.66113300
 42
-0.13369700
  0
VERTEX
  8
0
 10
599.63623000
 20
115.41101100
 42
-0.12784100
  0
VERTEX
  8
0
 10
590.46191400
 20
115.76660200
  0
SEQEND
  0
POLYLINE
  8
0
 66
   1
 39
0.000000
 70
    0
  0
VERTEX
  8
0
 10
605.41650400
 20
130.66796900
 42
0.24215600
  0
VERTEX
  8
0
 10
587.92456000
 20
128.00341800
 42
-0.13350100
  0
VERTEX
  8
0
 10
579.44653300
 20
124.47485400
 42
-0.12793100
  0
VERTEX
  8
0
 10
570.33593700
 20
125.62402400
  0
SEQEND
  0
POLYLINE
  8
0
 66
   1
 39
0.000000
 70
    0
  0
VERTEX
  8
0
 10
586.41357400
 20
139.34814500
 42
0.24205600
  0
VERTEX
  8
0
 10
568.80346700
 20
137.61474600
 42
-0.13338700
  0
VERTEX
  8
0
 10
560.14965800
 20
134.54028300
 42
-0.12801800
  0
VERTEX
  8
0
 10
551.11206000
 20
136.17089900
  0
SEQEND
  0
POLYLINE
  8
0
 66
   1
 39
0.000000
 70
    0
  0
VERTEX
  8
0
 10
567.91210900
 20
149.05175800
 42
0.24203500
  0
VERTEX
  8
0
 10
550.26513700
 20
147.73925800
 42
-0.13333700
  0
VERTEX
  8
0
 10
541.54028300
 20
144.87231500
 42
-0.12803600
  0
VERTEX
  8
0
 10
532.54394500
 20
146.71777400
  0
SEQEND
  0
POLYLINE
  8
0
 66
   1
 39
0.000000
 70
    0
  0
VERTEX
  8
0
 10
549.72876000
 20
159.07617200
 42
0.24196200
  0
VERTEX
  8
0
 10
532.04541000
 20
158.40722700
 42
-0.13330700
  0
VERTEX
  8
0
 10
523.22167900
 20
155.86035200
 42
-0.12807000
  0
VERTEX
  8
0
 10
514.29834000
 20
158.03222700
  0
SEQEND
  0
POLYLINE
  8
0
 66
   1
 39
0.000000
 70
    0
  0
VERTEX
  8
0
 10
531.27978500
 20
170.38867200
 42
0.24188100
  0
VERTEX
  8
0
 10
513.58447200
 20
170.21630900
 42
-0.13324700
  0
VERTEX
  8
0
 10
504.69262700
 20
167.91784700
 42
-0.12811700
  0
VERTEX
  8
0
 10
495.83349600
 20
170.33886700
  0
SEQEND
  0
POLYLINE
  8
0
 66
   1
 39
0.000000
 70
    0
  0
VERTEX
  8
0
 10
513.52587900
 20
181.93164100
 42
0.24184600
  0
VERTEX
  8
0
 10
495.83105400
 20
182.17089900
 42
-0.13323000
  0
VERTEX
  8
0
 10
486.88867200
 20
180.07898000
 42
-0.12816900
  0
VERTEX
  8
0
 10
478.08837900
 20
182.70507800
  0
SEQEND
  0
POLYLINE
  8
0
 66
   1
 39
0.000000
 70
    0
  0
VERTEX
  8
0
 10
496.18164000
 20
193.96875000
 42
0.24183200
  0
VERTEX
  8
0
 10
478.50244100
 20
194.74511700
 42
-0.13316700
  0
VERTEX
  8
0
 10
469.50073200
 20
192.92675800
 42
-0.12817600
  0
VERTEX
  8
0
 10
460.78466800
 20
195.81933600
  0
SEQEND
  0
POLYLINE
  8
0
 66
   1
 39
0.000000
 70
    0
  0
VERTEX
  8
0
 10
479.46826200
 20
206.35461400
 42
0.24176800
  0
VERTEX
  8
0
 10
461.82226500
 20
207.68261700
 42
-0.13313000
  0
VERTEX
  8
0
 10
452.76855400
 20
206.14575200
 42
-0.12825600
  0
VERTEX
  8
0
 10
444.14746100
 20
209.30908200
  0
SEQEND
  0
POLYLINE
  8
0
 66
   1
 39
0.000000
 70
    0
  0
VERTEX
  8
0
 10
462.90722600
 20
219.38586400
 42
0.24170700
  0
VERTEX
  8
0
 10
445.30322200
 20
221.17919900
 42
-0.13307100
  0
VERTEX
  8
0
 10
436.21240200
 20
219.88195800
 42
-0.12826800
  0
VERTEX
  8
0
 10
427.67773400
 20
223.27148400
  0
SEQEND
  0
POLYLINE
  8
0
 66
   1
 39
0.000000
 70
    0
  0
VERTEX
  8
0
 10
446.61767600
 20
232.98632800
 42
0.24172200
  0
VERTEX
  8
0
 10
429.08544900
 20
235.37402400
 42
-0.13306900
  0
VERTEX
  8
0
 10
419.95605400
 20
234.38513200
 42
-0.12832800
  0
VERTEX
  8
0
 10
411.54150400
 20
238.06152400
  0
SEQEND
  0
POLYLINE
  8
0
 66
   1
 39
0.000000
 70
    0
  0
VERTEX
  8
0
 10
430.50244100
 20
247.26269500
 42
0.24174400
  0
VERTEX
  8
0
 10
412.98193300
 20
249.73242200
 42
-0.13297900
  0
VERTEX
  8
0
 10
403.84814400
 20
248.78674300
 42
-0.12839400
  0
VERTEX
  8
0
 10
395.45117200
 20
252.50293000
  0
SEQEND
  0
POLYLINE
  8
0
 66
   1
 39
0.000000
 70
    0
  0
VERTEX
  8
0
 10
415.07373000
 20
261.73132300
 42
0.24180900
  0
VERTEX
  8
0
 10
397.39843700
 20
262.59619200
 42
-0.13317300
  0
VERTEX
  8
0
 10
388.38793900
 20
260.82287600
 42
-0.12819600
  0
VERTEX
  8
0
 10
379.68652300
 20
263.75927700
  0
SEQEND
  0
POLYLINE
  8
0
 66
   1
 39
0.000000
 70
    0
  0
VERTEX
  8
0
 10
397.99023400
 20
275.11535700
 42
0.24190800
  0
VERTEX
  8
0
 10
380.29492200
 20
274.91162100
 42
-0.13323100
  0
VERTEX
  8
0
 10
371.40747100
 20
272.59826700
 42
-0.12808900
  0
VERTEX
  8
0
 10
362.54443300
 20
275.00390600
  0
SEQEND
  0
POLYLINE
  8
0
 66
   1
 39
0.000000
 70
    0
  0
VERTEX
  8
0
 10
380.13134700
 20
287.20300300
 42
0.24196600
  0
VERTEX
  8
0
 10
362.47558600
 20
286.01660200
 42
-0.13333400
  0
VERTEX
  8
0
 10
353.73046900
 20
283.21264700
 42
-0.12801000
  0
VERTEX
  8
0
 10
344.74755800
 20
285.12255900
  0
SEQEND
  0
POLYLINE
  8
0
 66
   1
 39
0.000000
 70
    0
  0
VERTEX
  8
0
 10
361.80810500
 20
298.12109400
 42
0.24206300
  0
VERTEX
  8
0
 10
344.24365200
 20
295.97460900
 42
-0.13344100
  0
VERTEX
  8
0
 10
335.66479500
 20
292.69873100
 42
-0.12792300
  0
VERTEX
  8
0
 10
326.59179700
 20
294.11669900
  0
SEQEND
  0
POLYLINE
  8
0
 66
   1
 39
0.000000
 70
    0
  0
VERTEX
  8
0
 10
342.56591800
 20
308.11340300
 42
0.24224800
  0
VERTEX
  8
0
 10
325.13330100
 20
305.08789100
 42
-0.13356000
  0
VERTEX
  8
0
 10
316.73046900
 20
301.38513200
 42
-0.12786700
  0
VERTEX
  8
0
 10
307.59814400
 20
302.34521500
  0
SEQEND
  0
POLYLINE
  8
0
 66
   1
 39
0.000000
 70
    0
  0
VERTEX
  8
0
 10
322.79248000
 20
316.97509800
 42
0.24231100
  0
VERTEX
  8
0
 10
305.45654300
 20
313.44433600
 42
-0.13361600
  0
VERTEX
  8
0
 10
297.16503900
 20
309.49939000
 42
-0.12783300
  0
VERTEX
  8
0
 10
288.00927700
 20
310.19433600
  0
SEQEND
  0
POLYLINE
  8
0
 66
   1
 39
0.000000
 70
    0
  0
VERTEX
  8
0
 10
302.94482400
 20
325.19726600
 42
0.24239900
  0
VERTEX
  8
0
 10
285.79394500
 20
320.86523400
 42
-0.13368500
  0
VERTEX
  8
0
 10
277.69628900
 20
316.53869600
 42
-0.12774700
  0
VERTEX
  8
0
 10
268.51904300
 20
316.80761700
  0
SEQEND
  0
POLYLINE
  8
0
 66
   1
 39
0.000000
 70
    0
  0
VERTEX
  8
0
 10
262.03125000
 20
338.74316400
 42
0.24289300
  0
VERTEX
  8
0
 10
245.90332000
 20
331.50585900
 42
-0.13406500
  0
VERTEX
  8
0
 10
238.68457000
 20
325.84191900
 42
-0.12769600
  0
VERTEX
  8
0
 10
229.60498000
 20
324.51855500
  0
SEQEND
  0
POLYLINE
  8
0
 66
   1
 39
0.000000
 70
    0
  0
VERTEX
  8
0
 10
241.43408200
 20
342.56347700
 42
0.24297700
  0
VERTEX
  8
0
 10
225.80908200
 20
334.31005900
 42
-0.13419900
  0
VERTEX
  8
0
 10
218.97070300
 20
328.19531300
 42
-0.12772700
  0
VERTEX
  8
0
 10
209.99658200
 20
326.29394500
  0
SEQEND
  0
POLYLINE
  8
0
 66
   1
 39
0.000000
 70
    0
  0
VERTEX
  8
0
 10
219.60302700
 20
344.99267600
 42
0.24315200
  0
VERTEX
  8
0
 10
204.80908200
 20
335.34375000
 42
-0.13443500
  0
VERTEX
  8
0
 10
198.56616200
 20
328.62829600
 42
-0.12772800
  0
VERTEX
  8
0
 10
189.80810500
 20
325.91406300
  0
SEQEND
  0
POLYLINE
  8
0
 66
   1
 39
0.000000
 70
    0
  0
VERTEX
  8
0
 10
197.94384700
 20
345.91845700
 42
0.24350000
  0
VERTEX
  8
0
 10
184.65185500
 20
334.31054700
 42
-0.13465300
  0
VERTEX
  8
0
 10
179.41284200
 20
326.79382300
 42
-0.12788000
  0
VERTEX
  8
0
 10
171.12353500
 20
322.89062500
  0
SEQEND
  0
POLYLINE
  8
0
 66
   1
 39
0.000000
 70
    0
  0
VERTEX
  8
0
 10
176.14501900
 20
343.77343800
 42
0.24385900
  0
VERTEX
  8
0
 10
164.60595700
 20
330.44335900
 42
-0.13485400
  0
VERTEX
  8
0
 10
160.46875000
 20
322.27661100
 42
-0.12804700
  0
VERTEX
  8
0
 10
152.80615200
 20
317.26660200
  0
SEQEND
  0
POLYLINE
  8
0
 66
   1
 39
0.000000
 70
    0
  0
VERTEX
  8
0
 10
154.42236300
 20
338.39257800
 42
0.24430500
  0
VERTEX
  8
0
 10
145.04052700
 20
323.48388700
 42
-0.13502500
  0
VERTEX
  8
0
 10
142.19189400
 20
314.79162600
 42
-0.12828800
  0
VERTEX
  8
0
 10
135.37841800
 20
308.68847700
  0
SEQEND
  0
POLYLINE
  8
0
 66
   1
 39
0.000000
 70
    0
  0
VERTEX
  8
0
 10
133.57080100
 20
329.92187500
 42
0.24471900
  0
VERTEX
  8
0
 10
126.75927700
 20
313.69335900
 42
-0.13504500
  0
VERTEX
  8
0
 10
125.37426700
 20
304.65869200
 42
-0.12863600
  0
VERTEX
  8
0
 10
119.65185500
 20
297.53125000
  0
SEQEND
  0
POLYLINE
  8
0
 66
   1
 39
0.000000
 70
    0
  0
VERTEX
  8
0
 10
114.24462900
 20
317.95752000
 42
0.24477800
  0
VERTEX
  8
0
 10
110.27587900
 20
300.82226600
 42
-0.13502000
  0
VERTEX
  8
0
 10
110.43994100
 20
291.68884300
 42
-0.12898300
  0
VERTEX
  8
0
 10
106.00439400
 20
283.70312500
  0
SEQEND
  0
POLYLINE
  8
0
 66
   1
 39
0.000000
 70
    0
  0
VERTEX
  8
0
 10
97.70751900
 20
303.74218800
 42
0.24476100
  0
VERTEX
  8
0
 10
96.66357400
 20
286.19043000
 42
-0.13481000
  0
VERTEX
  8
0
 10
98.35424800
 20
277.21606500
 42
-0.12929000
  0
VERTEX
  8
0
 10
95.31787100
 20
268.60351600
  0
SEQEND
  0
POLYLINE
  8
0
 66
   1
 39
0.000000
 70
    0
  0
VERTEX
  8
0
 10
83.77490200
 20
286.92968800
 42
0.24453500
  0
VERTEX
  8
0
 10
85.56298800
 20
269.43652400
 42
-0.13452600
  0
VERTEX
  8
0
 10
88.67260700
 20
260.85046400
 42
-0.12956400
  0
VERTEX
  8
0
 10
87.05908200
 20
251.86230500
  0
SEQEND
  0
POLYLINE
  8
0
 66
   1
 39
0.000000
 70
    0
  0
VERTEX
  8
0
 10
72.19482400
 20
267.39257800
 42
0.24417500
  0
VERTEX
  8
0
 10
76.89013700
 20
250.43945300
 42
-0.13420000
  0
VERTEX
  8
0
 10
81.39526300
 20
242.49279800
 42
-0.12976800
  0
VERTEX
  8
0
 10
81.31152300
 20
233.35839900
  0
SEQEND
  0
POLYLINE
  8
0
 66
   1
 39
0.000000
 70
    0
  0
VERTEX
  8
0
 10
64.51269500
 20
246.63671900
 42
0.24374500
  0
VERTEX
  8
0
 10
71.40966800
 20
230.44433600
 42
-0.13390000
  0
VERTEX
  8
0
 10
76.92529300
 20
223.15759300
 42
-0.12981200
  0
VERTEX
  8
0
 10
78.05126900
 20
214.08837900
  0
SEQEND
  0
POLYLINE
  8
0
 66
   1
 39
0.000000
 70
    0
  0
VERTEX
  8
0
 10
59.69677700
 20
225.98144500
 42
0.24329300
  0
VERTEX
  8
0
 10
68.91748000
 20
210.97363300
 42
-0.13360900
  0
VERTEX
  8
0
 10
75.45141600
 20
204.57568400
 42
-0.12976700
  0
VERTEX
  8
0
 10
77.90966800
 20
195.76757800
  0
SEQEND
  0
POLYLINE
  8
0
 66
   1
 39
0.000000
 70
    0
  0
VERTEX
  8
0
 10
57.91259700
 20
203.57275400
 42
0.24275200
  0
VERTEX
  8
0
 10
69.58496100
 20
190.35693400
 42
-0.13324100
  0
VERTEX
  8
0
 10
77.12500000
 20
185.16735800
 42
-0.12965600
  0
VERTEX
  8
0
 10
81.06640600
 20
176.90625000
  0
SEQEND
  0
POLYLINE
  8
0
 66
   1
 39
0.000000
 70
    0
  0
VERTEX
  8
0
 10
60.20166000
 20
180.76660200
 42
0.24232100
  0
VERTEX
  8
0
 10
73.84521500
 20
169.56835900
 42
-0.26521000
  0
VERTEX
  8
0
 10
87.33789000
 20
158.10839900
  0
SEQEND
  0
POLYLINE
  8
0
 66
   1
 39
0.000000
 70
    0
  0
VERTEX
  8
0
 10
66.10302700
 20
159.14843800
 42
0.24197100
  0
VERTEX
  8
0
 10
81.42822200
 20
150.35595700
 42
-0.13290000
  0
VERTEX
  8
0
 10
90.24780300
 20
147.84753400
 42
-0.12913700
  0
VERTEX
  8
0
 10
96.64794900
 20
141.28125000
  0
SEQEND
  0
POLYLINE
  8
0
 66
   1
 39
0.000000
 70
    0
  0
VERTEX
  8
0
 10
75.00683600
 20
139.11572300
 42
0.24180500
  0
VERTEX
  8
0
 10
91.58837900
 20
132.97351100
 42
-0.13286400
  0
VERTEX
  8
0
 10
100.70800800
 20
131.95446800
 42
-0.12880700
  0
VERTEX
  8
0
 10
108.11376900
 20
126.53564500
  0
SEQEND
  0
POLYLINE
  8
0
 66
   1
 39
0.000000
 70
    0
  0
VERTEX
  8
0
 10
87.51123000
 20
120.46777400
 42
0.24170500
  0
VERTEX
  8
0
 10
104.86084000
 20
117.00585900
 42
-0.13293900
  0
VERTEX
  8
0
 10
114.03222600
 20
117.43017600
 42
-0.12848600
  0
VERTEX
  8
0
 10
122.20263700
 20
113.24218800
  0
SEQEND
  0
POLYLINE
  8
0
 66
   1
 39
0.000000
 70
    0
  0
VERTEX
  8
0
 10
102.66162100
 20
104.16015600
 42
0.24182200
  0
VERTEX
  8
0
 10
120.31884700
 20
102.99462900
 42
-0.13314900
  0
VERTEX
  8
0
 10
129.35839800
 20
104.61340300
 42
-0.12822300
  0
VERTEX
  8
0
 10
138.00830100
 20
101.52929700
  0
SEQEND
  0
POLYLINE
  8
0
 66
   1
 39
0.000000
 70
    0
  0
VERTEX
  8
0
 10
120.29882800
 20
90.27490200
 42
0.24202000
  0
VERTEX
  8
0
 10
137.96630800
 20
91.27636700
 42
-0.13330700
  0
VERTEX
  8
0
 10
146.74047800
 20
93.98742700
 42
-0.12800600
  0
VERTEX
  8
0
 10
155.70263700
 20
91.98388700
  0
SEQEND
  0
POLYLINE
  8
0
 66
   1
 39
0.000000
 70
    0
  0
VERTEX
  8
0
 10
139.29931600
 20
78.94140600
 42
0.24220600
  0
VERTEX
  8
0
 10
156.79443300
 20
81.58203100
 42
-0.13342900
  0
VERTEX
  8
0
 10
165.27734400
 20
85.09802300
 42
-0.12787500
  0
VERTEX
  8
0
 10
174.38623000
 20
83.93652400
  0
SEQEND
  0
POLYLINE
  8
0
 66
   1
 39
0.000000
 70
    0
  0
VERTEX
  8
0
 10
160.97509700
 20
70.28186000
 42
0.24241400
  0
VERTEX
  8
0
 10
178.12695300
 20
74.60693400
 42
-0.23181600
  0
VERTEX
  8
0
 10
193.24414000
 20
79.14843800
  0
SEQEND
  0
POLYLINE
  8
0
 66
   1
 39
0.000000
 70
    0
  0
VERTEX
  8
0
 10
180.55517600
 20
64.93151900
 42
0.23947200
  0
VERTEX
  8
0
 10
196.53662100
 20
71.95117200
 42
-0.20058900
  0
VERTEX
  8
0
 10
208.47412100
 20
78.71386700
  0
SEQEND
  0
POLYLINE
  8
0
 66
   1
 39
0.000000
 70
    0
  0
VERTEX
  8
0
 10
770.64892600
 20
131.02587900
 42
0.25034800
  0
VERTEX
  8
0
 10
758.83203100
 20
117.40429700
 42
-0.13510900
  0
VERTEX
  8
0
 10
754.79321300
 20
109.19641100
 42
-0.12824000
  0
VERTEX
  8
0
 10
747.19116200
 20
104.10839900
  0
SEQEND
  0
POLYLINE
  8
0
 66
   1
 39
0.000000
 70
    0
  0
VERTEX
  8
0
 10
788.84521500
 20
132.14648400
  0
VERTEX
  8
0
 10
788.31860300
 20
131.85351600
 42
0.17678000
  0
VERTEX
  8
0
 10
779.75097600
 20
121.90527400
 42
-0.13982400
  0
VERTEX
  8
0
 10
774.31884700
 20
114.06494200
  0
VERTEX
  8
0
 10
772.28100600
 20
112.39355500
  0
SEQEND
  0
POLYLINE
  8
0
 66
   1
 39
0.000000
 70
    1
  0
VERTEX
  8
0
 10
1080.73388700
 20
125.12207000
 42
-0.25062000
  0
VERTEX
  8
0
 10
1093.02026300
 20
111.93261700
 42
0.13527500
  0
VERTEX
  8
0
 10
1097.33959900
 20
103.87500000
 42
0.12837500
  0
VERTEX
  8
0
 10
1105.10473600
 20
99.06152400
 42
-0.12837500
  0
VERTEX
  8
0
 10
1097.33227500
 20
103.87500000
 42
-0.13527500
  0
VERTEX
  8
0
 10
1093.01293900
 20
111.93261700
 42
0.25062000
  0
VERTEX
  8
0
 10
1080.73388700
 20
125.12207000
  0
SEQEND
  0
POLYLINE
  8
0
 66
   1
 39
0.000000
 70
    1
  0
VERTEX
  8
0
 10
1102.17211900
 20
119.54492200
 42
-0.24992200
  0
VERTEX
  8
0
 10
1115.83959900
 20
107.74707000
 42
0.13490800
  0
VERTEX
  8
0
 10
1121.02050800
 20
100.19873100
 42
0.12803600
  0
VERTEX
  8
0
 10
1129.27148400
 20
96.24609400
 42
-0.12803600
  0
VERTEX
  8
0
 10
1121.01318300
 20
100.19873100
 42
-0.13490800
  0
VERTEX
  8
0
 10
1115.83227500
 20
107.74707000
 42
0.24992200
  0
VERTEX
  8
0
 10
1102.17211900
 20
119.54492200
  0
SEQEND
  0
POLYLINE
  8
0
 66
   1
 39
0.000000
 70
    1
  0
VERTEX
  8
0
 10
1123.11499000
 20
116.35888700
 42
-0.24940700
  0
VERTEX
  8
0
 10
1137.87597600
 20
105.91699200
 42
0.13452200
  0
VERTEX
  8
0
 10
1143.77148400
 20
98.89782700
 42
0.12781100
  0
VERTEX
  8
0
 10
1152.37304700
 20
95.74951200
 42
-0.12781100
  0
VERTEX
  8
0
 10
1143.76416000
 20
98.89782700
 42
-0.13452200
  0
VERTEX
  8
0
 10
1137.86865200
 20
105.91699200
 42
0.24940700
  0
VERTEX
  8
0
 10
1123.11499000
 20
116.35888700
  0
SEQEND
  0
POLYLINE
  8
0
 66
   1
 39
0.000000
 70
    0
  0
VERTEX
  8
0
 10
1144.06298800
 20
115.26757800
 42
-0.24924600
  0
VERTEX
  8
0
 10
1159.78417900
 20
106.32812500
 42
0.13430800
  0
VERTEX
  8
0
 10
1166.34814400
 20
99.92309600
 42
0.12776600
  0
VERTEX
  8
0
 10
1175.22973600
 20
97.63671900
  0
SEQEND
  0
POLYLINE
  8
0
 66
   1
 39
0.000000
 70
    0
  0
VERTEX
  8
0
 10
1164.43676700
 20
116.05810600
 42
-0.24910800
  0
VERTEX
  8
0
 10
1180.99853500
 20
108.76904300
 42
0.13406600
  0
VERTEX
  8
0
 10
1188.18798800
 20
103.06823700
 42
0.12773700
  0
VERTEX
  8
0
 10
1197.26074200
 20
101.69921900
  0
SEQEND
  0
POLYLINE
  8
0
 66
   1
 39
0.000000
 70
    0
  0
VERTEX
  8
0
 10
1184.77539000
 20
119.01171900
 42
-0.24264400
  0
VERTEX
  8
0
 10
1201.46142600
 20
113.15527400
 42
0.13386100
  0
VERTEX
  8
0
 10
1209.13427700
 20
108.11816400
 42
0.12775100
  0
VERTEX
  8
0
 10
1218.29589800
 20
107.56201200
  0
SEQEND
  0
POLYLINE
  8
0
 66
   1
 39
0.000000
 70
    0
  0
VERTEX
  8
0
 10
1205.03417900
 20
123.83007800
 42
-0.24235600
  0
VERTEX
  8
0
 10
1222.22558600
 20
119.66113300
 42
0.13369700
  0
VERTEX
  8
0
 10
1230.36401300
 20
115.41101100
 42
0.12784100
  0
VERTEX
  8
0
 10
1239.53833000
 20
115.76660200
  0
SEQEND
  0
POLYLINE
  8
0
 66
   1
 39
0.000000
 70
    0
  0
VERTEX
  8
0
 10
1224.58374000
 20
130.66796900
 42
-0.24215600
  0
VERTEX
  8
0
 10
1242.07568300
 20
128.00341800
 42
0.13350000
  0
VERTEX
  8
0
 10
1250.55371100
 20
124.47485400
 42
0.12793100
  0
VERTEX
  8
0
 10
1259.66430600
 20
125.62402400
  0
SEQEND
  0
POLYLINE
  8
0
 66
   1
 39
0.000000
 70
    0
  0
VERTEX
  8
0
 10
1243.58667000
 20
139.34814500
 42
-0.24205600
  0
VERTEX
  8
0
 10
1261.19677700
 20
137.61474600
 42
0.13338700
  0
VERTEX
  8
0
 10
1269.85058600
 20
134.54028300
 42
0.12801900
  0
VERTEX
  8
0
 10
1278.88818300
 20
136.17089900
  0
SEQEND
  0
POLYLINE
  8
0
 66
   1
 39
0.000000
 70
    0
  0
VERTEX
  8
0
 10
1262.08813500
 20
149.05175800
 42
-0.24203500
  0
VERTEX
  8
0
 10
1279.73510700
 20
147.73925800
 42
0.13333600
  0
VERTEX
  8
0
 10
1288.45996100
 20
144.87231500
 42
0.12803600
  0
VERTEX
  8
0
 10
1297.45629900
 20
146.71777400
  0
SEQEND
  0
POLYLINE
  8
0
 66
   1
 39
0.000000
 70
    0
  0
VERTEX
  8
0
 10
1280.27148400
 20
159.07617200
 42
-0.24196200
  0
VERTEX
  8
0
 10
1297.95507800
 20
158.40722700
 42
0.13331000
  0
VERTEX
  8
0
 10
1306.77856400
 20
155.86035200
 42
0.12807100
  0
VERTEX
  8
0
 10
1315.70190400
 20
158.03222700
  0
SEQEND
  0
POLYLINE
  8
0
 66
   1
 39
0.000000
 70
    0
  0
VERTEX
  8
0
 10
1298.72045900
 20
170.38867200
 42
-0.24189500
  0
VERTEX
  8
0
 10
1316.41601500
 20
170.21630900
 42
0.13322400
  0
VERTEX
  8
0
 10
1325.30761700
 20
167.91772500
 42
0.12812200
  0
VERTEX
  8
0
 10
1334.16650400
 20
170.33886700
  0
SEQEND
  0
POLYLINE
  8
0
 66
   1
 39
0.000000
 70
    0
  0
VERTEX
  8
0
 10
1316.47436500
 20
181.93164100
 42
-0.24184900
  0
VERTEX
  8
0
 10
1334.16918900
 20
182.17089900
 42
0.13323000
  0
VERTEX
  8
0
 10
1343.11157200
 20
180.07898000
 42
0.12817000
  0
VERTEX
  8
0
 10
1351.91186500
 20
182.70507800
  0
SEQEND
  0
POLYLINE
  8
0
 66
   1
 39
0.000000
 70
    0
  0
VERTEX
  8
0
 10
1333.81860300
 20
193.96875000
 42
-0.24182800
  0
VERTEX
  8
0
 10
1351.49780300
 20
194.74511700
 42
0.13317000
  0
VERTEX
  8
0
 10
1360.49926700
 20
192.92663600
 42
0.12820400
  0
VERTEX
  8
0
 10
1369.21533200
 20
195.81933600
  0
SEQEND
  0
POLYLINE
  8
0
 66
   1
 39
0.000000
 70
    0
  0
VERTEX
  8
0
 10
1350.53198200
 20
206.35449200
 42
-0.24177100
  0
VERTEX
  8
0
 10
1368.17797800
 20
207.68261700
 42
0.13313000
  0
VERTEX
  8
0
 10
1377.23168900
 20
206.14587400
 42
0.12828200
  0
VERTEX
  8
0
 10
1385.85278300
 20
209.30908200
  0
SEQEND
  0
POLYLINE
  8
0
 66
   1
 39
0.000000
 70
    0
  0
VERTEX
  8
0
 10
1367.09301700
 20
219.38586400
 42
-0.24170700
  0
VERTEX
  8
0
 10
1384.69726500
 20
221.17919900
 42
0.13309700
  0
VERTEX
  8
0
 10
1393.78808600
 20
219.88195800
 42
0.12827300
  0
VERTEX
  8
0
 10
1402.32251000
 20
223.27148400
  0
SEQEND
  0
POLYLINE
  8
0
 66
   1
 39
0.000000
 70
    0
  0
VERTEX
  8
0
 10
1383.38256800
 20
232.98632800
 42
-0.24172200
  0
VERTEX
  8
0
 10
1400.91503900
 20
235.37402400
 42
0.13304600
  0
VERTEX
  8
0
 10
1410.04418900
 20
234.38501000
 42
0.12833400
  0
VERTEX
  8
0
 10
1418.45849600
 20
238.06152400
  0
SEQEND
  0
POLYLINE
  8
0
 66
   1
 39
0.000000
 70
    0
  0
VERTEX
  8
0
 10
1399.49780300
 20
247.26269500
 42
-0.24174400
  0
VERTEX
  8
0
 10
1417.01855400
 20
249.73242200
 42
0.13300900
  0
VERTEX
  8
0
 10
1426.15209900
 20
248.78674300
 42
0.12836800
  0
VERTEX
  8
0
 10
1434.54907200
 20
252.50293000
  0
SEQEND
  0
POLYLINE
  8
0
 66
   1
 39
0.000000
 70
    0
  0
VERTEX
  8
0
 10
1414.92651300
 20
261.73144500
 42
-0.24184000
  0
VERTEX
  8
0
 10
1432.60180600
 20
262.59619200
 42
0.13317300
  0
VERTEX
  8
0
 10
1441.61230400
 20
260.82287600
 42
0.12819600
  0
VERTEX
  8
0
 10
1450.31372100
 20
263.75927700
  0
SEQEND
  0
POLYLINE
  8
0
 66
   1
 39
0.000000
 70
    0
  0
VERTEX
  8
0
 10
1432.01001000
 20
275.11523400
 42
-0.24189800
  0
VERTEX
  8
0
 10
1449.70532200
 20
274.91162100
 42
0.13323000
  0
VERTEX
  8
0
 10
1458.59277300
 20
272.59814500
 42
0.12808900
  0
VERTEX
  8
0
 10
1467.45581000
 20
275.00390600
  0
SEQEND
  0
POLYLINE
  8
0
 66
   1
 39
0.000000
 70
    0
  0
VERTEX
  8
0
 10
1449.86865200
 20
287.20312500
 42
-0.24198000
  0
VERTEX
  8
0
 10
1467.52465800
 20
286.01660200
 42
0.13333500
  0
VERTEX
  8
0
 10
1476.26977500
 20
283.21252500
 42
0.12801000
  0
VERTEX
  8
0
 10
1485.25268500
 20
285.12255900
  0
SEQEND
  0
POLYLINE
  8
0
 66
   1
 39
0.000000
 70
    0
  0
VERTEX
  8
0
 10
1468.19213800
 20
298.12109400
 42
-0.24206300
  0
VERTEX
  8
0
 10
1485.75634700
 20
295.97460900
 42
0.13343900
  0
VERTEX
  8
0
 10
1494.33544900
 20
292.69885300
 42
0.12792300
  0
VERTEX
  8
0
 10
1503.40844700
 20
294.11669900
  0
SEQEND
  0
POLYLINE
  8
0
 66
   1
 39
0.000000
 70
    0
  0
VERTEX
  8
0
 10
1487.43457000
 20
308.11328100
 42
-0.24223800
  0
VERTEX
  8
0
 10
1504.86718700
 20
305.08789100
 42
0.13356200
  0
VERTEX
  8
0
 10
1513.27001900
 20
301.38501000
 42
0.12784400
  0
VERTEX
  8
0
 10
1522.40209900
 20
302.34521500
  0
SEQEND
  0
POLYLINE
  8
0
 66
   1
 39
0.000000
 70
    0
  0
VERTEX
  8
0
 10
1507.20751900
 20
316.97522000
 42
-0.24231700
  0
VERTEX
  8
0
 10
1524.54370100
 20
313.44433600
 42
0.13359600
  0
VERTEX
  8
0
 10
1532.83496100
 20
309.49926800
 42
0.12780700
  0
VERTEX
  8
0
 10
1541.99072200
 20
310.19433600
  0
SEQEND
  0
POLYLINE
  8
0
 66
   1
 39
0.000000
 70
    0
  0
VERTEX
  8
0
 10
1527.05517600
 20
325.19726600
 42
-0.24242700
  0
VERTEX
  8
0
 10
1544.20629900
 20
320.86523400
 42
0.13368000
  0
VERTEX
  8
0
 10
1552.30419900
 20
316.53881800
 42
0.12777300
  0
VERTEX
  8
0
 10
1561.48144500
 20
316.80761700
  0
SEQEND
  0
POLYLINE
  8
0
 66
   1
 39
0.000000
 70
    0
  0
VERTEX
  8
0
 10
1567.96899400
 20
338.74316400
 42
-0.24289700
  0
VERTEX
  8
0
 10
1584.09692400
 20
331.50585900
 42
0.13406500
  0
VERTEX
  8
0
 10
1591.31567400
 20
325.84191900
 42
0.12766600
  0
VERTEX
  8
0
 10
1600.39550800
 20
324.51855500
  0
SEQEND
  0
POLYLINE
  8
0
 66
   1
 39
0.000000
 70
    0
  0
VERTEX
  8
0
 10
1588.56591800
 20
342.56347700
 42
-0.24297400
  0
VERTEX
  8
0
 10
1604.19140600
 20
334.31005900
 42
0.13420600
  0
VERTEX
  8
0
 10
1611.02929700
 20
328.19519100
 42
0.12772700
  0
VERTEX
  8
0
 10
1620.00341800
 20
326.29394500
  0
SEQEND
  0
POLYLINE
  8
0
 66
   1
 39
0.000000
 70
    0
  0
VERTEX
  8
0
 10
1610.39721700
 20
344.99267600
 42
-0.24315200
  0
VERTEX
  8
0
 10
1625.19091800
 20
335.34375000
 42
0.13440000
  0
VERTEX
  8
0
 10
1631.43420400
 20
328.62841800
 42
0.12772600
  0
VERTEX
  8
0
 10
1640.19238300
 20
325.91406300
  0
SEQEND
  0
POLYLINE
  8
0
 66
   1
 39
0.000000
 70
    0
  0
VERTEX
  8
0
 10
1632.05664000
 20
345.91845700
 42
-0.24349800
  0
VERTEX
  8
0
 10
1645.34838800
 20
334.31054700
 42
0.13465900
  0
VERTEX
  8
0
 10
1650.58728000
 20
326.79382300
 42
0.12788100
  0
VERTEX
  8
0
 10
1658.87646500
 20
322.89062500
  0
SEQEND
  0
POLYLINE
  8
0
 66
   1
 39
0.000000
 70
    0
  0
VERTEX
  8
0
 10
1653.85498000
 20
343.77343800
 42
-0.24385700
  0
VERTEX
  8
0
 10
1665.39428700
 20
330.44335900
 42
0.13487300
  0
VERTEX
  8
0
 10
1669.53161600
 20
322.27661100
 42
0.12805000
  0
VERTEX
  8
0
 10
1677.19409200
 20
317.26660200
  0
SEQEND
  0
POLYLINE
  8
0
 66
   1
 39
0.000000
 70
    0
  0
VERTEX
  8
0
 10
1675.57812500
 20
338.39257800
 42
-0.24430900
  0
VERTEX
  8
0
 10
1684.95947200
 20
323.48388700
 42
0.13503300
  0
VERTEX
  8
0
 10
1687.80847100
 20
314.79150400
 42
0.12830600
  0
VERTEX
  8
0
 10
1694.62207000
 20
308.68847700
  0
SEQEND
  0
POLYLINE
  8
0
 66
   1
 39
0.000000
 70
    0
  0
VERTEX
  8
0
 10
1696.42968700
 20
329.92187500
 42
-0.24473000
  0
VERTEX
  8
0
 10
1703.24096700
 20
313.69335900
 42
0.13506900
  0
VERTEX
  8
0
 10
1704.62597600
 20
304.65856900
 42
0.12862900
  0
VERTEX
  8
0
 10
1710.34838800
 20
297.53125000
  0
SEQEND
  0
POLYLINE
  8
0
 66
   1
 39
0.000000
 70
    0
  0
VERTEX
  8
0
 10
1715.75537100
 20
317.95752000
 42
-0.24480300
  0
VERTEX
  8
0
 10
1719.72436500
 20
300.82226600
 42
0.13501900
  0
VERTEX
  8
0
 10
1719.56054700
 20
291.68884300
 42
0.12898600
  0
VERTEX
  8
0
 10
1723.99609400
 20
283.70312500
  0
SEQEND
  0
POLYLINE
  8
0
 66
   1
 39
0.000000
 70
    0
  0
VERTEX
  8
0
 10
1732.29248000
 20
303.74218800
 42
-0.24475600
  0
VERTEX
  8
0
 10
1733.33691400
 20
286.19043000
 42
0.13480400
  0
VERTEX
  8
0
 10
1731.64611800
 20
277.21606500
 42
0.12931300
  0
VERTEX
  8
0
 10
1734.68261700
 20
268.60351600
  0
SEQEND
  0
POLYLINE
  8
0
 66
   1
 39
0.000000
 70
    0
  0
VERTEX
  8
0
 10
1746.22534200
 20
286.92968800
 42
-0.24452800
  0
VERTEX
  8
0
 10
1744.43750000
 20
269.43652400
 42
0.13453100
  0
VERTEX
  8
0
 10
1741.32763700
 20
260.85046400
 42
0.12956800
  0
VERTEX
  8
0
 10
1742.94140600
 20
251.86230500
  0
SEQEND
  0
POLYLINE
  8
0
 66
   1
 39
0.000000
 70
    0
  0
VERTEX
  8
0
 10
1757.80566400
 20
267.39257800
 42
-0.24415500
  0
VERTEX
  8
0
 10
1753.11010700
 20
250.43945300
 42
0.13421500
  0
VERTEX
  8
0
 10
1748.60510200
 20
242.49279800
 42
0.12975300
  0
VERTEX
  8
0
 10
1748.68872100
 20
233.35839900
  0
SEQEND
  0
POLYLINE
  8
0
 66
   1
 39
0.000000
 70
    0
  0
VERTEX
  8
0
 10
1765.48754900
 20
246.63671900
 42
-0.24372800
  0
VERTEX
  8
0
 10
1758.59082000
 20
230.44433600
 42
0.13390400
  0
VERTEX
  8
0
 10
1753.07519500
 20
223.15759300
 42
0.12980300
  0
VERTEX
  8
0
 10
1751.94897400
 20
214.08837900
  0
SEQEND
  0
POLYLINE
  8
0
 66
   1
 39
0.000000
 70
    0
  0
VERTEX
  8
0
 10
1770.30371100
 20
225.98144500
 42
-0.24327600
  0
VERTEX
  8
0
 10
1761.08300800
 20
210.97363300
 42
0.13361500
  0
VERTEX
  8
0
 10
1754.54907200
 20
204.57568400
 42
0.12978400
  0
VERTEX
  8
0
 10
1752.09082000
 20
195.76757800
  0
SEQEND
  0
POLYLINE
  8
0
 66
   1
 39
0.000000
 70
    0
  0
VERTEX
  8
0
 10
1772.08740200
 20
203.57275400
 42
-0.24276000
  0
VERTEX
  8
0
 10
1760.41528300
 20
190.35693400
 42
0.13321900
  0
VERTEX
  8
0
 10
1752.87536600
 20
185.16735800
 42
0.12965900
  0
VERTEX
  8
0
 10
1748.93383800
 20
176.90625000
  0
SEQEND
  0
POLYLINE
  8
0
 66
   1
 39
0.000000
 70
    0
  0
VERTEX
  8
0
 10
1769.79846200
 20
180.76660200
 42
-0.24232800
  0
VERTEX
  8
0
 10
1756.15502900
 20
169.56835900
 42
0.26521000
  0
VERTEX
  8
0
 10
1742.66235300
 20
158.10839900
  0
SEQEND
  0
POLYLINE
  8
0
 66
   1
 39
0.000000
 70
    0
  0
VERTEX
  8
0
 10
1763.89697200
 20
159.14843800
 42
-0.24196100
  0
VERTEX
  8
0
 10
1748.57226500
 20
150.35595700
 42
0.26465900
  0
VERTEX
  8
0
 10
1733.35229500
 20
141.28125000
  0
SEQEND
  0
POLYLINE
  8
0
 66
   1
 39
0.000000
 70
    0
  0
VERTEX
  8
0
 10
1754.99340800
 20
139.11572300
 42
-0.24180600
  0
VERTEX
  8
0
 10
1738.41210900
 20
132.97363300
 42
0.13283600
  0
VERTEX
  8
0
 10
1729.29235800
 20
131.95446800
 42
0.12880700
  0
VERTEX
  8
0
 10
1721.88671900
 20
126.53564500
  0
SEQEND
  0
POLYLINE
  8
0
 66
   1
 39
0.000000
 70
    0
  0
VERTEX
  8
0
 10
1742.48876900
 20
120.46777400
 42
-0.24170800
  0
VERTEX
  8
0
 10
1725.13916000
 20
117.00585900
 42
0.13294100
  0
VERTEX
  8
0
 10
1715.96789500
 20
117.43017600
 42
0.12846200
  0
VERTEX
  8
0
 10
1707.79760700
 20
113.24218800
  0
SEQEND
  0
POLYLINE
  8
0
 66
   1
 39
0.000000
 70
    0
  0
VERTEX
  8
0
 10
1727.33837900
 20
104.16015600
 42
-0.24183900
  0
VERTEX
  8
0
 10
1709.68115200
 20
102.99462900
 42
0.13312400
  0
VERTEX
  8
0
 10
1700.64172300
 20
104.61340300
 42
0.12822400
  0
VERTEX
  8
0
 10
1691.99194300
 20
101.52929700
  0
SEQEND
  0
POLYLINE
  8
0
 66
   1
 39
0.000000
 70
    0
  0
VERTEX
  8
0
 10
1709.70141600
 20
90.27490200
 42
-0.24203300
  0
VERTEX
  8
0
 10
1692.03417900
 20
91.27636700
 42
0.13328200
  0
VERTEX
  8
0
 10
1683.26001000
 20
93.98754900
 42
0.12800700
  0
VERTEX
  8
0
 10
1674.29785100
 20
91.98388700
  0
SEQEND
  0
POLYLINE
  8
0
 66
   1
 39
0.000000
 70
    0
  0
VERTEX
  8
0
 10
1690.70068300
 20
78.94140600
 42
-0.24219600
  0
VERTEX
  8
0
 10
1673.20556600
 20
81.58203100
 42
0.13345500
  0
VERTEX
  8
0
 10
1664.72265600
 20
85.09790000
 42
0.12787500
  0
VERTEX
  8
0
 10
1655.61376900
 20
83.93652400
  0
SEQEND
  0
POLYLINE
  8
0
 66
   1
 39
0.000000
 70
    0
  0
VERTEX
  8
0
 10
1634.59667900
 20
78.65673800
 42
-0.03016500
  0
VERTEX
  8
0
 10
1636.77392600
 20
79.15136700
 42
-0.23155600
  0
VERTEX
  8
0
 10
1651.87329100
 20
74.60693400
 42
0.24242800
  0
VERTEX
  8
0
 10
1669.02539000
 20
70.28173800
  0
SEQEND
  0
POLYLINE
  8
0
 66
   1
 39
0.000000
 70
    0
  0
VERTEX
  8
0
 10
1649.44506800
 20
64.93164100
 42
-0.23945500
  0
VERTEX
  8
0
 10
1633.46362300
 20
71.95117200
 42
0.20058900
  0
VERTEX
  8
0
 10
1621.52612300
 20
78.71386700
  0
SEQEND
  0
POLYLINE
  8
0
 66
   1
 39
0.000000
 70
    0
  0
VERTEX
  8
0
 10
1059.35107400
 20
131.02587900
 42
-0.25034700
  0
VERTEX
  8
0
 10
1071.16796900
 20
117.40429700
 42
0.13510800
  0
VERTEX
  8
0
 10
1075.20678700
 20
109.19641100
 42
0.12823100
  0
VERTEX
  8
0
 10
1082.80908200
 20
104.10839900
  0
SEQEND
  0
POLYLINE
  8
0
 66
   1
 39
0.000000
 70
    0
  0
VERTEX
  8
0
 10
1041.15527300
 20
132.14648400
  0
VERTEX
  8
0
 10
1041.68164000
 20
131.85339400
 42
-0.17678200
  0
VERTEX
  8
0
 10
1050.24951200
 20
121.90527400
 42
0.13987200
  0
VERTEX
  8
0
 10
1055.68164000
 20
114.06494200
  0
VERTEX
  8
0
 10
1057.71923800
 20
112.39355500
  0
SEQEND
  0
POLYLINE
  8
0
 66
   1
 39
0.000000
 70
    0
  0
VERTEX
  8
0
 10
1579.57836900
 20
321.40625000
 42
-0.31949700
  0
VERTEX
  8
0
 10
1564.76001000
 20
327.29589900
 42
0.17165000
  0
VERTEX
  8
0
 10
1557.85351500
 20
333.12854000
 42
0.16446900
  0
VERTEX
  8
0
 10
1548.81933600
 20
333.44726600
  0
SEQEND
  0
POLYLINE
  8
0
 66
   1
 39
0.000000
 70
    1
  0
VERTEX
  8
0
 10
914.99218700
 20
280.81591800
 42
0.13809300
  0
VERTEX
  8
0
 10
862.84301700
 20
286.39355500
 42
0.14299600
  0
VERTEX
  8
0
 10
815.66259700
 20
263.48828100
 42
0.24848500
  0
VERTEX
  8
0
 10
730.47851500
 20
251.69433600
 42
0.14716900
  0
VERTEX
  8
0
 10
699.22827100
 20
210.91601600
 42
-0.09992500
  0
VERTEX
  8
0
 10
646.97729500
 20
217.74267600
 42
-0.10231400
  0
VERTEX
  8
0
 10
601.59228500
 20
244.51904300
 42
-0.01888200
  0
VERTEX
  8
0
 10
594.15649400
 20
251.79760800
 42
-0.18058300
  0
VERTEX
  8
0
 10
559.32299800
 20
333.95898400
 42
-0.03592900
  0
VERTEX
  8
0
 10
560.44946300
 20
354.09606900
 42
-0.05740100
  0
VERTEX
  8
0
 10
569.10253900
 20
389.09277400
 42
-0.09250300
  0
VERTEX
  8
0
 10
591.84765600
 20
425.63623100
 42
-0.08642700
  0
VERTEX
  8
0
 10
624.72778300
 20
451.00500500
 42
-0.18843700
  0
VERTEX
  8
0
 10
699.23193300
 20
459.40234400
 42
0.14208400
  0
VERTEX
  8
0
 10
727.68627900
 20
421.82348600
 42
0.26775800
  0
VERTEX
  8
0
 10
814.05712900
 20
411.65429700
 42
0.15879000
  0
VERTEX
  8
0
 10
860.90942400
 20
384.08349600
 42
0.15981000
  0
VERTEX
  8
0
 10
915.00048800
 20
389.51074200
 42
0.15976600
  0
VERTEX
  8
0
 10
969.08056600
 20
384.07922400
 42
0.15891000
  0
VERTEX
  8
0
 10
1015.92236300
 20
411.64746100
 42
0.26109900
  0
VERTEX
  8
0
 10
1100.60058600
 20
420.57666000
 42
0.13537700
  0
VERTEX
  8
0
 10
1129.13671900
 20
455.44726600
 42
0.01131000
  0
VERTEX
  8
0
 10
1130.78540000
 20
459.41650400
 42
-0.18462700
  0
VERTEX
  8
0
 10
1203.90429700
 20
451.69384800
 42
-0.08974800
  0
VERTEX
  8
0
 10
1238.14209000
 20
425.65649400
 42
-0.09259300
  0
VERTEX
  8
0
 10
1260.87866200
 20
389.14306700
 42
-0.05725100
  0
VERTEX
  8
0
 10
1269.53833000
 20
354.16711400
 42
-0.03608400
  0
VERTEX
  8
0
 10
1270.67700200
 20
333.92822300
 42
-0.17612100
  0
VERTEX
  8
0
 10
1237.36987300
 20
253.43933100
 42
-0.02324300
  0
VERTEX
  8
0
 10
1228.40820300
 20
244.51513700
 42
-0.09691700
  0
VERTEX
  8
0
 10
1185.65625000
 20
218.67932100
 42
-0.09850300
  0
VERTEX
  8
0
 10
1134.34863300
 20
210.71630900
 42
-0.00430400
  0
VERTEX
  8
0
 10
1130.77636700
 20
210.90576200
 42
0.14877500
  0
VERTEX
  8
0
 10
1099.05712900
 20
252.02685600
 42
0.24685100
  0
VERTEX
  8
0
 10
1014.33276300
 20
263.47851600
 42
0.14305500
  0
VERTEX
  8
0
 10
967.15673800
 20
286.39184600
 42
0.13810700
  0
VERTEX
  8
0
 10
915.00390600
 20
280.81445300
 42
-0.14156800
  0
VERTEX
  8
0
 10
967.15234400
 20
286.39196800
 42
-0.13957400
  0
VERTEX
  8
0
 10
1014.32959000
 20
263.48535200
 42
-0.24922100
  0
VERTEX
  8
0
 10
1099.70312500
 20
251.55908200
 42
-0.14645800
  0
VERTEX
  8
0
 10
1130.77954100
 20
210.91601600
 42
0.09850100
  0
VERTEX
  8
0
 10
1182.28906200
 20
217.49487300
 42
0.09683200
  0
VERTEX
  8
0
 10
1225.74121100
 20
242.17028800
 42
0.02458600
  0
VERTEX
  8
0
 10
1235.44213800
 20
251.36621100
 42
0.18178400
  0
VERTEX
  8
0
 10
1270.67724600
 20
333.95898400
 42
0.05734100
  0
VERTEX
  8
0
 10
1266.77514600
 20
369.74438500
 42
0.03598600
  0
VERTEX
  8
0
 10
1260.89843700
 20
389.09082000
 42
0.19283600
  0
VERTEX
  8
0
 10
1200.49389600
 20
453.32397500
 42
0.17575200
  0
VERTEX
  8
0
 10
1130.76757800
 20
459.40039100
 42
-0.14856500
  0
VERTEX
  8
0
 10
1100.56958000
 20
420.55200200
 42
-0.26081300
  0
VERTEX
  8
0
 10
1015.94238300
 20
411.65380900
 42
-0.16209700
  0
VERTEX
  8
0
 10
969.09057600
 20
384.08227500
 42
-0.15652500
  0
VERTEX
  8
0
 10
914.99975600
 20
389.51074200
 42
-0.15981600
  0
VERTEX
  8
0
 10
860.90917900
 20
384.08349600
 42
-0.15878700
  0
VERTEX
  8
0
 10
814.07763700
 20
411.64746100
 42
-0.26560300
  0
VERTEX
  8
0
 10
728.21289000
 20
421.43383800
 42
-0.14405400
  0
VERTEX
  8
0
 10
699.21484400
 20
459.41650400
 42
0.18460000
  0
VERTEX
  8
0
 10
626.09570300
 20
451.69384800
 42
0.08986200
  0
VERTEX
  8
0
 10
591.84375000
 20
425.63317900
 42
0.09248100
  0
VERTEX
  8
0
 10
569.12158200
 20
389.14306700
 42
0.05719600
  0
VERTEX
  8
0
 10
560.46289000
 20
354.18725600
 42
0.03613600
  0
VERTEX
  8
0
 10
559.32324200
 20
333.92822300
 42
0.17515400
  0
VERTEX
  8
0
 10
592.30761700
 20
253.79565400
 42
0.02416600
  0
VERTEX
  8
0
 10
601.59228500
 20
244.51513700
 42
0.10229100
  0
VERTEX
  8
0
 10
646.97802700
 20
217.74194300
 42
0.09992200
  0
VERTEX
  8
0
 10
699.22387700
 20
210.90576200
 42
-0.14721300
  0
VERTEX
  8
0
 10
730.49707000
 20
251.70556700
 42
-0.24843300
  0
VERTEX
  8
0
 10
815.66748000
 20
263.47851600
 42
-0.14305100
  0
VERTEX
  8
0
 10
862.84350600
 20
286.39184600
 42
-0.13810800
  0
VERTEX
  8
0
 10
914.99218700
 20
280.81591800
  0
SEQEND
  0
POLYLINE
  8
0
 66
   1
 39
0.000000
 70
    0
  0
VERTEX
  8
0
 10
203.51318300
 20
122.92773400
 42
-0.16200700
  0
VERTEX
  8
0
 10
208.10302700
 20
142.92114300
 42
-0.15958500
  0
VERTEX
  8
0
 10
223.69384700
 20
156.25244200
 42
-0.15269800
  0
VERTEX
  8
0
 10
251.41308600
 20
158.41870100
 42
-0.15838300
  0
VERTEX
  8
0
 10
275.27197200
 20
144.14257800
 42
-0.15601300
  0
VERTEX
  8
0
 10
285.70068300
 20
110.72094700
 42
-0.16296300
  0
VERTEX
  8
0
 10
274.08056600
 20
77.21289100
 42
-0.09117000
  0
VERTEX
  8
0
 10
251.66894500
 20
59.73071300
 42
-0.05264800
  0
VERTEX
  8
0
 10
230.90771500
 20
51.54907200
 42
-0.02357300
  0
VERTEX
  8
0
 10
218.95605400
 20
48.83789100
  0
VERTEX
  8
0
 10
218.95605400
 20
48.40234400
  0
VERTEX
  8
0
 10
722.02856400
 20
48.40185600
 42
-0.05471600
  0
VERTEX
  8
0
 10
710.30273400
 20
56.31738300
  0
VERTEX
  8
0
 10
709.74560500
 20
56.79785200
 42
-0.02962700
  0
VERTEX
  8
0
 10
678.03588800
 20
56.85839900
 42
-0.04272200
  0
VERTEX
  8
0
 10
628.07348600
 20
63.17736800
 42
-0.03853500
  0
VERTEX
  8
0
 10
579.79077100
 20
77.49316400
 42
-0.03445000
  0
VERTEX
  8
0
 10
531.19042900
 20
100.02710000
 42
-0.02059600
  0
VERTEX
  8
0
 10
494.66626000
 20
122.13061500
 42
-0.01293100
  0
VERTEX
  8
0
 10
469.06787100
 20
140.07006800
 42
-0.00923600
  0
VERTEX
  8
0
 10
444.80810500
 20
158.72753900
 42
-0.01052000
  0
VERTEX
  8
0
 10
420.67309600
 20
175.72155800
 42
-0.00242200
  0
VERTEX
  8
0
 10
396.87573200
 20
193.41613800
 42
0.00148300
  0
VERTEX
  8
0
 10
373.01025400
 20
211.23132300
 42
0.00942900
  0
VERTEX
  8
0
 10
348.66943300
 20
228.58703600
 42
0.01319200
  0
VERTEX
  8
0
 10
323.44653300
 20
244.90332000
 42
0.03436300
  0
VERTEX
  8
0
 10
279.84594700
 20
267.55273400
 42
0.03942800
  0
VERTEX
  8
0
 10
238.42138700
 20
281.81543000
 42
0.03659800
  0
VERTEX
  8
0
 10
216.01416000
 20
284.20373500
 42
0.04566900
  0
VERTEX
  8
0
 10
196.20751900
 20
283.04895000
 42
0.05138100
  0
VERTEX
  8
0
 10
177.66210900
 20
278.27026400
 42
0.10265600
  0
VERTEX
  8
0
 10
152.41455100
 20
262.45971700
 42
0.05463600
  0
VERTEX
  8
0
 10
143.03295900
 20
251.26648000
 42
0.09835000
  0
VERTEX
  8
0
 10
132.10742200
 20
224.86499000
 42
0.09748100
  0
VERTEX
  8
0
 10
132.04638700
 20
193.61181700
 42
0.17551300
  0
VERTEX
  8
0
 10
162.19262700
 20
143.30566400
 42
0.04692000
  0
VERTEX
  8
0
 10
176.94921900
 20
133.43261700
 42
0.04305600
  0
VERTEX
  8
0
 10
193.23388700
 20
126.35839900
  0
VERTEX
  8
0
 10
203.47021500
 20
122.92334000
  0
VERTEX
  8
0
 10
193.23388700
 20
126.35839900
 42
-0.04305600
  0
VERTEX
  8
0
 10
176.94921900
 20
133.43261700
 42
-0.04692000
  0
VERTEX
  8
0
 10
162.19262700
 20
143.30566400
 42
-0.17551300
  0
VERTEX
  8
0
 10
132.04638700
 20
193.61181700
 42
-0.09748100
  0
VERTEX
  8
0
 10
132.10742200
 20
224.86499000
 42
-0.09835000
  0
VERTEX
  8
0
 10
143.03295900
 20
251.26648000
 42
-0.05463600
  0
VERTEX
  8
0
 10
152.41455100
 20
262.45971700
 42
-0.10265600
  0
VERTEX
  8
0
 10
177.66210900
 20
278.27026400
 42
-0.05138100
  0
VERTEX
  8
0
 10
196.20751900
 20
283.04895000
 42
-0.04566900
  0
VERTEX
  8
0
 10
216.01416000
 20
284.20373500
 42
-0.03659800
  0
VERTEX
  8
0
 10
238.42138700
 20
281.81543000
 42
-0.03942800
  0
VERTEX
  8
0
 10
279.84594700
 20
267.55273400
 42
-0.03436300
  0
VERTEX
  8
0
 10
323.44653300
 20
244.90332000
 42
-0.01319200
  0
VERTEX
  8
0
 10
348.66943300
 20
228.58703600
 42
-0.00942900
  0
VERTEX
  8
0
 10
373.01025400
 20
211.23132300
 42
-0.00148300
  0
VERTEX
  8
0
 10
396.87573200
 20
193.41613800
 42
0.00242200
  0
VERTEX
  8
0
 10
420.67309600
 20
175.72155800
 42
0.01052000
  0
VERTEX
  8
0
 10
444.80810500
 20
158.72753900
 42
0.00923600
  0
VERTEX
  8
0
 10
469.06787100
 20
140.07006800
 42
0.01293100
  0
VERTEX
  8
0
 10
494.66626000
 20
122.13061500
 42
0.02059600
  0
VERTEX
  8
0
 10
531.19042900
 20
100.02710000
 42
0.03445000
  0
VERTEX
  8
0
 10
579.79077100
 20
77.49316400
 42
0.03853500
  0
VERTEX
  8
0
 10
628.07348600
 20
63.17736800
 42
0.04272200
  0
VERTEX
  8
0
 10
678.03588800
 20
56.85839900
 42
0.04228400
  0
VERTEX
  8
0
 10
722.31005800
 20
57.81201200
 42
0.02003200
  0
VERTEX
  8
0
 10
744.62695300
 20
61.09619200
 42
0.04611200
  0
VERTEX
  8
0
 10
784.78637700
 20
72.57153300
 42
0.03564400
  0
VERTEX
  8
0
 10
806.08935500
 20
82.64599600
 42
0.03502900
  0
VERTEX
  8
0
 10
822.71362300
 20
93.61010800
 42
0.06697800
  0
VERTEX
  8
0
 10
842.37207000
 20
113.32495100
 42
0.06994500
  0
VERTEX
  8
0
 10
853.65795900
 20
133.47558600
 42
0.06610900
  0
VERTEX
  8
0
 10
856.07080100
 20
144.15478500
 42
0.17148500
  0
VERTEX
  8
0
 10
847.79199200
 20
176.64636200
 42
0.00087200
  0
VERTEX
  8
0
 10
847.50732400
 20
177.07031300
 42
0.06618900
  0
VERTEX
  8
0
 10
839.11962900
 20
186.53344700
 42
0.11942500
  0
VERTEX
  8
0
 10
815.72680600
 20
198.58337400
 42
0.05988400
  0
VERTEX
  8
0
 10
796.07202100
 20
200.91943400
 42
0.02665500
  0
VERTEX
  8
0
 10
789.66064400
 20
200.06738300
 42
0.16666800
  0
VERTEX
  8
0
 10
769.57226500
 20
188.66662600
 42
0.27709000
  0
VERTEX
  8
0
 10
763.09619100
 20
153.82812500
 42
0.22429500
  0
VERTEX
  8
0
 10
784.19531200
 20
133.48730500
 42
0.12623100
  0
VERTEX
  8
0
 10
802.64233400
 20
131.74841300
 42
0.13041100
  0
VERTEX
  8
0
 10
819.57519500
 20
139.24218800
 42
0.16757700
  0
VERTEX
  8
0
 10
829.50390600
 20
154.87890600
 42
0.17893800
  0
VERTEX
  8
0
 10
827.71777300
 20
169.08862300
 42
0.23498987
  0
VERTEX
  8
0
 10
812.66496479
 20
180.06004648
 42
0.23498987
  0
VERTEX
  8
0
 10
794.83398400
 20
174.67346200
 42
0.27546800
  0
VERTEX
  8
0
 10
789.18701200
 20
154.90234400
  0
SEQEND
  0
POLYLINE
  8
0
 66
   1
 39
0.000000
 70
    1
  0
VERTEX
  8
0
 10
915.00000000
 20
-0.00000000
  0
VERTEX
  8
0
 10
0.00000000
 20
-0.00000000
  0
VERTEX
  8
0
 10
0.00000000
 20
775.00000000
  0
VERTEX
  8
0
 10
915.00000000
 20
775.00000000
  0
VERTEX
  8
0
 10
1830.00024400
 20
775.00000000
  0
VERTEX
  8
0
 10
1830.00024400
 20
-0.00000000
  0
VERTEX
  8
0
 10
915.00000000
 20
-0.00000000
  0
SEQEND
  0
POLYLINE
  8
0
 66
   1
 39
0.000000
 70
    1
  0
VERTEX
  8
0
 10
900.90966800
 20
677.51245100
 42
-0.10436000
  0
VERTEX
  8
0
 10
881.51635700
 20
687.55383300
 42
-0.11183100
  0
VERTEX
  8
0
 10
868.08618100
 20
704.77478000
 42
-0.26044600
  0
VERTEX
  8
0
 10
871.24975600
 20
749.90625000
 42
-0.12954900
  0
VERTEX
  8
0
 10
890.06103500
 20
766.86254900
 42
-0.26462800
  0
VERTEX
  8
0
 10
943.22387700
 20
764.65722700
 42
-0.14127600
  0
VERTEX
  8
0
 10
961.66674800
 20
744.10058600
 42
-0.26186700
  0
VERTEX
  8
0
 10
958.86425800
 20
698.72583000
 42
-0.13100900
  0
VERTEX
  8
0
 10
939.91162100
 20
681.54736300
 42
-0.18854200
  0
VERTEX
  8
0
 10
900.90966800
 20
677.51245100
  0
SEQEND
  0
POLYLINE
  8
0
 66
   1
 39
0.000000
 70
    1
  0
VERTEX
  8
0
 10
947.11767600
 20
170.84082000
 42
0.11730400
  0
VERTEX
  8
0
 10
944.55371100
 20
181.61926300
 42
0.09977900
  0
VERTEX
  8
0
 10
937.70849600
 20
190.33081100
 42
0.09095500
  0
VERTEX
  8
0
 10
927.49487300
 20
196.23925800
 42
0.17325500
  0
VERTEX
  8
0
 10
902.49951200
 20
196.23779300
 42
0.09094100
  0
VERTEX
  8
0
 10
892.29028300
 20
190.33081100
 42
0.09985300
  0
VERTEX
  8
0
 10
885.44213800
 20
181.61279300
 42
0.23780400
  0
VERTEX
  8
0
 10
885.44531200
 20
160.06237800
 42
0.09978300
  0
VERTEX
  8
0
 10
892.29028300
 20
151.35058600
 42
0.09096800
  0
VERTEX
  8
0
 10
902.50463800
 20
145.44091800
 42
0.17328100
  0
VERTEX
  8
0
 10
927.49902300
 20
145.44287100
 42
0.09091700
  0
VERTEX
  8
0
 10
937.70849600
 20
151.35058600
 42
0.09978700
  0
VERTEX
  8
0
 10
944.55371100
 20
160.06225600
 42
0.11730300
  0
VERTEX
  8
0
 10
947.11767600
 20
170.84082000
  0
SEQEND
  0
POLYLINE
  8
0
 66
   1
 39
0.000000
 70
    1
  0
VERTEX
  8
0
 10
953.40405300
 20
691.72876000
 42
-0.09486700
  0
VERTEX
  8
0
 10
947.99414000
 20
678.30236800
 42
-0.04087500
  0
VERTEX
  8
0
 10
943.86694300
 20
673.03393600
 42
-0.05057700
  0
VERTEX
  8
0
 10
938.99145500
 20
668.72753900
 42
-0.03696900
  0
VERTEX
  8
0
 10
933.51709000
 20
665.38208000
 42
-0.04595400
  0
VERTEX
  8
0
 10
927.59350600
 20
662.99658200
 42
-0.03283900
  0
VERTEX
  8
0
 10
921.37060500
 20
661.57006800
 42
-0.04321500
  0
VERTEX
  8
0
 10
914.99804700
 20
661.10168500
 42
-0.03179800
  0
VERTEX
  8
0
 10
908.62548800
 20
661.59045400
 42
-0.04398200
  0
VERTEX
  8
0
 10
902.40283200
 20
663.03515600
 42
-0.03441900
  0
VERTEX
  8
0
 10
896.47949200
 20
665.43518100
 42
-0.04798500
  0
VERTEX
  8
0
 10
891.00537100
 20
668.78930700
 42
-0.03901700
  0
VERTEX
  8
0
 10
886.13012700
 20
673.09668000
 42
-0.05199800
  0
VERTEX
  8
0
 10
882.00366200
 20
678.35644500
 42
-0.08874400
  0
VERTEX
  8
0
 10
876.59545900
 20
691.72876000
 42
0.05684000
  0
VERTEX
  8
0
 10
875.84082000
 20
678.66980000
 42
0.11443000
  0
VERTEX
  8
0
 10
880.63427700
 20
662.22790500
 42
0.06485400
  0
VERTEX
  8
0
 10
885.69165000
 20
655.45092800
 42
0.10870000
  0
VERTEX
  8
0
 10
899.20092800
 20
646.53039600
 42
0.18619000
  0
VERTEX
  8
0
 10
931.71582000
 20
646.56604000
 42
0.11211400
  0
VERTEX
  8
0
 10
945.28051700
 20
655.69921900
 42
0.09059800
  0
VERTEX
  8
0
 10
951.56762700
 20
665.41796900
 42
0.09952800
  0
VERTEX
  8
0
 10
954.54809600
 20
680.49853500
 42
0.04915700
  0
VERTEX
  8
0
 10
953.40405300
 20
691.72876000
  0
SEQEND
  0
POLYLINE
  8
0
 66
   1
 39
0.000000
 70
    1
  0
VERTEX
  8
0
 10
757.80346700
 20
353.16601600
 42
-0.15176200
  0
VERTEX
  8
0
 10
755.09350600
 20
357.35754400
 42
-0.18745000
  0
VERTEX
  8
0
 10
755.58154300
 20
362.32495100
 42
-0.15255300
  0
VERTEX
  8
0
 10
759.30883800
 20
366.15869200
 42
-0.20723300
  0
VERTEX
  8
0
 10
768.76660100
 20
366.99340800
 42
-0.14201000
  0
VERTEX
  8
0
 10
773.43408200
 20
363.78149400
 42
-0.29949800
  0
VERTEX
  8
0
 10
774.26440400
 20
355.82714900
 42
-0.14776500
  0
VERTEX
  8
0
 10
770.71826200
 20
352.18078600
 42
-0.20961300
  0
VERTEX
  8
0
 10
761.16406200
 20
351.29345700
 42
-0.09414500
  0
VERTEX
  8
0
 10
757.80346700
 20
353.16601600
  0
SEQEND
  0
POLYLINE
  8
0
 66
   1
 39
0.000000
 70
    1
  0
VERTEX
  8
0
 10
667.80175800
 20
317.94873100
 42
-0.15170700
  0
VERTEX
  8
0
 10
665.09179700
 20
322.14062500
 42
-0.18751000
  0
VERTEX
  8
0
 10
665.57959000
 20
327.10827600
 42
-0.15187200
  0
VERTEX
  8
0
 10
669.28417900
 20
330.92773400
 42
-0.20787000
  0
VERTEX
  8
0
 10
678.76464800
 20
331.77661100
 42
-0.14204300
  0
VERTEX
  8
0
 10
683.43261700
 20
328.56420900
 42
-0.29942100
  0
VERTEX
  8
0
 10
684.26293900
 20
320.60876500
 42
-0.14753000
  0
VERTEX
  8
0
 10
680.72680600
 20
316.96826200
 42
-0.20997600
  0
VERTEX
  8
0
 10
671.16235300
 20
316.07531700
 42
-0.09409500
  0
VERTEX
  8
0
 10
667.80175800
 20
317.94873100
  0
SEQEND
  0
POLYLINE
  8
0
 66
   1
 39
0.000000
 70
    1
  0
VERTEX
  8
0
 10
63.63671900
 20
64.05615200
 42
0.25376400
  0
VERTEX
  8
0
 10
63.51147400
 20
54.18518100
 42
0.40152700
  0
VERTEX
  8
0
 10
74.58618100
 20
50.48059100
 42
0.15629700
  0
VERTEX
  8
0
 10
79.05566400
 20
54.65234400
 42
0.25338500
  0
VERTEX
  8
0
 10
79.18725600
 20
64.51245100
 42
0.40107400
  0
VERTEX
  8
0
 10
68.12988300
 20
68.23791500
 42
0.15708100
  0
VERTEX
  8
0
 10
63.63671900
 20
64.05615200
  0
SEQEND
  0
POLYLINE
  8
0
 66
   1
 39
0.000000
 70
    1
  0
VERTEX
  8
0
 10
1072.19677700
 20
353.16601600
 42
0.15176000
  0
VERTEX
  8
0
 10
1074.90698200
 20
357.35754400
 42
0.18745000
  0
VERTEX
  8
0
 10
1074.41894500
 20
362.32495100
 42
0.15242800
  0
VERTEX
  8
0
 10
1070.69726500
 20
366.15515100
 42
0.20736800
  0
VERTEX
  8
0
 10
1061.23388700
 20
366.99340800
 42
0.14204300
  0
VERTEX
  8
0
 10
1056.56616200
 20
363.78161600
 42
0.29949200
  0
VERTEX
  8
0
 10
1055.73584000
 20
355.82714900
 42
0.14777700
  0
VERTEX
  8
0
 10
1059.28198200
 20
352.18078600
 42
0.20961800
  0
VERTEX
  8
0
 10
1068.83593700
 20
351.29357900
 42
0.09408000
  0
VERTEX
  8
0
 10
1072.19677700
 20
353.16601600
  0
SEQEND
  0
POLYLINE
  8
0
 66
   1
 39
0.000000
 70
    1
  0
VERTEX
  8
0
 10
1162.19824200
 20
317.94873100
 42
0.15172200
  0
VERTEX
  8
0
 10
1164.90820300
 20
322.14062500
 42
0.18750100
  0
VERTEX
  8
0
 10
1164.42041000
 20
327.10827600
 42
0.15251500
  0
VERTEX
  8
0
 10
1160.69311500
 20
330.94189500
 42
0.20723300
  0
VERTEX
  8
0
 10
1151.23535100
 20
331.77661100
 42
0.14200000
  0
VERTEX
  8
0
 10
1146.56738300
 20
328.56408700
 42
0.29944500
  0
VERTEX
  8
0
 10
1145.73730400
 20
320.60876500
 42
0.14779200
  0
VERTEX
  8
0
 10
1149.28393500
 20
316.96142600
 42
0.20969500
  0
VERTEX
  8
0
 10
1158.83789000
 20
316.07531700
 42
0.09409600
  0
VERTEX
  8
0
 10
1162.19824200
 20
317.94873100
  0
SEQEND
  0
POLYLINE
  8
0
 66
   1
 39
0.000000
 70
    1
  0
VERTEX
  8
0
 10
1766.36352500
 20
64.05615200
 42
-0.25378400
  0
VERTEX
  8
0
 10
1766.48815900
 20
54.18493700
 42
-0.40146400
  0
VERTEX
  8
0
 10
1755.41479500
 20
50.48059100
 42
-0.15632300
  0
VERTEX
  8
0
 10
1750.94458000
 20
54.65234400
 42
-0.25375100
  0
VERTEX
  8
0
 10
1750.81982400
 20
64.52282700
 42
-0.40147700
  0
VERTEX
  8
0
 10
1761.89404300
 20
68.22778300
 42
-0.15638000
  0
VERTEX
  8
0
 10
1766.36352500
 20
64.05615200
  0
SEQEND
  0
POLYLINE
  8
0
 66
   1
 39
0.000000
 70
    1
  0
VERTEX
  8
0
 10
915.00000000
 20
401.88378900
  0
VERTEX
  8
0
 10
914.68310500
 20
402.09375000
 42
-0.04104400
  0
VERTEX
  8
0
 10
907.76025400
 20
407.54199200
 42
-0.07109400
  0
VERTEX
  8
0
 10
903.01806600
 20
413.40527400
 42
-0.10917500
  0
VERTEX
  8
0
 10
897.68286100
 20
419.08398400
  0
VERTEX
  8
0
 10
897.02685500
 20
419.08398400
 42
-0.11817800
  0
VERTEX
  8
0
 10
896.01074200
 20
414.97412100
 42
-0.06589100
  0
VERTEX
  8
0
 10
893.58862300
 20
411.50183100
 42
-0.02632300
  0
VERTEX
  8
0
 10
889.17163100
 20
407.15405300
 42
0.05363300
  0
VERTEX
  8
0
 10
885.18896500
 20
402.78112800
 42
0.05845900
  0
VERTEX
  8
0
 10
883.73535100
 20
400.21191400
 42
-0.09097400
  0
VERTEX
  8
0
 10
877.86401300
 20
402.88366700
 42
-0.20039100
  0
VERTEX
  8
0
 10
873.46069300
 20
409.80200200
 42
-0.13230800
  0
VERTEX
  8
0
 10
874.06347600
 20
416.34777800
 42
-0.10947600
  0
VERTEX
  8
0
 10
877.94140600
 20
422.35839900
  0
VERTEX
  8
0
 10
878.06274400
 20
422.47851600
  0
VERTEX
  8
0
 10
877.94335900
 20
422.48046900
 42
-0.06024300
  0
VERTEX
  8
0
 10
872.37915000
 20
423.24609400
 42
-0.04711000
  0
VERTEX
  8
0
 10
870.34204100
 20
425.17834500
 42
-0.06145100
  0
VERTEX
  8
0
 10
868.76855400
 20
427.50390600
  0
VERTEX
  8
0
 10
868.16577100
 20
427.50390600
 42
-0.06499400
  0
VERTEX
  8
0
 10
867.26879900
 20
422.57507300
 42
-0.17023400
  0
VERTEX
  8
0
 10
862.77441400
 20
416.62536600
 42
-0.02036200
  0
VERTEX
  8
0
 10
859.48730400
 20
414.62866200
 42
0.00262500
  0
VERTEX
  8
0
 10
856.05053700
 20
412.70495600
 42
0.09280700
  0
VERTEX
  8
0
 10
851.05249000
 20
408.49011200
 42
0.03173100
  0
VERTEX
  8
0
 10
848.79687500
 20
405.34179700
 42
-0.13438600
  0
VERTEX
  8
0
 10
841.39013700
 20
409.81433100
 42
-0.14950600
  0
VERTEX
  8
0
 10
837.92211900
 20
416.75146500
 42
-0.26904800
  0
VERTEX
  8
0
 10
842.31958000
 20
428.47399900
 42
-0.04799900
  0
VERTEX
  8
0
 10
845.12744100
 20
430.35498100
  0
VERTEX
  8
0
 10
845.12744100
 20
431.27050800
 42
-0.12071900
  0
VERTEX
  8
0
 10
833.87084900
 20
435.17675800
  0
VERTEX
  8
0
 10
833.28881800
 20
435.55419900
 42
-0.08548600
  0
VERTEX
  8
0
 10
798.30078100
 20
425.64892600
 42
-0.06168400
  0
VERTEX
  8
0
 10
777.75903300
 20
426.01672400
 42
-0.06295800
  0
VERTEX
  8
0
 10
764.72949200
 20
429.57910200
 42
-0.09222900
  0
VERTEX
  8
0
 10
749.86889600
 20
439.24462900
 42
-0.08834500
  0
VERTEX
  8
0
 10
739.36840800
 20
453.52734400
 42
0.16182500
  0
VERTEX
  8
0
 10
664.08569300
 20
481.06347700
 42
0.10059400
  0
VERTEX
  8
0
 10
612.52905300
 20
472.17480500
 42
0.06487400
  0
VERTEX
  8
0
 10
584.89892600
 20
456.82971200
 42
0.06513000
  0
VERTEX
  8
0
 10
562.93505800
 20
435.67602500
 42
0.12650000
  0
VERTEX
  8
0
 10
538.36084000
 20
381.25927700
 42
0.07409200
  0
VERTEX
  8
0
 10
537.40795900
 20
326.26928700
 42
0.07647300
  0
VERTEX
  8
0
 10
552.77807600
 20
273.46240200
 42
0.04721900
  0
VERTEX
  8
0
 10
565.66552700
 20
251.20227100
 42
0.05133500
  0
VERTEX
  8
0
 10
582.65966800
 20
231.89453100
 42
0.15159600
  0
VERTEX
  8
0
 10
679.29882800
 20
187.76562500
 42
0.08181400
  0
VERTEX
  8
0
 10
739.52417000
 20
189.92285200
 42
-0.06622800
  0
VERTEX
  8
0
 10
743.12451200
 20
195.54882800
 42
-0.08698200
  0
VERTEX
  8
0
 10
736.20922800
 20
202.49585000
 42
-0.12516800
  0
VERTEX
  8
0
 10
732.75073200
 20
211.66772500
 42
-0.08573500
  0
VERTEX
  8
0
 10
733.12255800
 20
217.91113300
 42
-0.07748000
  0
VERTEX
  8
0
 10
747.65185500
 20
220.32617200
 42
-0.09984200
  0
VERTEX
  8
0
 10
762.11816400
 20
217.55944800
 42
-0.06054500
  0
VERTEX
  8
0
 10
767.54248000
 20
214.53271500
  0
VERTEX
  8
0
 10
768.10571300
 20
215.20752000
 42
-0.07632400
  0
VERTEX
  8
0
 10
766.24682600
 20
223.08789100
 42
-0.08583800
  0
VERTEX
  8
0
 10
766.99023400
 20
231.15039100
 42
-0.21449300
  0
VERTEX
  8
0
 10
789.61010700
 20
224.80200200
 42
-0.10352300
  0
VERTEX
  8
0
 10
794.63623000
 20
218.43554700
 42
-0.01539000
  0
VERTEX
  8
0
 10
799.18920900
 20
217.88964900
  0
VERTEX
  8
0
 10
798.94677700
 20
218.24414100
 42
-0.18840100
  0
VERTEX
  8
0
 10
796.00439400
 20
231.09362800
 42
-0.08731400
  0
VERTEX
  8
0
 10
798.39868100
 20
238.28222700
 42
-0.06944900
  0
VERTEX
  8
0
 10
802.77929700
 20
244.23535200
 42
-0.04043400
  0
VERTEX
  8
0
 10
811.12402300
 20
240.55358900
 42
-0.05105400
  0
VERTEX
  8
0
 10
818.42285100
 20
235.57714900
 42
-0.07636000
  0
VERTEX
  8
0
 10
824.19946300
 20
228.96313500
 42
-0.09766800
  0
VERTEX
  8
0
 10
826.82421900
 20
222.21191400
  0
VERTEX
  8
0
 10
827.13769500
 20
222.21191400
 42
-0.21591100
  0
VERTEX
  8
0
 10
830.79931600
 20
226.57544000
 42
-0.05199600
  0
VERTEX
  8
0
 10
832.91674800
 20
227.33300800
 42
-0.03507900
  0
VERTEX
  8
0
 10
830.56347600
 20
229.17700200
 42
-0.21238200
  0
VERTEX
  8
0
 10
825.01757800
 20
241.68273900
 42
-0.08475400
  0
VERTEX
  8
0
 10
826.40722600
 20
249.76757800
 42
-0.06699600
  0
VERTEX
  8
0
 10
830.22851500
 20
257.23291000
 42
-0.06774700
  0
VERTEX
  8
0
 10
840.77294900
 20
255.31079100
 42
-0.07099600
  0
VERTEX
  8
0
 10
849.90283200
 20
250.81787100
 42
-0.09326100
  0
VERTEX
  8
0
 10
856.28491200
 20
244.44043000
 42
-0.13871800
  0
VERTEX
  8
0
 10
859.15795900
 20
235.88769500
  0
VERTEX
  8
0
 10
859.36840800
 20
235.88769500
 42
-0.05686900
  0
VERTEX
  8
0
 10
861.38989200
 20
237.84472700
 42
-0.06837900
  0
VERTEX
  8
0
 10
865.37475600
 20
239.36071800
 42
-0.05700100
  0
VERTEX
  8
0
 10
871.82934600
 20
240.09326200
 42
-0.11735000
  0
VERTEX
  8
0
 10
865.79980400
 20
248.07983400
 42
-0.12064500
  0
VERTEX
  8
0
 10
864.16552700
 20
257.43884300
 42
-0.21303800
  0
VERTEX
  8
0
 10
870.68310500
 20
269.74499500
 42
-0.06830900
  0
VERTEX
  8
0
 10
875.85546900
 20
272.75781300
 42
0.07434200
  0
VERTEX
  8
0
 10
879.35620100
 20
268.82824700
 42
0.02189400
  0
VERTEX
  8
0
 10
885.90087900
 20
263.84399400
 42
-0.03050000
  0
VERTEX
  8
0
 10
892.18969700
 20
258.88171400
 42
-0.08507400
  0
VERTEX
  8
0
 10
895.41088800
 20
254.83252000
 42
-0.17976700
  0
VERTEX
  8
0
 10
896.41040000
 20
248.05908200
 42
-0.02403500
  0
VERTEX
  8
0
 10
896.07275400
 20
246.77539100
  0
VERTEX
  8
0
 10
896.22558600
 20
246.72070300
 42
-0.06228200
  0
VERTEX
  8
0
 10
900.33764600
 20
248.37500000
 42
-0.13723400
  0
VERTEX
  8
0
 10
900.96386700
 20
253.82263200
 42
-0.09897400
  0
VERTEX
  8
0
 10
903.98950200
 20
258.39575200
 42
-0.06979400
  0
VERTEX
  8
0
 10
908.87670900
 20
262.10815400
 42
-0.05864000
  0
VERTEX
  8
0
 10
914.89697200
 20
264.60449200
  0
VERTEX
  8
0
 10
915.00000000
 20
264.60644500
  0
VERTEX
  8
0
 10
915.10302700
 20
264.60449200
 42
-0.05864100
  0
VERTEX
  8
0
 10
921.12329100
 20
262.10815400
 42
-0.06978900
  0
VERTEX
  8
0
 10
926.01074200
 20
258.39575200
 42
-0.09899100
  0
VERTEX
  8
0
 10
929.03637700
 20
253.82263200
 42
-0.13723400
  0
VERTEX
  8
0
 10
929.66259700
 20
248.37500000
 42
-0.06228200
  0
VERTEX
  8
0
 10
933.77465800
 20
246.72070300
  0
VERTEX
  8
0
 10
933.92773400
 20
246.77539100
 42
-0.02334800
  0
VERTEX
  8
0
 10
933.59545900
 20
248.03149400
 42
-0.18039000
  0
VERTEX
  8
0
 10
934.58935500
 20
254.83252000
 42
-0.08516500
  0
VERTEX
  8
0
 10
937.81079100
 20
258.88244600
 42
-0.03044900
  0
VERTEX
  8
0
 10
944.09936500
 20
263.84399400
 42
0.02190000
  0
VERTEX
  8
0
 10
950.64428700
 20
268.82849100
 42
0.07433200
  0
VERTEX
  8
0
 10
954.14501900
 20
272.75781300
 42
-0.06833700
  0
VERTEX
  8
0
 10
959.31787100
 20
269.74487300
 42
-0.21310500
  0
VERTEX
  8
0
 10
965.83496100
 20
257.43884300
 42
-0.12059200
  0
VERTEX
  8
0
 10
964.20019500
 20
248.07983400
 42
-0.11737900
  0
VERTEX
  8
0
 10
958.17089800
 20
240.09326200
 42
-0.05671800
  0
VERTEX
  8
0
 10
964.60180600
 20
239.36706600
 42
-0.06864700
  0
VERTEX
  8
0
 10
968.61035100
 20
237.84472700
 42
-0.05691100
  0
VERTEX
  8
0
 10
970.63183600
 20
235.88769500
  0
VERTEX
  8
0
 10
970.84228500
 20
235.88769500
 42
-0.13872600
  0
VERTEX
  8
0
 10
973.71557600
 20
244.44030800
 42
-0.09328400
  0
VERTEX
  8
0
 10
980.09765600
 20
250.81762700
 42
-0.07097200
  0
VERTEX
  8
0
 10
989.22753900
 20
255.31054700
 42
-0.06772600
  0
VERTEX
  8
0
 10
999.77172800
 20
257.23291000
 42
-0.06699600
  0
VERTEX
  8
0
 10
1003.59301700
 20
249.76757800
 42
-0.08476800
  0
VERTEX
  8
0
 10
1004.98242200
 20
241.68273900
 42
-0.21152800
  0
VERTEX
  8
0
 10
999.47631800
 20
229.21411100
 42
-0.03590600
  0
VERTEX
  8
0
 10
997.08349600
 20
227.33300800
 42
-0.05274400
  0
VERTEX
  8
0
 10
999.22192400
 20
226.56420900
 42
-0.21507400
  0
VERTEX
  8
0
 10
1002.86230400
 20
222.21191400
  0
VERTEX
  8
0
 10
1003.17602500
 20
222.21191400
 42
-0.09783100
  0
VERTEX
  8
0
 10
1005.80810500
 20
228.97570800
 42
-0.07621000
  0
VERTEX
  8
0
 10
1011.57739200
 20
235.57714900
 42
-0.05104900
  0
VERTEX
  8
0
 10
1018.87646500
 20
240.55358900
 42
-0.04043500
  0
VERTEX
  8
0
 10
1027.22119100
 20
244.23535200
 42
-0.10635800
  0
VERTEX
  8
0
 10
1033.06713800
 20
234.93408200
 42
-0.14039600
  0
VERTEX
  8
0
 10
1033.79003900
 20
224.66088900
 42
-0.09750100
  0
VERTEX
  8
0
 10
1031.05346700
 20
218.24414100
  0
VERTEX
  8
0
 10
1030.81127900
 20
217.88769500
 42
-0.01539100
  0
VERTEX
  8
0
 10
1035.36376900
 20
218.43554700
 42
-0.10349000
  0
VERTEX
  8
0
 10
1040.38769500
 20
224.79992700
 42
-0.21453400
  0
VERTEX
  8
0
 10
1063.01001000
 20
231.15039100
 42
-0.08583800
  0
VERTEX
  8
0
 10
1063.75341800
 20
223.08789100
 42
-0.07632400
  0
VERTEX
  8
0
 10
1061.89453100
 20
215.20752000
  0
VERTEX
  8
0
 10
1062.45776300
 20
214.53271500
 42
-0.07755000
  0
VERTEX
  8
0
 10
1069.72338800
 20
218.27099600
 42
-0.10564100
  0
VERTEX
  8
0
 10
1086.49926700
 20
220.12280300
 42
-0.05476300
  0
VERTEX
  8
0
 10
1096.87768500
 20
217.91113300
 42
-0.13072100
  0
VERTEX
  8
0
 10
1096.59960900
 20
208.46765100
 42
-0.10777600
  0
VERTEX
  8
0
 10
1092.03613300
 20
200.19531300
 42
-0.05951500
  0
VERTEX
  8
0
 10
1086.87573200
 20
195.54834000
 42
-0.06626300
  0
VERTEX
  8
0
 10
1090.47607400
 20
189.92285200
 42
0.08169000
  0
VERTEX
  8
0
 10
1150.61303700
 20
187.75390600
 42
0.15172100
  0
VERTEX
  8
0
 10
1247.34057600
 20
231.89453100
 42
0.05133400
  0
VERTEX
  8
0
 10
1264.33496100
 20
251.20227100
 42
0.04721600
  0
VERTEX
  8
0
 10
1277.22216800
 20
273.46240200
 42
0.07646900
  0
VERTEX
  8
0
 10
1292.59228500
 20
326.26928700
 42
0.07409200
  0
VERTEX
  8
0
 10
1291.63940400
 20
381.25927700
 42
0.12650100
  0
VERTEX
  8
0
 10
1267.06542900
 20
435.67602500
 42
0.06513800
  0
VERTEX
  8
0
 10
1245.10156200
 20
456.82971200
 42
0.06487300
  0
VERTEX
  8
0
 10
1217.47119100
 20
472.17480500
 42
0.10065100
  0
VERTEX
  8
0
 10
1165.88549800
 20
481.06237800
 42
0.16176400
  0
VERTEX
  8
0
 10
1090.63183600
 20
453.52734400
 42
-0.08834000
  0
VERTEX
  8
0
 10
1080.13134700
 20
439.24475100
 42
-0.09221900
  0
VERTEX
  8
0
 10
1065.27099600
 20
429.57910200
 42
-0.06295900
  0
VERTEX
  8
0
 10
1052.24145500
 20
426.01672400
 42
-0.06168300
  0
VERTEX
  8
0
 10
1031.69946300
 20
425.64892600
 42
-0.08548500
  0
VERTEX
  8
0
 10
996.71142600
 20
435.55419900
  0
VERTEX
  8
0
 10
996.12939400
 20
435.17675800
 42
-0.12071700
  0
VERTEX
  8
0
 10
984.87280300
 20
431.27050800
  0
VERTEX
  8
0
 10
984.87255800
 20
430.35498100
 42
-0.04790000
  0
VERTEX
  8
0
 10
987.67504900
 20
428.47863800
 42
-0.26922200
  0
VERTEX
  8
0
 10
992.07812500
 20
416.75146500
 42
-0.14950600
  0
VERTEX
  8
0
 10
988.61010700
 20
409.81433100
 42
-0.13438900
  0
VERTEX
  8
0
 10
981.20361300
 20
405.34179700
 42
0.01039100
  0
VERTEX
  8
0
 10
980.26586900
 20
406.77600100
 42
0.11654000
  0
VERTEX
  8
0
 10
973.41162100
 20
413.02246100
 42
0.00049200
  0
VERTEX
  8
0
 10
970.51293900
 20
414.62866200
 42
-0.02035300
  0
VERTEX
  8
0
 10
967.22680600
 20
416.62451200
 42
-0.17026100
  0
VERTEX
  8
0
 10
962.73144500
 20
422.57519500
 42
-0.06495800
  0
VERTEX
  8
0
 10
961.83447200
 20
427.50390600
  0
VERTEX
  8
0
 10
961.23144500
 20
427.50390600
 42
-0.06147500
  0
VERTEX
  8
0
 10
959.65820300
 20
425.17834500
 42
-0.04711100
  0
VERTEX
  8
0
 10
957.62109400
 20
423.24609400
 42
-0.06024400
  0
VERTEX
  8
0
 10
952.05688500
 20
422.48046900
  0
VERTEX
  8
0
 10
951.93750000
 20
422.47851600
  0
VERTEX
  8
0
 10
952.05883800
 20
422.35839900
 42
-0.10946300
  0
VERTEX
  8
0
 10
955.93676700
 20
416.34777800
 42
-0.13230700
  0
VERTEX
  8
0
 10
956.53955100
 20
409.80200200
 42
-0.20011700
  0
VERTEX
  8
0
 10
952.14672800
 20
402.89221200
 42
-0.09119200
  0
VERTEX
  8
0
 10
946.26464800
 20
400.21191400
 42
0.07348600
  0
VERTEX
  8
0
 10
944.27221700
 20
403.49939000
 42
0.03261300
  0
VERTEX
  8
0
 10
940.75439400
 20
407.22485400
 42
-0.01041900
  0
VERTEX
  8
0
 10
936.99243100
 20
410.87023900
 42
-0.05201100
  0
VERTEX
  8
0
 10
934.65185500
 20
413.78540000
 42
-0.06228900
  0
VERTEX
  8
0
 10
933.43554700
 20
416.31518600
 42
-0.07932500
  0
VERTEX
  8
0
 10
932.97363300
 20
419.08398400
  0
VERTEX
  8
0
 10
932.31738300
 20
419.08398400
 42
-0.10914800
  0
VERTEX
  8
0
 10
926.98242200
 20
413.40527400
 42
-0.06902200
  0
VERTEX
  8
0
 10
922.45043900
 20
407.75500500
 42
-0.04306300
  0
VERTEX
  8
0
 10
915.31713800
 20
402.09375000
  0
VERTEX
  8
0
 10
915.00000000
 20
401.88378900
  0
SEQEND
  0
ENDSEC
  0
EOF
